building_id,height_m,height_quality,height_valid,confidence,full_plus_code,distance_from_center_m,area_m2,intersects_boundary
06b50000000000277fe3,24.268229166666668,HIGH,1,0.9192000031471252,6P58RR9C+XM5P,0.0,1657.8,False
06b500000000002adf06,5.90625,HIGH,1,0.8054999709129333,6P58RR9C+WRR3,12.1,207.9,False
06b500000000003718df,11.7421875,HIGH,1,0.8076000213623047,6P58RRCC+3MJ4,16.8,302.7,False
06b50000000000321fbe,13.7890625,HIGH,1,0.8176000118255615,6P58RR9C+RPXP,32.4,291.6,False
06b5000000000035294b,22.96875,HIGH,1,0.8125,6P58RRCC+6M55,34.8,612.7,False
06b500000000001829e6,14.8359375,HIGH,1,0.8228999972343445,6P58RR9C+VM43,35.5,415.1,False
06b500000000003447fe,22.0859375,HIGH,1,0.8833000063896179,6P58RRCC+4JWJ,36.5,731.2,False
06b50000000000017a67,11.1171875,HIGH,1,0.7727000117301941,6P58RR9C+VQ5V,36.8,53.2,False
06b500000000001dd7c6,,NO_HEIGHT,0,0.8781999945640564,6P58RRCC+3WF2,39.9,91.0,False
06b50000000000091a25,4.578125,HIGH,1,0.7127000093460083,6P58RR9C+VV3C,45.8,59.2,False
06b50000000000225417,,NO_HEIGHT,0,0.7106999754905701,6P58RRCC+3WW4,50.8,15.6,False
06b50000000000213948,95.375,HIGH,1,0.6847000122070312,6P58RR9C+WHVR,50.9,104.0,False
06b500000000001d2ac8,93.8984375,HIGH,1,0.8454999923706055,6P58RR9C+WH27,52.4,135.1,False
06b500000000000789ef,3.3125,HIGH,1,0.8294000029563904,6P58RR9C+RV7W,53.5,109.9,False
06b50000000000287103,17.5546875,LOW,1,0.9021999835968018,6P58RRCC+3FWG,69.3,180.3,False
06b500000000000fa70b,36.28125,HIGH,1,0.7426000237464905,6P58RRCC+5GGC,71.4,110.4,False
06b500000000001477b3,67.609375,HIGH,1,0.6887000203132629,6P58RRCC+7PRC,72.4,118.7,False
06b500000000001d4070,,NO_HEIGHT,0,0.7896000146865845,6P58RRCC+8V4R,77.3,509.4,False
06b500000000003dedbc,67.5546875,HIGH,1,0.8675000071525574,6P58RRCC+2C3P,77.4,1169.8,False
06b5000000000010e5f0,92.59375,HIGH,1,0.8533999919891357,6P58RRCC+7JP8,78.4,107.5,False
06b500000000003170b6,,NO_HEIGHT,0,0.7820000052452087,6P58RR9C+RGR5,78.8,28.9,False
06b50000000000338f2f,94.4453125,HIGH,1,0.7210999727249146,6P58RRCC+8J69,89.2,72.3,False
06b50000000000008bd0,10.203125,HIGH,1,0.7681000232696533,6P58RRCC+9MX9,95.0,520.6,False
06b500000000000a7c54,,NO_HEIGHT,0,0.7414000034332275,6P58RRCC+8X9P,104.8,26.5,False
06b5000000000031d265,12.921875,HIGH,1,0.7134000062942505,6P58RRCC+CH78,105.3,526.2,False
06b5000000000020261a,7.7578125,HIGH,1,0.6735000014305115,6P58RRCC+CQ8J,109.1,146.8,False
06b5000000000032056a,76.4609375,HIGH,1,0.843999981880188,6P58RRCC+8C3V,112.3,378.9,False
06b50000000000285ae6,,NO_HEIGHT,0,0.8126999735832214,6P58RR9C+V922,115.4,43.9,False
06b500000000003c8e6f,6.8515625,HIGH,1,0.8525000214576721,6P58RRCC+CVV4,118.8,183.9,False
06b500000000000b4dd9,7.671875,HIGH,1,0.6796000003814697,6P58RRCC+FQQ2,124.8,514.3,False
06b500000000000d8f87,47.6328125,LOW_RELAXED,1,0.6636999845504761,6P58RR9C+R8P2,125.0,31.5,False
06b500000000003c24d6,,NO_HEIGHT,0,0.704200029373169,6P58RR9C+R83W,128.6,31.1,False
06b500000000000090b2,17.96875,HIGH,1,0.7506999969482422,6P58RR9C+GHW9,128.7,186.6,False
06b5000000000019fe9a,77.078125,HIGH,1,0.6872000098228455,6P58RR9C+V7MV,130.6,146.4,False
06b5000000000008421e,,NO_HEIGHT,0,0.7303000092506409,6P58RRCF+37CC,134.7,28.2,False
06b500000000003e5567,32.38690526944065,HIGH,1,0.9222999811172485,6P58RRCC+JFQP,139.3,2342.3,False
06b50000000000131640,29.671875,HIGH,1,0.8442000150680542,6P58RRCC+CCPJ,141.1,184.1,False
06b5000000000024413d,52.5546875,HIGH,1,0.7627999782562256,6P58RR9C+X6M2,141.9,99.6,False
06b5000000000012c003,10.2734375,HIGH,1,0.6647999882698059,6P58RRCC+HQJ3,143.3,665.6,False
06b500000000001784c0,68.9140625,HIGH,1,0.7283999919891357,6P58RR9C+GGC2,144.0,95.6,False
06b5000000000018ea22,,NO_HEIGHT,0,0.7271999716758728,6P58RR9C+P7H5,144.2,35.3,False
06b500000000002d4366,2.7421875,HIGH,1,0.8745999932289124,6P58RRCC+HWGW,146.9,859.7,False
06b500000000001bea13,,NO_HEIGHT,0,0.7749000191688538,6P58RR9C+M852,148.1,27.1,False
06b5000000000001d708,13.090625,HIGH,1,0.9110999703407288,6P58RR9C+7WR3,148.5,4206.1,False
06b5000000000033a441,,NO_HEIGHT,0,0.6796000003814697,6P58RRCC+35H3,152.2,97.9,False
06b500000000003e5895,65.06344696969697,HIGH,1,0.8762000203132629,6P58RRCC+H94P,155.6,1684.9,False
06b500000000002306ff,,NO_HEIGHT,0,0.6694999933242798,6P58RRCC+25F4,159.7,20.8,False
06b500000000003d85f9,,NO_HEIGHT,0,0.7567999958992004,6P58RR9F+H5X3,162.6,59.1,False
06b5000000000035aad6,13.1484375,HIGH,1,0.8259999752044678,6P58RRCC+JMPF,168.2,107.1,False
06b50000000000103cb0,25.59375,HIGH,1,0.7271999716758728,6P58RR9C+H7CR,174.8,158.8,False
06b500000000001a0107,5.9765625,HIGH,1,0.6571999788284302,6P58RR9C+7PGF,178.8,691.7,False
06b5000000000020454b,10.7421875,HIGH,1,0.885699987411499,6P58RRCC+MPFC,180.1,322.0,False
06b50000000000186e6b,57.734375,HIGH,1,0.7577000260353088,6P58RRCC+JCF4,182.0,234.5,False
06b50000000000214ecc,4.4296875,HIGH,1,0.8212000131607056,6P58RRCC+PQ3R,188.9,321.2,False
06b500000000003a1b4c,,NO_HEIGHT,0,0.6733999848365784,6P58RRCF+6CFM,190.0,8.3,False
06b500000000003414a0,33.06203125,HIGH,1,0.7505000233650208,6P58RR9C+G47H,190.1,2004.3,False
06b500000000003f891a,4.8515625,HIGH,1,0.8410000205039978,6P58RRCC+PM79,190.3,142.7,False
06b50000000000156292,,NO_HEIGHT,0,0.6952999830245972,6P58RRCF+6CFH,191.7,7.6,False
06b50000000000042c96,12.700605787327477,HIGH,1,0.8819000124931335,6P58RR9F+F9HX,192.0,2362.5,False
06b5000000000008953e,9.125,HIGH,1,0.7390000224113464,6P58RRCC+PJ9C,192.2,77.5,False
06b5000000000002302e,,NO_HEIGHT,0,0.6934000253677368,6P58RRCC+F5QP,201.5,24.2,False
06b500000000003ccb4b,13.203125,HIGH,1,0.9023000001907349,6P58RRCC+QQ2C,201.7,191.7,False
06b5000000000032ad23,13.734375,HIGH,1,0.8779000043869019,6P58RRCC+QM4J,202.5,172.9,False
06b5000000000034536e,7.2578125,HIGH,1,0.7360000014305115,6P58RRCC+QW59,202.7,382.0,False
06b5000000000021475d,5.140625,MEDIUM,1,0.7803999781608582,6P58RRCF+G8JF,204.8,56.9,False
06b50000000000288306,2.84375,LOW_RELAXED,1,0.7943000197410583,6P58RRCC+F5VC,206.6,95.6,False
06b500000000000c692a,,NO_HEIGHT,0,0.7290999889373779,6P58RR9C+P2QR,207.0,53.3,False
06b5000000000037bcf1,7.4453125,HIGH,1,0.800599992275238,6P58RRCC+93P4,207.4,118.5,False
06b5000000000027e644,24.875,MEDIUM,1,0.7211999893188477,6P58RRCC+QH3J,208.2,71.4,False
06b50000000000384aa3,7.6875,HIGH,1,0.8465999960899353,6P58RRCC+C3HH,209.5,160.9,False
06b500000000000ec736,22.6875,HIGH,1,0.9491999745368958,6P58RR99+XWQV,209.8,897.1,False
06b50000000000196173,,NO_HEIGHT,0,0.6822999715805054,6P58RRCF+H7VJ,209.8,41.6,False
06b50000000000029924,12.015625,HIGH,1,0.6665999889373779,6P58RR9C+6RJ5,212.8,24.6,False
06b500000000003ca564,22.953125,HIGH,1,0.67330002784729,6P58RRC9+3X8J,212.9,34.0,False
06b500000000003c67ed,9.0,HIGH,1,0.7858999967575073,6P58RRCC+QF2W,213.1,355.0,False
06b5000000000036ea7f,,NO_HEIGHT,0,0.7397000193595886,6P58RR9F+85P4,214.5,62.4,False
06b500000000001bd308,6.4296875,MEDIUM,1,0.6826000213623047,6P58RRCC+G5WJ,214.7,43.7,False
06b5000000000008c0b9,2.8203125,LOW_RELAXED,1,0.6622999906539917,6P58RRCF+J76X,217.2,11.8,False
06b500000000000f62b4,9.1796875,HIGH,1,0.8274999856948853,6P58RRCC+RM38,217.9,108.0,False
06b50000000000396d14,4.46875,LOW,1,0.6783000230789185,6P58RRCF+H7X9,218.3,11.3,False
06b500000000000ae9d1,6.5625,MEDIUM,1,0.6690999865531921,6P58RRCC+H5QJ,219.4,54.6,False
06b500000000001ee402,7.9609375,MEDIUM,1,0.7465000152587891,6P58RRCC+93R6,219.5,52.2,False
06b500000000003bacbc,94.17803772138964,HIGH,1,0.8281999826431274,6P58RR9C+689M,219.9,3478.9,False
06b500000000001cc623,6.09375,HIGH,1,0.8532000184059143,6P58RRCC+C3MR,221.1,102.3,False
06b500000000003e293d,32.84375,HIGH,1,0.8198999762535095,6P58RRCC+RJJC,222.4,238.3,False
06b5000000000002313a,31.25,HIGH,1,0.916700005531311,6P58RRCC+RFPC,222.6,1300.0,False
06b50000000000089140,12.39453125,HIGH,1,0.95169997215271,6P58RRCC+VP68,222.7,1099.9,False
06b50000000000110c93,5.25,HIGH,1,0.758400022983551,6P58RRCC+RX6C,225.3,78.5,False
06b500000000000f0d84,5.109375,HIGH,1,0.8381999731063843,6P58RRCC+C282,226.0,106.9,False
06b50000000000307585,1.9609375,LOW_RELAXED,1,0.7099000215530396,6P58RRCF+7GHJ,226.8,7.5,False
06b50000000000308fc5,6.265625,LOW,1,0.6696000099182129,6P58RRC9+8X83,227.0,31.1,False
06b500000000001acaf6,4.2578125,LOW_RELAXED,1,0.8299000263214111,6P58RRCF+GCJM,227.4,32.1,False
06b50000000000323f99,44.15625,HIGH,1,0.7129999995231628,6P58RRC9+6WM8,227.7,398.8,False
06b50000000000172fb6,2.4296875,LOW,1,0.6596999764442444,6P58RRCF+7HJR,228.4,27.0,False
06b5000000000019ef58,9.046874999999998,HIGH,1,0.8391000032424927,6P58RRC9+MX45,229.4,2613.3,False
06b50000000000260e76,2.8359375,LOW,1,0.6995999813079834,6P58RRCC+G3F5,229.4,147.1,False
06b500000000002ad97b,13.265625,MEDIUM,1,0.6714000105857849,6P58RRC9+7XRP,230.9,45.2,False
06b500000000002cc459,1.9609375,LOW_RELAXED,1,0.6669999957084656,6P58RRCF+7H3R,231.2,16.2,False
06b5000000000002198d,39.7265625,HIGH,1,0.8859999775886536,6P58RR9F+89C5,232.9,637.9,False
06b5000000000011f9ce,4.4375,HIGH,1,0.7056999802589417,6P58RRC9+CXX5,235.3,209.3,False
06b5000000000023d7e4,3.234375,LOW_RELAXED,1,0.6524999737739563,6P58RRCF+P756,238.9,21.3,False
06b50000000000352020,17.6484375,HIGH,1,0.914900004863739,6P58RRC9+8WMV,239.8,678.3,False
06b500000000000f3f79,3.609375,LOW_RELAXED,1,0.7910000085830688,6P58RRCF+P7G9,242.8,25.9,False
06b500000000002e6da0,3.796875,HIGH,1,0.794700026512146,6P58RRC9+FX37,245.3,217.6,False
06b500000000003a859f,42.34375,HIGH,1,0.7325999736785889,6P58RRCC+R8PQ,245.5,328.9,False
06b50000000000241725,5.203125,LOW,1,0.7720000147819519,6P58RR99+WVJ6,246.1,70.8,False
06b500000000003b9c57,4.484375,HIGH,1,0.6777999997138977,6P58RRCC+G2V9,246.4,79.3,False
06b5000000000025646c,16.640625,HIGH,1,0.870199978351593,6P58RRC9+5RG5,246.6,369.9,False
06b500000000004002cb,2.1796875,LOW,1,0.7002999782562256,6P58RRCF+8J7C,247.7,22.2,False
06b50000000000363c82,,NO_HEIGHT,0,0.7577000260353088,6P58RRCF+JC9P,248.1,85.2,False
06b5000000000031223c,2.75,LOW,1,0.6935999989509583,6P58RR9F+JHX4,250.4,15.0,False
06b500000000001d0341,42.606770833333336,HIGH,1,0.8482999801635742,6P58RR9F+FJC5,250.4,1980.0,False
06b500000000000c778b,4.109375,HIGH,1,0.7379999756813049,6P58RR9C+3VV3,250.7,27.8,False
06b50000000000050dab,5.9140625,MEDIUM,1,0.8317999839782715,6P58RR9F+67WP,251.5,25.6,False
06b500000000002e01e0,20.1171875,HIGH,1,0.8027999997138977,6P58RR99+GXFJ,251.9,37.3,False
06b5000000000022c977,2.75,LOW,1,0.7376000285148621,6P58RR9F+JJRG,252.2,33.2,False
06b500000000001dc0c6,10.125,HIGH,1,0.8901000022888184,6P58RRC9+3R23,253.0,244.4,False
06b500000000001dd4ce,7.75,MEDIUM,1,0.7440000176429749,6P58RRC9+2R77,253.1,58.6,False
06b50000000000094768,,NO_HEIGHT,0,0.6525999903678894,6P58RRCF+Q797,253.6,15.1,False
06b500000000002efeb4,,NO_HEIGHT,0,0.6517000198364258,6P58RRCF+JCQR,253.7,29.3,False
06b500000000003ed7d9,,NO_HEIGHT,0,0.6665999889373779,6P58RR9F+55GR,253.9,16.2,False
06b500000000001d599e,4.2578125,HIGH,1,0.7817000150680542,6P58RRCC+H22V,254.3,58.1,False
06b500000000003219b4,47.734375,HIGH,1,0.7774999737739563,6P58RRC9+6VR3,254.9,75.6,False
06b500000000001d554a,22.2890625,HIGH,1,0.722000002861023,6P58RR99+GWPG,256.0,75.2,False
06b500000000001a9266,2.5859375,HIGH,1,0.7432000041007996,6P58RR9C+3W8W,256.3,226.9,False
06b500000000002a73a1,22.890625,HIGH,1,0.7372000217437744,6P58RR99+MRXV,257.3,163.3,False
06b50000000000281219,,NO_HEIGHT,0,0.6888999938964844,6P58RRCF+Q8CG,257.9,27.0,False
06b500000000001d6c29,40.64704449152543,HIGH,1,0.6553000211715698,6P58RR99+JQF5,258.0,1755.6,False
06b50000000000305ddd,71.8984375,HIGH,1,0.7735000252723694,6P58RR9F+8FJF,259.3,137.4,False
06b50000000000148663,4.0390625,HIGH,1,0.7612000107765198,6P58RRC9+HX8C,260.6,87.1,False
06b5000000000008985f,17.609375,HIGH,1,0.9241999983787537,6P58RRC9+9QP8,260.9,1139.3,False
06b5000000000004b049,66.171875,MEDIUM,1,0.7861999869346619,6P58RR9C+2JVQ,261.0,198.1,False
06b5000000000025d3fc,6.5859375,HIGH,1,0.8440999984741211,6P58RRC9+FVQV,261.3,448.4,False
06b50000000000261197,3.5078125,HIGH,1,0.694599986076355,6P58RR9C+2W7Q,261.5,440.8,False
06b50000000000238b43,57.8203125,MEDIUM,1,0.666100025177002,6P58RRCC+M3XM,262.1,26.5,False
06b500000000003b7b0b,7.203125,HIGH,1,0.8830999732017517,6P58RR9F+58CW,262.5,232.7,False
06b50000000000330889,,NO_HEIGHT,0,0.6678000092506409,6P58RRCF+9MC4,264.8,24.8,False
06b5000000000028d13b,65.8203125,HIGH,1,0.7730000019073486,6P58RRC9+7Q2P,265.6,373.1,False
06b5000000000029bf03,23.375,HIGH,1,0.9065999984741211,6P58RRC9+6PF4,267.1,890.3,False
06b500000000002a0257,8.71875,MEDIUM,1,0.6711999773979187,6P58RR9F+8F3C,267.1,109.3,False
06b5000000000020729a,70.5078125,HIGH,1,0.8640000224113464,6P58RRCC+P3M6,267.7,333.4,False
06b5000000000035e4dc,3.796875,MEDIUM,1,0.6895999908447266,6P58RRC9+HXC6,268.5,45.4,False
06b50000000000352649,,NO_HEIGHT,0,0.7524999976158142,6P58RRCF+CM6V,268.7,38.2,False
06b5000000000007f883,11.2890625,HIGH,1,0.8052999973297119,6P58RRC9+3QV4,269.4,56.2,False
06b500000000003b0663,9.140625,LOW,1,0.6717000007629395,6P58RRCC+XC72,272.0,57.3,False
06b5000000000020f11d,4.59375,HIGH,1,0.7479000091552734,6P58RRCF+3QM6,272.1,137.3,False
06b500000000003def5c,73.609375,HIGH,1,0.8745999932289124,6P58RR9C+276W,272.4,2235.8,False
06b5000000000009fc46,3.984375,HIGH,1,0.782800018787384,6P58RRC9+HWP7,274.5,66.5,False
06b5000000000015c67e,11.6640625,HIGH,1,0.828499972820282,6P58RRC9+4P89,277.0,127.5,False
06b500000000002fb63f,2.28125,LOW,1,0.8014000058174133,6P58RRC9+2PP5,277.3,85.2,False
06b50000000000196a15,10.8984375,HIGH,1,0.9027000069618225,6P58RRFC+2PW7,279.1,254.5,False
06b500000000002ecd62,3.6328125,LOW_RELAXED,1,0.7296000123023987,6P58RRFC+2X7G,279.7,86.0,False
06b5000000000011b003,58.2578125,HIGH,1,0.864300012588501,6P58RRC9+QXFQ,281.7,980.1,False
06b500000000001a2713,8.0625,HIGH,1,0.8615999817848206,6P58RRFC+3V6F,282.0,727.9,False
06b5000000000006fbf5,4.1953125,HIGH,1,0.8337000012397766,6P58RRCF+5V63,282.6,1004.0,False
06b5000000000016cc91,10.15625,HIGH,1,0.902899980545044,6P58RR9F+5F9G,282.7,1346.6,False
06b5000000000008f8bd,7.8984375,HIGH,1,0.8483999967575073,6P58RRFC+2JWV,283.1,344.7,False
06b5000000000004bc78,,NO_HEIGHT,0,0.7759000062942505,6P58RRCF+CPCM,283.4,21.5,False
06b5000000000020a621,6.0546875,MEDIUM,1,0.7439000010490417,6P58RRC9+FRPF,284.1,50.6,False
06b500000000000fa42a,57.9765625,HIGH,1,0.8723000288009644,6P58RRCC+V42X,284.2,311.3,False
06b500000000000c0110,7.5078125,HIGH,1,0.8334000110626221,6P58RRC9+GRCJ,284.6,461.2,False
06b500000000002f4cd0,7.7265625,HIGH,1,0.692799985408783,6P58RRC9+HR54,286.2,70.1,False
06b5000000000010690e,3.3359375,HIGH,1,0.6958000063896179,6P58RRC9+JV38,286.8,156.1,False
06b50000000000039bc0,4.28125,HIGH,1,0.7789999842643738,6P58RR8C+XV3R,288.2,68.4,False
06b500000000000cb3f8,2.078125,LOW_RELAXED,1,0.7498999834060669,6P58RRCF+GMW6,288.7,71.0,False
06b50000000000118eb4,12.15625,HIGH,1,0.8102999925613403,6P58RR9F+7G8C,288.8,84.7,False
06b500000000000ef7d9,3.9765625,MEDIUM,1,0.7261999845504761,6P58RRC9+3M95,289.5,48.8,False
06b500000000000d7bfb,25.0,HIGH,1,0.8026000261306763,6P58RR9F+8H4F,289.5,197.3,False
06b50000000000395ebd,3.2421875,LOW,1,0.6852999925613403,6P58RRC9+2MGH,290.3,64.1,False
06b5000000000014364b,60.953125,HIGH,1,0.8019000291824341,6P58RRC9+7PWQ,290.9,32.6,False
06b500000000003ddcd2,10.9453125,LOW,1,0.6765000224113464,6P58RRC9+FRJ2,292.3,36.8,False
06b500000000002f7267,12.15625,HIGH,1,0.9168999791145325,6P58RRFC+5FQM,293.0,1667.2,False
06b500000000003e2ed4,11.5234375,HIGH,1,0.7753000259399414,6P58RRFC+3PPW,293.4,222.9,False
06b50000000000397be5,9.2265625,HIGH,1,0.9189000129699707,6P58RRFC+3CF5,293.9,319.2,False
06b500000000001eb5b2,6.828125,HIGH,1,0.9132000207901001,6P58RRC9+4M7W,294.6,225.0,False
06b50000000000136912,20.8203125,HIGH,1,0.8748000264167786,6P58RR9F+38X2,294.6,64.1,False
06b50000000000238049,,NO_HEIGHT,0,0.8395000100135803,6P58RR8F+X35M,295.3,75.4,False
06b5000000000036877d,50.0625,HIGH,1,0.9023000001907349,6P58RR8F+X7WR,295.7,513.3,False
06b500000000002945d3,4.3515625,HIGH,1,0.8978000283241272,6P58RRCF+5RX7,296.5,133.2,False
06b5000000000018d502,41.3515625,HIGH,1,0.7527999877929688,6P58RRC9+8P3R,296.9,47.5,False
06b500000000003dc193,51.296875,HIGH,1,0.6990000009536743,6P58RRCC+V3R9,297.5,477.5,False
06b500000000000488bb,,NO_HEIGHT,0,0.7921000123023987,6P58RR8F+X46G,297.5,58.1,False
06b50000000000138ea0,,NO_HEIGHT,0,0.7566999793052673,6P58RRCF+W8V3,297.8,24.4,False
06b50000000000109843,18.984375,HIGH,1,0.6843000054359436,6P58RRFC+279W,300.3,106.5,False
06b50000000000081c01,6.53125,HIGH,1,0.7853999733924866,6P58RRC9+3JHQ,302.0,58.0,False
06b50000000000350abb,6.046875,HIGH,1,0.8478000164031982,6P58RRC9+2JX6,302.1,146.2,False
06b500000000001b1fa8,4.609375,LOW,1,0.7778000235557556,6P58RRCF+2VG6,303.6,23.5,False
06b5000000000025c0d7,45.1796875,LOW,1,0.7840999960899353,6P58RR99+CQMR,304.1,275.9,False
06b5000000000018b6f9,24.1640625,MEDIUM,1,0.8357999920845032,6P58RR9F+CPVH,304.3,43.1,False
06b50000000000101ff9,4.796875,HIGH,1,0.8650000095367432,6P58RRCF+2VW6,304.3,76.7,False
06b500000000001b1bf1,7.7578125,MEDIUM,1,0.817799985408783,6P58RRFC+39G8,306.0,68.2,False
06b50000000000242624,53.4921875,HIGH,1,0.6507999897003174,6P58RR8F+X8WV,306.0,284.3,False
06b50000000000070192,3.390625,HIGH,1,0.7949000000953674,6P58RRCF+7RX6,307.3,13.6,False
06b5000000000017576c,35.359375,HIGH,1,0.9020000100135803,6P58RRFC+35FC,308.9,1198.6,False
06b50000000000305e43,7.046875,LOW,1,0.7081999778747559,6P58RRC9+JRF6,309.1,30.6,False
06b5000000000023a799,18.984375,LOW,1,0.6861000061035156,6P58RRFC+28JW,309.4,11.9,False
06b5000000000027f350,8.65625,HIGH,1,0.7904999852180481,6P58RRC9+7JXF,309.7,283.7,False
06b5000000000025581a,5.3203125,HIGH,1,0.6883000135421753,6P58RRCF+4W63,310.6,154.2,False
06b5000000000031e43b,3.5625,HIGH,1,0.6710000038146973,6P58RRCF+3V9F,311.7,23.8,False
06b500000000003a37b5,2.828125,MEDIUM,1,0.7976999878883362,6P58RR99+XJV6,311.8,73.7,False
06b500000000003b3374,9.7578125,HIGH,1,0.8138999938964844,6P58RR9F+7MCF,312.7,69.9,False
06b50000000000352bde,6.883246527777778,HIGH,1,0.8755999803543091,6P58RRFC+6VJG,313.7,916.7,False
06b500000000002da31f,6.2109375,HIGH,1,0.883899986743927,6P58RRFC+5J4Q,313.8,92.4,False
06b500000000001a3e42,3.8046875,LOW,1,0.7646999955177307,6P58RRCF+3W28,313.9,60.0,False
06b500000000003db2a2,3.4296875,HIGH,1,0.6721000075340271,6P58RRFC+5W29,315.0,38.4,False
06b500000000001e6797,6.3828125,HIGH,1,0.7893999814987183,6P58RRFC+39RG,315.4,59.8,False
06b50000000000067d33,3.09375,HIGH,1,0.7857000231742859,6P58RRC9+2HXG,315.7,98.1,False
06b50000000000386286,,NO_HEIGHT,0,0.785099983215332,6P58RR9F+JR9M,316.1,23.0,False
06b500000000000724fb,69.09375,HIGH,1,0.921500027179718,6P58RRC9+WX88,316.8,380.8,False
06b50000000000380a59,5.3515625,HIGH,1,0.8072999715805054,6P58RRFC+49H6,317.5,79.8,False
06b500000000001146c8,15.162109375,HIGH,1,0.8136000037193298,6P58RR99+PGWW,317.6,2381.7,False
06b50000000000183360,,NO_HEIGHT,0,0.6554999947547913,6P58RR8F+V4R9,318.5,43.1,False
06b500000000002bd557,8.34375,HIGH,1,0.9057000279426575,6P58RRFC+5C8J,319.8,296.9,False
06b500000000002b4526,3.0625,LOW,1,0.8726000189781189,6P58RRC9+2H4F,320.3,76.7,False
06b500000000000a4c9f,2.796875,MEDIUM,1,0.8291000127792358,6P58RRCF+8V58,321.5,29.3,False
06b5000000000035543b,4.4375,HIGH,1,0.8996999859809875,6P58RRC9+GM42,322.2,112.8,False
06b500000000001d64f5,8.734375,HIGH,1,0.777400016784668,6P58RR9F+6MJ5,323.7,61.4,False
06b5000000000032adc9,3.0078125,HIGH,1,0.7840999960899353,6P58RRCF+2XR7,323.9,246.7,False
06b5000000000014f4be,9.015625,HIGH,1,0.8788999915122986,6P58RRC9+RVPR,324.4,404.8,False
06b500000000002cfe9e,9.7578125,HIGH,1,0.6561999917030334,6P58RR9F+7MHM,324.6,24.5,False
06b500000000002eac91,42.28125,HIGH,1,0.8754000067710876,6P58RR99+7HF2,325.8,4642.0,False
06b5000000000025e573,12.65625,HIGH,1,0.8319000005722046,6P58RRFC+23H7,326.4,204.9,False
06b500000000000eded2,8.7734375,HIGH,1,0.9103000164031982,6P58RR9F+6PJ9,327.4,272.6,False
06b500000000000230cf,6.6015625,HIGH,1,0.8615999817848206,6P58RRC9+6G88,327.6,306.4,False
06b500000000001b0c90,6.9296875,MEDIUM,1,0.7123000025749207,6P58RRC9+QRXJ,329.5,76.1,False
06b500000000003b356a,5.3125,HIGH,1,0.9138000011444092,6P58RRC9+5GF7,329.9,420.2,False
06b5000000000017b391,4.15625,MEDIUM,1,0.7889999747276306,6P58RRCF+6WHW,330.0,42.8,False
06b5000000000030c087,3.296875,HIGH,1,0.762499988079071,6P58RRC9+8H3F,330.3,395.3,False
06b5000000000034e77a,17.421875,LOW,1,0.7103999853134155,6P58RR99+GJX6,330.9,28.0,False
06b500000000002a17f7,4.703125,HIGH,1,0.7250000238418579,6P58RRFC+593P,330.9,34.5,False
06b500000000000bd397,7.96875,HIGH,1,0.73580002784729,6P58RRFC+6PFP,331.9,109.7,False
06b500000000000f6164,2.359375,HIGH,1,0.7583000063896179,6P58RRC9+2GH2,332.5,62.3,False
06b500000000002e0322,24.4375,MEDIUM,1,0.6751999855041504,6P58RR8F+W8MH,333.0,9.0,False
06b500000000003a24da,3.390625,HIGH,1,0.7229999899864197,6P58RRC9+6HR9,333.1,42.3,False
06b500000000000ed0fe,2.9921875,LOW,1,0.722599983215332,6P58RR99+XGX6,333.4,34.2,False
06b50000000000291851,31.921875,HIGH,1,0.9279999732971191,6P58RR8F+V75H,333.8,494.7,False
06b500000000001cae71,31.2265625,HIGH,1,0.7233999967575073,6P58RR8F+W8G7,334.0,54.2,False
06b500000000000e2a37,4.3359375,HIGH,1,0.7616000175476074,6P58RR9F+3G9Q,334.1,58.1,False
06b500000000002c5f97,15.1953125,LOW_RELAXED,1,0.6801999807357788,6P58RR8C+V6WG,335.1,123.2,False
06b500000000001cc466,8.984375,LOW,1,0.8086000084877014,6P58RR99+HJ3C,335.3,40.9,False
06b5000000000009d05c,11.875,HIGH,1,0.7682999968528748,6P58RR9F+5PRF,335.7,146.3,False
06b5000000000025aef9,,NO_HEIGHT,0,0.7120000123977661,6P58RRC9+WWHW,336.4,36.2,False
06b5000000000022522f,5.375,HIGH,1,0.8664000034332275,6P58RRC9+4FHM,336.7,412.1,False
06b500000000002e5a83,12.359375,HIGH,1,0.8597000241279602,6P58RR9F+5P2G,337.2,396.1,False
06b500000000003f816d,4.328125,LOW,1,0.7793999910354614,6P58RRCF+6X8G,337.4,74.6,False
06b5000000000035f161,9.5703125,LOW,1,0.7402999997138977,6P58RRC9+WW7M,338.0,33.3,False
06b500000000001e94b3,60.4453125,LOW,1,0.7904999852180481,6P58RR9F+CVJ7,338.8,32.0,False
06b50000000000028da6,3.09375,HIGH,1,0.7710000276565552,6P58RRCG+22M4,339.9,186.4,False
06b5000000000002dbd0,3.875,HIGH,1,0.8468000292778015,6P58RRCG+32P8,340.2,350.7,False
06b50000000000197d9a,2.9921875,HIGH,1,0.8047000169754028,6P58RRC9+2GC5,340.4,56.9,False
06b500000000002fae3e,2.9921875,LOW,1,0.6833000183105469,6P58RR99+XGMV,341.5,11.0,False
06b5000000000037d1f2,11.9296875,HIGH,1,0.6841999888420105,6P58RRFC+22QP,342.0,37.5,False
06b500000000001c62a2,2.34375,LOW,1,0.8270999789237976,6P58RRCF+8X7P,342.1,30.5,False
06b5000000000026cd64,40.2578125,HIGH,1,0.8410999774932861,6P58RR99+4VC3,342.4,90.2,False
06b500000000003df0ec,2.34375,LOW,1,0.7336999773979187,6P58RRCF+7XV8,342.6,12.7,False
06b50000000000391007,46.875,LOW,1,0.7365000247955322,6P58RR9F+9VJH,343.1,96.5,False
06b5000000000022a3cb,11.5,HIGH,1,0.9047999978065491,6P58RR99+HFHC,344.5,585.1,False
06b500000000003ebd9b,4.9609375,HIGH,1,0.8148999810218811,6P58RRFC+55P2,345.1,389.2,False
06b500000000000e404a,,NO_HEIGHT,0,0.7128000259399414,6P58RRFF+62Q5,345.3,23.6,False
06b5000000000037c92d,5.46875,HIGH,1,0.859000027179718,6P58RRFC+7JP5,345.5,487.3,False
06b5000000000037b39a,3.5,HIGH,1,0.7060999870300293,6P58RRC9+2FP9,345.6,107.6,False
06b500000000002a1146,4.28125,HIGH,1,0.8913999795913696,6P58RRFC+69X3,345.9,183.9,False
06b50000000000317030,4.0859375,LOW,1,0.659500002861023,6P58RRFC+7H4F,346.7,13.1,False
06b500000000001bc7b3,7.265625,HIGH,1,0.9126999974250793,6P58RRFC+7PP8,347.3,193.2,False
06b50000000000003c8c,4.7890625,LOW,1,0.7591999769210815,6P58RRFC+22JX,347.4,74.6,False
06b50000000000152e1d,3.671875,HIGH,1,0.7196999788284302,6P58RRCG+42M8,347.4,31.2,False
06b50000000000048c9c,56.6328125,HIGH,1,0.866100013256073,6P58RR9F+9WMM,347.9,465.8,False
06b500000000001fe490,,NO_HEIGHT,0,0.6923999786376953,6P58RRFF+62VX,349.9,7.1,False
06b5000000000008d356,,NO_HEIGHT,0,0.7419999837875366,6P58RRFF+7247,351.3,6.2,False
06b5000000000023b058,3.453125,LOW,1,0.7677000164985657,6P58RRC9+2F72,351.7,42.3,False
06b500000000002d8488,3.5,HIGH,1,0.7124999761581421,6P58RRCG+72H6,351.8,106.6,False
06b500000000002037fd,81.62109375,HIGH,1,0.8464000225067139,6P58RR9F+7W7W,352.6,1810.7,False
06b5000000000021cb4a,,NO_HEIGHT,0,0.7303000092506409,6P58RRFF+57GR,352.9,8.2,False
06b500000000000a1f53,7.0,HIGH,1,0.7875999808311462,6P58RR99+RCWH,352.9,296.9,False
06b5000000000036fc2f,4.21875,HIGH,1,0.7914000153541565,6P58RRCG+62X9,353.0,133.9,False
06b500000000001a98ba,3.6640625,HIGH,1,0.7735000252723694,6P58RRCG+52G8,353.6,20.4,False
06b5000000000023238d,4.0,HIGH,1,0.7487000226974487,6P58RRCG+42X9,353.6,62.7,False
06b5000000000031a677,6.78125,LOW,1,0.7360000014305115,6P58RRF9+2XW3,353.8,31.6,False
06b500000000002a90cf,2.953125,MEDIUM,1,0.664900004863739,6P58RRCG+52WG,355.0,8.6,False
06b500000000000f8689,2.953125,HIGH,1,0.7804999947547913,6P58RRCG+6285,355.0,27.3,False
06b50000000000089f20,4.7890625,HIGH,1,0.8112000226974487,6P58RRFC+32J3,355.3,147.1,False
06b5000000000037b872,6.0703125,HIGH,1,0.9045000076293945,6P58RRC9+3C39,356.1,307.7,False
06b5000000000013f33b,5.0078125,HIGH,1,0.8902999758720398,6P58RRCG+43WJ,356.8,274.9,False
06b500000000002185bd,47.2421875,HIGH,1,0.6535999774932861,6P58RR8F+XHXJ,356.9,48.8,False
06b50000000000164ab0,39.2890625,HIGH,1,0.9235000014305115,6P58RRFC+87M8,359.9,1992.0,False
06b5000000000021db0b,4.78125,HIGH,1,0.7771999835968018,6P58RRCG+53MC,360.8,35.9,False
06b500000000000dbf65,,NO_HEIGHT,0,0.9017000198364258,6P58RRC9+QHG3,362.0,1432.2,False
06b500000000001a9ca7,2.984375,LOW,1,0.6554999947547913,6P58RRFF+4F5R,362.4,24.1,False
06b5000000000014128c,10.507360537190083,HIGH,1,0.9254999756813049,6P58RRFC+9P4G,362.9,2148.5,False
06b50000000000061736,11.280548878205128,HIGH,1,0.8977000117301941,6P58RRFC+CHP6,364.1,4012.2,False
06b500000000001c22a5,4.2421875,MEDIUM,1,0.7056999802589417,6P58RRC9+5CX7,364.2,28.2,False
06b500000000001abd3d,6.7421875,HIGH,1,0.6636999845504761,6P58RR99+QC7M,365.0,371.9,False
06b50000000000027c22,4.2109375,LOW,1,0.7526999711990356,6P58RRFC+79MW,365.1,55.3,False
06b500000000001dc95f,43.3125,HIGH,1,0.656000018119812,6P58RR9G+H2VP,365.2,15.2,False
06b5000000000030f28a,14.5859375,MEDIUM,1,0.8449000120162964,6P58RR9G+J2X5,365.5,61.6,False
06b500000000002dfe93,6.6171875,HIGH,1,0.829200029373169,6P58RRFC+42XW,366.4,69.8,False
06b500000000002dfad3,3.484375,HIGH,1,0.7146999835968018,6P58RRCG+443W,366.7,243.0,False
06b500000000001349f5,3.5703125,HIGH,1,0.7347000241279602,6P58RRCG+73V7,367.6,23.1,False
06b50000000000347b24,12.7578125,HIGH,1,0.7924000024795532,6P58RR99+FG6W,367.8,137.9,False
06b5000000000039b0cf,5.7109375,MEDIUM,1,0.774399995803833,6P58RRCG+63HV,370.1,41.6,False
06b5000000000010f819,4.1171875,HIGH,1,0.6626999974250793,6P58RRCG+73GJ,370.2,11.1,False
06b500000000002e8fa0,3.484375,LOW,1,0.7042999863624573,6P58RRFF+68H7,370.7,18.3,False
06b500000000001e4bda,4.265625,HIGH,1,0.7717999815940857,6P58RRC9+4C2R,371.6,44.8,False
06b50000000000307a16,6.2421875,MEDIUM,1,0.8021000027656555,6P58RR9G+H36C,371.9,122.5,False
06b500000000002e4fd7,5.0078125,MEDIUM,1,0.798799991607666,6P58RRCG+543R,372.0,74.1,False
06b500000000000b8990,6.7265625,LOW,1,0.8223999738693237,6P58RR99+2R4C,374.0,41.8,False
06b5000000000011a4fe,9.140625,HIGH,1,0.7192999720573425,6P58RR99+JF66,374.1,22.4,False
06b5000000000020cfe3,5.2578125,MEDIUM,1,0.729200005531311,6P58RRCG+7464,375.2,48.3,False
06b5000000000032cb8f,3.484375,MEDIUM,1,0.7077000141143799,6P58RRCG+642H,375.8,14.9,False
06b500000000003f24ce,10.4921875,LOW,1,0.7407000064849854,6P58RR9F+3Q2P,377.5,31.7,False
06b5000000000017209a,7.5703125,LOW,1,0.6626999974250793,6P58RR99+CFQH,378.4,34.0,False
06b50000000000302523,90.28125,HIGH,1,0.7031999826431274,6P58RR8F+WJGX,378.5,71.4,False
06b5000000000005f98c,3.0234375,LOW,1,0.7595999836921692,6P58RRCG+64MC,378.6,20.0,False
06b500000000002e747c,25.25,HIGH,1,0.8910999894142151,6P58RR99+M8VJ,378.9,945.6,False
06b50000000000120b66,81.59375,HIGH,1,0.7031000256538391,6P58RR8F+XMHQ,379.3,83.0,False
06b500000000000833d0,7.125,HIGH,1,0.6789000034332275,6P58RR99+MCJP,380.6,28.7,False
06b500000000003b2ec2,,NO_HEIGHT,0,0.6545000076293945,6P58RR89+XRM8,380.7,21.5,False
06b500000000003cdf37,4.203125,HIGH,1,0.7282000184059143,6P58RRCG+6496,381.7,42.5,False
06b500000000002f595e,6.2421875,LOW,1,0.7461000084877014,6P58RR9G+H38G,382.0,64.6,False
06b5000000000024e960,5.5078125,HIGH,1,0.9106000065803528,6P58RR99+9F9M,383.4,143.3,False
06b50000000000173de2,12.293529288116591,HIGH,1,0.8942999839782715,6P58RRFC+FRF8,384.2,1660.2,False
06b500000000003e52bc,6.9921875,HIGH,1,0.867900013923645,6P58RRFC+CW8R,386.8,99.0,False
06b5000000000003e2bc,35.8203125,HIGH,1,0.8925999999046326,6P58RR9G+84J8,390.5,1508.4,False
06b500000000002c0e19,4.203125,MEDIUM,1,0.7741000056266785,6P58RRCG+6572,390.7,15.0,False
06b500000000001d3d36,2.890625,MEDIUM,1,0.7458999752998352,6P58RRCG+65RQ,391.0,20.0,False
06b500000000001d59a3,14.2890625,HIGH,1,0.9204999804496765,6P58RR99+Q8M3,391.1,275.7,False
06b500000000003dce8c,35.953125,HIGH,1,0.8216999769210815,6P58RR9F+4V4R,391.4,50.6,False
06b5000000000014338e,6.3515625,MEDIUM,1,0.7473999857902527,6P58RR8C+HVCJ,391.5,81.0,False
06b500000000002da5d8,36.4375,HIGH,1,0.739300012588501,6P58RR9F+4VH7,394.0,32.6,False
06b5000000000036fdad,19.3984375,HIGH,1,0.9079999923706055,6P58RR8C+GXR2,395.6,455.6,False
06b500000000001054bf,4.96875,LOW,1,0.7307000160217285,6P58RR8C+M5HF,396.8,19.8,False
06b50000000000072126,3.015625,LOW,1,0.8209999799728394,6P58RRFF+7FFH,397.9,46.8,False
06b5000000000026429a,43.890625,HIGH,1,0.8521999716758728,6P58RR9G+C528,398.3,1280.2,False
06b50000000000028bc6,32.203125,MEDIUM,1,0.8736000061035156,6P58RR9F+3VG8,398.4,60.3,False
06b500000000003f4d1b,7.7890625,HIGH,1,0.8783000111579895,6P58RR99+7FRM,398.5,260.1,False
06b5000000000001937e,21.5703125,LOW,1,0.7868000268936157,6P58RRC9+XMFX,399.3,25.4,False
06b500000000000990e6,24.6015625,HIGH,1,0.8532999753952026,6P58RR9F+5X3R,400.7,85.6,False
06b5000000000023db78,8.2421875,HIGH,1,0.6565999984741211,6P58RR8C+J926,401.0,26.0,False
06b500000000003318d2,8.046875,HIGH,1,0.7734000086784363,6P58RR8C+H9W6,401.9,26.1,False
06b500000000001880d6,5.671875,HIGH,1,0.8011999726295471,6P58RR99+W75R,402.9,54.6,False
06b500000000003b490e,43.0,HIGH,1,0.8497999906539917,6P58RRC9+Q9MP,403.0,2591.9,False
06b500000000002f6f73,13.9765625,HIGH,1,0.6952999830245972,6P58RR99+R7WX,403.8,74.2,False
06b500000000003a4b29,,NO_HEIGHT,0,0.6840999722480774,6P58RRF9+3P4F,403.8,12.3,False
06b500000000000bda9c,6.2578125,HIGH,1,0.8953999876976013,6P58RR8C+GCXJ,403.8,222.6,False
06b5000000000037b799,,NO_HEIGHT,0,0.6726999878883362,6P58RRCG+7669,405.5,27.5,False
06b500000000000d42ff,,NO_HEIGHT,0,0.7809000015258789,6P58RRCG+667V,405.9,24.7,False
06b50000000000320ef6,47.5703125,LOW,1,0.8499000072479248,6P58RR8F+VP22,406.0,95.8,False
06b5000000000027a2b1,4.40625,HIGH,1,0.8199999928474426,6P58RR8C+J62X,406.7,143.9,False
06b5000000000039c0fa,6.1875,HIGH,1,0.7501999735832214,6P58RR8C+G9G3,407.5,271.6,False
06b5000000000028d819,,NO_HEIGHT,0,0.7240999937057495,6P58RRCG+66V8,407.9,18.5,False
06b500000000003a6897,,NO_HEIGHT,0,0.6743999719619751,6P58RRCG+76JX,407.9,12.6,False
06b50000000000137ab0,8.046875,HIGH,1,0.9248999953269958,6P58RRC9+H7MP,408.4,1486.7,False
06b500000000002286c4,5.5546875,MEDIUM,1,0.6748999953269958,6P58RR99+V786,408.5,19.9,False
06b500000000002c1f50,37.140625,HIGH,1,0.738099992275238,6P58RR9F+3WG4,409.5,67.7,False
06b50000000000359b46,,NO_HEIGHT,0,0.6801999807357788,6P58RRF9+3P6M,409.6,32.2,False
06b5000000000016ce9c,34.0546875,HIGH,1,0.8962000012397766,6P58RRC9+XGQG,409.8,433.8,False
06b500000000002c6476,10.4296875,HIGH,1,0.8314999938011169,6P58RR9G+G676,410.0,556.9,False
06b500000000000a7fe7,,NO_HEIGHT,0,0.7717999815940857,6P58RRFF+F2HQ,410.1,34.6,False
06b50000000000336468,5.926105689368771,HIGH,1,0.8001000285148621,6P58RRC9+C6FH,410.4,1226.8,False
06b50000000000131673,18.6875,HIGH,1,0.7926999926567078,6P58RRF9+2MV2,410.7,70.3,False
06b500000000003d1009,27.5703125,HIGH,1,0.91839998960495,6P58RR99+Q6QR,411.2,324.0,False
06b50000000000394ed8,11.8515625,HIGH,1,0.7560999989509583,6P58RR8C+G8PM,411.2,187.5,False
06b5000000000010225f,13.0703125,HIGH,1,0.7426000237464905,6P58RRF9+4M59,411.4,229.8,False
06b500000000001dc18d,38.390625,HIGH,1,0.9419999718666077,6P58RR9F+2X6X,411.6,791.0,False
06b500000000001535e7,64.22265625,MEDIUM,1,0.7369999885559082,6P58RR8F+VP59,412.2,139.1,False
06b50000000000289d45,23.8984375,HIGH,1,0.8425999879837036,6P58RR9G+42F2,413.2,189.3,False
06b50000000000217e9d,5.890625,LOW_RELAXED,1,0.8226000070571899,6P58RR8F+RP66,414.4,73.0,False
06b500000000001cf945,14.3359375,MEDIUM,1,0.7287999987602234,6P58RR99+R7RV,414.9,25.1,False
06b5000000000028ece4,8.4609375,HIGH,1,0.7610999941825867,6P58RR99+79PJ,415.0,430.9,False
06b500000000004005c6,16.9921875,HIGH,1,0.6567000150680542,6P58RRF9+3M7P,416.0,34.1,False
06b500000000001a9c53,31.5625,HIGH,1,0.8359000086784363,6P58RRF9+2JW2,416.0,123.0,False
06b5000000000014e14b,31.265625,HIGH,1,0.8902999758720398,6P58RR8C+CWWV,416.9,1024.1,False
06b5000000000008f276,5.0390625,MEDIUM,1,0.6722000241279602,6P58RRFC+F9P6,417.0,62.1,False
06b50000000000241bbd,18.921875,LOW,1,0.7986000180244446,6P58RRFC+F866,417.8,30.6,False
06b500000000002e80ed,,NO_HEIGHT,0,0.767300009727478,6P58RRFF+C8W2,418.3,138.7,False
06b500000000002a4b1d,13.7109375,MEDIUM,1,0.7258999943733215,6P58RR9G+5366,420.9,67.8,False
06b5000000000036bdfe,,NO_HEIGHT,0,0.7361000180244446,6P58RRCG+275C,421.2,20.7,False
06b5000000000019d932,33.79357172818792,HIGH,1,0.8741999864578247,6P58RR8F+GCWW,422.3,1035.2,False
06b500000000003e4c3b,8.15625,HIGH,1,0.8985999822616577,6P58RR99+88X9,422.7,139.6,False
06b5000000000021cc80,35.9765625,HIGH,1,0.8784999847412109,6P58RR8C+9HCG,423.3,1167.8,False
06b500000000003f0888,,NO_HEIGHT,0,0.7998999953269958,6P58RRFF+G2VR,424.0,122.2,False
06b50000000000019292,5.234375,LOW,1,0.6800000071525574,6P58RRC9+768J,424.4,37.9,False
06b500000000001789be,4.515625,HIGH,1,0.8258000016212463,6P58RR8C+H552,424.6,130.8,False
06b5000000000032f1af,12.084228515625,HIGH,1,0.9103999733924866,6P58RRFC+HPCC,424.9,2603.4,False
06b50000000000253672,37.984375,HIGH,1,0.8619999885559082,6P58RRF9+2GX3,425.4,382.1,False
06b500000000003be1b2,4.1640625,HIGH,1,0.7530999779701233,6P58RR99+V59C,426.6,138.7,False
06b5000000000027ddb6,4.140625,HIGH,1,0.7077000141143799,6P58RR8C+FC65,427.4,350.7,False
06b5000000000013632e,11.390625,HIGH,1,0.7965999841690063,6P58RR8F+WWRJ,427.4,33.7,False
06b5000000000024d145,20.175068060704355,HIGH,1,0.8647000193595886,6P58RR8F+VXF9,428.5,1829.6,False
06b500000000001d3288,27.171875,HIGH,1,0.8270000219345093,6P58RR99+P5HX,428.8,205.9,False
06b500000000003ef865,9.6328125,LOW,1,0.7876999974250793,6P58RR9G+538F,429.9,33.2,False
06b500000000003cf2cf,59.109375,HIGH,1,0.8026000261306763,6P58RR8C+9J73,430.4,662.0,False
06b50000000000107459,9.25,HIGH,1,0.7983999848365784,6P58RR89+PRFP,430.5,107.8,False
06b500000000000b67ca,20.3828125,HIGH,1,0.7275999784469604,6P58RR9G+33F3,430.6,389.8,False
06b500000000003d6868,18.6328125,LOW,1,0.7257000207901001,6P58RR8F+JGM5,431.3,32.0,False
06b5000000000002b111,7.7734375,HIGH,1,0.8833000063896179,6P58RR99+78W2,432.8,161.1,False
06b5000000000031184d,7.4296875,LOW,1,0.8342999815940857,6P58RR9G+F657,433.1,45.3,False
06b5000000000007fc58,4.7421875,HIGH,1,0.7502999901771545,6P58RR8C+CFMM,433.6,222.0,False
06b500000000001221da,7.0859375,HIGH,1,0.9115999937057495,6P58RR99+Q45Q,434.3,606.4,False
06b50000000000091875,,NO_HEIGHT,0,0.7448999881744385,6P58RRFF+F8M9,434.9,19.0,False
06b5000000000008ef85,6.046875,HIGH,1,0.659500002861023,6P58RR89+QQ3M,435.3,75.3,False
06b50000000000402ba4,43.3359375,HIGH,1,0.800599992275238,6P58RR9G+54PQ,435.4,113.0,False
06b500000000000c4dfd,9.609375,HIGH,1,0.9214000105857849,6P58RR99+595F,435.6,183.9,False
06b500000000001d1f72,5.234375,LOW,1,0.6919000148773193,6P58RRC9+759C,435.7,27.7,False
06b500000000002b36bf,15.9921875,HIGH,1,0.7232999801635742,6P58RR99+979J,436.9,84.9,False
06b500000000002e8b42,41.7890625,HIGH,1,0.7657999992370605,6P58RR8C+9M28,437.2,328.7,False
06b500000000003c3a54,,NO_HEIGHT,0,0.7257000207901001,6P58RR8F+C6GW,437.6,771.5,False
06b50000000000013284,12.7421875,HIGH,1,0.9045000076293945,6P58RR89+MRG8,437.6,368.6,False
06b5000000000023e799,11.7265625,HIGH,1,0.7311000227928162,6P58RRF9+5H4Q,437.6,332.4,False
06b50000000000178fee,5.0390625,HIGH,1,0.714900016784668,6P58RR8C+G58G,437.7,52.7,False
06b500000000001ab2bb,6.109375,HIGH,1,0.8166999816894531,6P58RRC9+45RX,438.6,74.8,False
06b50000000000268fd8,6.9921875,HIGH,1,0.9025999903678894,6P58RR89+PQ24,439.0,467.0,False
06b500000000000155d0,4.9765625,MEDIUM,1,0.6646999716758728,6P58RR8C+8PWJ,439.6,208.5,False
06b50000000000269aa3,8.0625,HIGH,1,0.7856000065803528,6P58RRC9+45C2,440.7,41.7,False
06b5000000000015b3ed,16.6171875,LOW,1,0.7203999757766724,6P58RR9G+F739,442.3,32.0,False
06b500000000001c7dd5,4.4609375,HIGH,1,0.8287000060081482,6P58RR8F+JJW4,443.6,58.9,False
06b50000000000324bec,4.8828125,HIGH,1,0.6621999740600586,6P58RRC9+55R2,443.8,53.7,False
06b50000000000181d3e,8.3046875,HIGH,1,0.8898000121116638,6P58RR99+58GH,443.9,306.2,False
06b500000000003adeea,14.953125,HIGH,1,0.7649000287055969,6P58RR9G+44F4,444.1,73.4,False
06b5000000000030fdd1,4.859375,HIGH,1,0.8454999923706055,6P58RR8C+F5C5,445.2,196.1,False
06b500000000002cb1b4,4.125,HIGH,1,0.826200008392334,6P58RRC9+347H,446.1,113.3,False
06b50000000000164fca,4.8125,HIGH,1,0.8073999881744385,6P58RRC9+444Q,446.4,24.8,False
06b50000000000203b63,18.6171875,HIGH,1,0.710099995136261,6P58RRC9+P78J,446.7,134.3,False
06b50000000000003495,17.09375,HIGH,1,0.9024999737739563,6P58RRFC+MQVC,446.7,2467.2,False
06b5000000000010a262,,NO_HEIGHT,0,0.6890000104904175,6P58RRC9+XC56,446.9,11.3,False
06b500000000003aed5d,,NO_HEIGHT,0,0.736299991607666,6P58RR89+WGM6,447.3,95.3,False
06b50000000000315043,24.6953125,HIGH,1,0.6581000089645386,6P58RRF9+2F3W,447.5,32.9,False
06b500000000002ae1a8,15.6875,HIGH,1,0.6646000146865845,6P58RR99+87M9,447.5,23.2,False
06b500000000002e3f40,3.3125,HIGH,1,0.711899995803833,6P58RR89+HXG5,447.7,26.9,False
06b500000000000b2946,5.8046875,HIGH,1,0.7257000207901001,6P58RR8C+C88V,447.7,190.5,False
06b500000000002e31d2,23.428408033498755,HIGH,1,0.8610000014305115,6P58RR99+75VW,448.1,3356.4,False
06b5000000000031aa71,15.3203125,LOW,1,0.6674000024795532,6P58RRF9+8Q28,448.2,32.4,False
06b50000000000341512,29.609375,HIGH,1,0.8597000241279602,6P58RRF9+4G24,448.5,263.6,False
06b5000000000007e479,12.6328125,HIGH,1,0.8510000109672546,6P58RRFC+JJW8,448.5,92.8,False
06b500000000000e337a,20.3515625,HIGH,1,0.8880000114440918,6P58RRF9+2C8R,448.9,384.5,False
06b5000000000002286b,6.9765625,HIGH,1,0.8138999938964844,6P58RRC9+9435,449.2,314.1,False
06b500000000003c08e4,7.3203125,HIGH,1,0.8654000163078308,6P58RR8C+9FG5,449.3,230.2,False
06b50000000000194940,11.8203125,HIGH,1,0.8711000084877014,6P58RRC9+53X3,449.5,282.8,False
06b500000000001564c9,8.671875,HIGH,1,0.7268000245094299,6P58RR99+682C,450.1,138.2,False
06b5000000000001cac0,,NO_HEIGHT,0,0.7949000000953674,6P58RR8F+F82P,450.2,34.7,False
06b500000000002c0d46,7.7734375,HIGH,1,0.7440999746322632,6P58RRC9+43GM,450.7,134.2,False
06b500000000004072ef,5.0703125,HIGH,1,0.7166000008583069,6P58RR8C+G32F,450.8,54.1,False
06b50000000000243355,19.79375,HIGH,1,0.8533999919891357,6P58RRFC+PF57,451.1,2759.0,False
06b500000000000e533d,11.515625,MEDIUM,1,0.7157999873161316,6P58RR9G+44QP,451.1,8.3,False
06b5000000000039cb21,14.78125,HIGH,1,0.864300012588501,6P58RR8C+96XH,451.9,814.8,False
06b5000000000036d58b,32.1171875,MEDIUM,1,0.6524999737739563,6P58RR8C+9XHQ,452.0,27.9,False
06b50000000000293639,,NO_HEIGHT,0,0.6879000067710876,6P58RR89+RJ57,452.1,8.9,False
06b5000000000032a474,18.46875,HIGH,1,0.9133999943733215,6P58RRF9+FR29,452.2,1072.1,False
06b5000000000040f65f,5.1875,HIGH,1,0.7940999865531921,6P58RR89+JR35,452.4,639.7,False
06b500000000002617de,2.859375,HIGH,1,0.7196000218391418,6P58RR99+M456,452.4,51.6,False
06b50000000000398607,,NO_HEIGHT,0,0.8601999878883362,6P58RRFF+H9RM,452.5,483.3,False
06b500000000000dfca7,6.1796875,HIGH,1,0.838100016117096,6P58RRF9+8P7C,452.6,207.0,False
06b50000000000025926,42.2578125,HIGH,1,0.8996000289916992,6P58RR8F+73RM,453.6,1013.8,False
06b500000000002e6959,7.890625,HIGH,1,0.7975999712944031,6P58RR8G+X3M3,454.0,70.2,False
06b500000000001bd337,,NO_HEIGHT,0,0.7333999872207642,6P58RRFF+GF32,454.1,18.1,False
06b500000000003c8952,22.8359375,HIGH,1,0.8741000294685364,6P58RR9G+25C7,454.4,1082.5,False
06b500000000002df1f4,6.0,HIGH,1,0.652400016784668,6P58RRFC+MW7M,454.9,30.9,False
06b500000000003b7cfc,,NO_HEIGHT,0,0.7210999727249146,6P58RRFF+FFQH,455.0,10.3,False
06b5000000000018355c,14.0078125,HIGH,1,0.6507999897003174,6P58RR8F+938Q,455.6,36.4,False
06b500000000003bdb32,13.1484375,MEDIUM,1,0.8513000011444092,6P58RR8F+946R,456.0,82.4,False
06b500000000003de309,29.421875,HIGH,1,0.7314000129699707,6P58RR99+96CH,456.5,68.0,False
06b50000000000253a64,9.828125,HIGH,1,0.777999997138977,6P58RRFC+PV5X,456.9,342.2,False
06b500000000002d6112,6.09375,LOW,1,0.8119999766349792,6P58RR8F+PVF3,457.0,309.6,False
06b500000000002a8089,,NO_HEIGHT,0,0.7361000180244446,6P58RRC9+X95C,457.7,21.1,False
06b500000000001ee227,,NO_HEIGHT,0,0.6973000168800354,6P58RRFF+GF7J,458.0,19.1,False
06b50000000000051ebc,,NO_HEIGHT,0,0.6990000009536743,6P58RRFF+GF55,458.1,17.3,False
06b5000000000032d0ff,22.20703125,HIGH,1,0.9402999877929688,6P58RR9G+HFPG,458.2,1589.1,False
06b50000000000211b61,10.90625,HIGH,1,0.8381999731063843,6P58RRC9+Q6FX,459.4,569.7,False
06b500000000001e0155,8.7734375,HIGH,1,0.7235999703407288,6P58RRF9+5G7Q,460.7,98.5,False
06b5000000000032d17d,20.6171875,HIGH,1,0.6653000116348267,6P58RRF9+FWXH,460.8,102.0,False
06b500000000003b101b,7.0546875,HIGH,1,0.8593000173568726,6P58RRF9+8MFR,461.1,367.4,False
06b50000000000044b7e,18.2265625,HIGH,1,0.829200029373169,6P58RRF9+3CPH,461.4,159.2,False
06b5000000000011935d,3.90625,MEDIUM,1,0.7049000263214111,6P58RRC9+M6V8,462.2,21.4,False
06b5000000000030f6a8,7.2421875,HIGH,1,0.7930999994277954,6P58RR89+QGWP,462.3,345.5,False
06b500000000001506bb,5.1796875,HIGH,1,0.6938999891281128,6P58RRC9+F35P,462.6,281.5,False
06b50000000000361f28,13.34375,LOW,1,0.8029000163078308,6P58RR8F+QWXG,462.8,74.4,False
06b500000000001bc0d0,6.28125,HIGH,1,0.6952999830245972,6P58RR9G+46JC,463.3,26.2,False
06b500000000003b8a8d,6.65625,HIGH,1,0.8126999735832214,6P58RR8C+F33G,463.4,73.3,False
06b5000000000014d235,5.90625,HIGH,1,0.824999988079071,6P58RRC9+C42J,463.5,180.7,False
06b5000000000010da50,4.6171875,HIGH,1,0.7031999826431274,6P58RR8C+G223,463.5,14.2,False
06b50000000000388ed2,8.328125,HIGH,1,0.8019999861717224,6P58RR8C+F296,463.6,140.1,False
06b50000000000043a70,8.1640625,HIGH,1,0.8540999889373779,6P58RR8C+C454,464.1,211.3,False
06b5000000000039cf1d,3.3984375,HIGH,1,0.8064000010490417,6P58RR8F+HP28,464.2,365.4,False
06b50000000000135d23,8.890625,HIGH,1,0.7638000249862671,6P58RRF9+5F9P,464.9,165.6,False
06b500000000004029e5,5.7890625,HIGH,1,0.7939000129699707,6P58RRF9+9P8X,465.4,76.8,False
06b5000000000013833a,9.4609375,HIGH,1,0.8065999746322632,6P58RRC9+V739,465.5,101.2,False
06b5000000000035a409,8.4765625,HIGH,1,0.807699978351593,6P58RR8G+W3P5,465.6,85.9,False
06b5000000000039203f,6.0703125,HIGH,1,0.6600000262260437,6P58RRC9+33M2,465.7,24.9,False
06b500000000002a9ce6,5.734375,HIGH,1,0.8932999968528748,6P58RR89+FXH9,466.1,133.5,False
06b500000000002e8f12,13.9296875,HIGH,1,0.70169997215271,6P58RRF9+4FM2,466.5,89.8,False
06b500000000002bf422,5.734375,HIGH,1,0.6650000214576721,6P58RR8F+JQC7,466.7,34.5,False
06b50000000000403d95,32.484375,HIGH,1,0.8876000046730042,6P58RR9G+FCMV,468.4,438.1,False
06b500000000003ef713,86.3203125,HIGH,1,0.9160000085830688,6P58RR8F+9GV5,469.0,1543.6,False
06b5000000000034f196,,NO_HEIGHT,0,0.6977999806404114,6P58RR8F+7677,469.0,418.8,False
06b5000000000040cf10,8.1640625,HIGH,1,0.8091999888420105,6P58RR89+GRM8,469.1,521.6,False
06b5000000000011ac54,,NO_HEIGHT,0,0.7092999815940857,6P58RRFC+J582,469.7,11.7,False
06b500000000000329c2,7.0625,HIGH,1,0.767300009727478,6P58RRF9+9PCF,470.2,176.6,False
06b500000000001572a1,6.3828125,HIGH,1,0.8062999844551086,6P58RRF9+CQ27,470.4,67.8,False
06b500000000003a4cb1,15.3046875,HIGH,1,0.8396999835968018,6P58RRF9+4CM5,470.4,318.7,False
06b50000000000321b1b,6.953125,HIGH,1,0.8906999826431274,6P58RRC9+836M,470.6,257.2,False
06b500000000001c2093,6.71875,LOW,1,0.6567999720573425,6P58RR9G+46GQ,472.3,28.2,False
06b5000000000005ef88,5.515625,HIGH,1,0.7610999941825867,6P58RR8C+7MQF,472.8,45.6,False
06b50000000000143bdb,6.8984375,HIGH,1,0.7698000073432922,6P58RRC9+328M,473.2,123.2,False
06b50000000000087c0f,6.03125,HIGH,1,0.6636999845504761,6P58RR8C+C3M2,473.9,16.2,False
06b500000000001d9b5e,6.515625,HIGH,1,0.7128999829292297,6P58RRC9+936F,474.3,69.0,False
06b500000000003156fb,44.3203125,HIGH,1,0.9142000079154968,6P58RR9G+9F8V,474.5,1535.7,False
06b500000000000cba13,6.6171875,HIGH,1,0.8406999707221985,6P58RR8F+JRFM,474.6,90.5,False
06b500000000001a7e42,5.703125,HIGH,1,0.8518999814987183,6P58RRC9+C25F,474.6,355.1,False
06b5000000000008bc22,6.703125,HIGH,1,0.8158000111579895,6P58RR8C+C24J,475.3,255.6,False
06b500000000003ac9d8,3.96875,LOW,1,0.6650999784469604,6P58RRC9+M448,475.4,81.9,False
06b5000000000018ad8a,10.765625,HIGH,1,0.8774999976158142,6P58RRC8+2X8V,475.7,276.3,False
06b500000000003420b0,7.453125,HIGH,1,0.8080999851226807,6P58RR98+WXHH,476.3,202.8,False
06b500000000003c2945,5.8125,HIGH,1,0.7542999982833862,6P58RRC9+52M9,477.5,97.9,False
06b500000000000da254,22.390625,HIGH,1,0.656000018119812,6P58RR8C+7M5G,477.8,268.2,False
06b500000000003c709b,11.7890625,MEDIUM,1,0.7578999996185303,6P58RRF9+7HWX,478.1,41.4,False
06b5000000000017244d,3.8828125,HIGH,1,0.7419000267982483,6P58RRF9+CPH2,478.3,33.6,False
06b5000000000036b1bf,12.578125,HIGH,1,0.8532000184059143,6P58RR8C+7R3M,479.0,98.3,False
06b50000000000373d9d,6.515625,HIGH,1,0.8851000070571899,6P58RR89+GPXJ,479.7,268.0,False
06b500000000001d1674,6.984375,HIGH,1,0.8931999802589417,6P58RR8F+HQ7Q,480.0,123.7,False
06b5000000000032e7a1,5.8125,LOW_RELAXED,1,0.6905999779701233,6P58RR8C+7J59,480.4,19.8,False
06b500000000003f8292,3.2265625,LOW,1,0.7717000246047974,6P58RR89+FVVH,480.7,35.5,False
06b5000000000009927d,8.234375,HIGH,1,0.7924000024795532,6P58RR8F+HRVQ,481.1,123.3,False
06b50000000000405c92,5.3515625,HIGH,1,0.8474000096321106,6P58RRC9+426G,481.2,78.4,False
06b500000000003fc6ff,16.484375,HIGH,1,0.8305000066757202,6P58RRF9+JX2W,481.5,350.2,False
06b5000000000001f75b,6.984375,LOW,1,0.6972000002861023,6P58RR8C+7FC4,482.1,118.9,False
06b500000000003c9802,6.3515625,HIGH,1,0.830299973487854,6P58RRF9+CMH8,482.3,143.4,False
06b5000000000018d531,7.1796875,HIGH,1,0.784500002861023,6P58RRC8+3X9J,483.0,85.0,False
06b500000000003ea567,5.703125,HIGH,1,0.8561000227928162,6P58RRC9+822M,484.0,184.3,False
06b5000000000012d674,4.5546875,HIGH,1,0.7773000001907349,6P58RR89+CXF3,484.1,120.1,False
06b50000000000192105,3.953125,MEDIUM,1,0.7433000206947327,6P58RRC9+X73R,484.7,42.8,False
06b50000000000104704,9.4453125,HIGH,1,0.6517999768257141,6P58RR8G+W49V,485.0,8.4,False
06b50000000000274757,15.3046875,HIGH,1,0.6875,6P58RR8G+X6C5,486.0,121.8,False
06b500000000001aa076,2.765625,LOW_RELAXED,1,0.7181000113487244,6P58RR89+FVF9,486.1,29.5,False
06b500000000002bffd4,6.78125,HIGH,1,0.9039000272750854,6P58RR89+R9GW,486.1,418.8,False
06b50000000000310fee,4.6015625,LOW,1,0.8144000172615051,6P58RR8F+JVG2,486.1,79.5,False
06b5000000000000c75f,15.0625,HIGH,1,0.9089999794960022,6P58RRF9+9HQ2,486.2,367.8,False
06b500000000000af7ab,1.8125,HIGH,1,0.698199987411499,6P58RR9G+38WJ,486.4,208.4,False
06b50000000000027ccf,53.2109375,HIGH,1,0.8435999751091003,6P58RR8F+FM96,486.5,367.1,False
06b50000000000262c36,,NO_HEIGHT,0,0.6711999773979187,6P58RR9G+QGPM,487.4,123.6,False
06b5000000000020829d,6.0703125,HIGH,1,0.791100025177002,6P58RRC8+5XP4,487.9,112.4,False
06b5000000000012e535,12.8515625,HIGH,1,0.6682999730110168,6P58RR8G+W58V,488.0,76.7,False
06b500000000003b6458,10.3984375,LOW,1,0.6916000247001648,6P58RR89+FVCJ,488.1,26.4,False
06b50000000000215da3,11.8671875,HIGH,1,0.9358000159263611,6P58RRF9+9G68,488.1,787.4,False
06b50000000000147c2d,3.4296875,HIGH,1,0.8355000019073486,6P58RR9G+37PH,488.1,79.8,False
06b500000000000db71f,5.90625,HIGH,1,0.670799970626831,6P58RRC9+82MR,488.1,15.3,False
06b50000000000275e39,78.3125,HIGH,1,0.7709000110626221,6P58RR8C+5QWH,488.2,718.7,False
06b500000000000da501,13.4609375,MEDIUM,1,0.7488999962806702,6P58RRF9+8H6Q,488.2,12.1,False
06b5000000000037615a,6.1171875,HIGH,1,0.8482999801635742,6P58RR98+QXMJ,488.6,252.1,False
06b5000000000030dbad,44.8671875,HIGH,1,0.8826000094413757,6P58RR8C+5JHJ,489.0,1417.7,False
06b5000000000012ca53,3.78125,LOW,1,0.7405999898910522,6P58RR8C+938J,489.0,15.3,False
06b500000000001ecd38,11.7265625,HIGH,1,0.8234000205993652,6P58RR8F+HRG5,489.1,117.3,False
06b5000000000018df90,4.7109375,HIGH,1,0.8999000191688538,6P58RRC9+F28X,489.5,56.3,False
06b5000000000016fada,3.5703125,LOW,1,0.7791000008583069,6P58RRC9+J34M,489.6,25.6,False
06b50000000000369651,5.1640625,LOW,1,0.6549999713897705,6P58RR98+RXHR,489.8,9.9,False
06b5000000000002cc84,31.4609375,HIGH,1,0.7491999864578247,6P58RR9G+FFG4,490.0,346.5,False
06b500000000001bbb86,6.1015625,HIGH,1,0.8267999887466431,6P58RRC8+4XF4,490.2,116.7,False
06b500000000002754eb,9.1953125,HIGH,1,0.73089998960495,6P58RR8F+GQ5H,490.4,381.0,False
06b500000000002ed8fd,23.34375,HIGH,1,0.7671999931335449,6P58RR89+FR7F,490.5,202.9,False
06b500000000001d588f,2.140625,HIGH,1,0.8654999732971191,6P58RR89+GMMF,490.5,201.6,False
06b50000000000071ac7,3.453125,LOW,1,0.7900999784469604,6P58RRC8+7X9J,491.1,40.4,False
06b500000000003934de,3.390625,LOW,1,0.7490000128746033,6P58RRC9+X644,491.3,51.3,False
06b500000000004005d2,3.46875,LOW_RELAXED,1,0.8115000128746033,6P58RRCG+2G98,491.7,27.1,False
06b5000000000021cf23,21.69328161592506,HIGH,1,0.8626000285148621,6P58RR9G+7MPP,492.0,6859.5,False
06b5000000000019d21e,5.234375,HIGH,1,0.8137999773025513,6P58RR99+82RQ,492.6,1140.1,False
06b5000000000033f136,17.6875,HIGH,1,0.8119000196456909,6P58RR89+FQM2,492.8,257.3,False
06b50000000000194a56,,NO_HEIGHT,0,0.7512999773025513,6P58RRCG+6GWG,492.8,20.0,False
06b50000000000118ec2,4.5078125,LOW,1,0.6697999835014343,6P58RR89+9XW5,492.9,13.0,False
06b500000000000d6b98,10.1015625,HIGH,1,0.7343000173568726,6P58RR8F+GRWP,493.4,114.7,False
06b50000000000237d6d,5.3046875,HIGH,1,0.8580999970436096,6P58RR89+PF97,493.7,82.4,False
06b50000000000177a4c,5.296875,HIGH,1,0.710099995136261,6P58RRC8+9X57,493.9,63.2,False
06b500000000003c77f2,8.765625,HIGH,1,0.9427000284194946,6P58RR8G+X8R9,493.9,845.0,False
06b500000000003905bf,20.84375,LOW,1,0.6991000175476074,6P58RR89+CRXQ,494.1,48.0,False
06b500000000003eb509,2.0078125,HIGH,1,0.9046000242233276,6P58RRC9+R462,494.7,520.5,False
06b50000000000239aa6,6.28125,HIGH,1,0.7613000273704529,6P58RR98+WXRV,494.8,50.2,False
06b5000000000030f991,17.7890625,HIGH,1,0.6567000150680542,6P58RRF9+HVJG,494.8,127.3,False
06b500000000003090b0,23.6875,HIGH,1,0.7688999772071838,6P58RRF9+HQ5G,495.4,127.8,False
06b5000000000030cfdc,4.6484375,HIGH,1,0.7736999988555908,6P58RRF9+GP2F,496.0,204.8,False
06b50000000000034859,4.734375,HIGH,1,0.8672999739646912,6P58RRC8+CX43,496.3,196.7,False
06b500000000000e3a9f,,NO_HEIGHT,0,0.7354999780654907,6P58RRCG+5GQQ,496.5,21.9,False
06b5000000000027d744,5.296875,HIGH,1,0.8183000087738037,6P58RRC8+8XCM,496.6,397.6,False
06b5000000000027f5bd,3.5703125,MEDIUM,1,0.6563000082969666,6P58RRC9+J3VJ,497.0,34.4,False
06b5000000000025784c,2.296875,LOW,1,0.7121999859809875,6P58RRFF+MF8P,497.0,26.7,False
06b50000000000368f66,6.5625,HIGH,1,0.8306999802589417,6P58RRC8+3W98,497.0,60.6,False
06b5000000000014a3b9,6.21875,HIGH,1,0.7293000221252441,6P58RR98+WWH4,497.7,51.5,False
06b500000000000b8052,4.0859375,HIGH,1,0.8689000010490417,6P58RRC9+J2H2,497.8,134.1,False
06b50000000000258ed0,1.8671875,LOW,1,0.7935000061988831,6P58RRFF+MCQC,498.0,22.2,False
06b50000000000386d3a,,NO_HEIGHT,0,0.6894000172615051,6P58RR89+JH94,498.3,21.7,False
06b500000000002dbc3f,10.4921875,HIGH,1,0.8546000123023987,6P58RRF9+47G9,498.4,297.9,False
06b500000000003294a5,9.1328125,HIGH,1,0.7289999723434448,6P58RR98+RWWQ,499.1,59.8,False
06b500000000003ab80a,14.09375,HIGH,1,0.8282999992370605,6P58RRF9+9CH6,499.3,746.6,False
06b5000000000027d05d,5.40625,HIGH,1,0.777899980545044,6P58RRC8+5WGP,499.4,194.8,False
06b50000000000256a40,4.96875,HIGH,1,0.6955000162124634,6P58RRF9+FM26,499.7,37.3,False
06b500000000001a544a,,NO_HEIGHT,0,0.6748999953269958,6P58RRC9+W6RC,499.8,14.2,False
06b5000000000034f5eb,6.1171875,HIGH,1,0.8314999938011169,6P58RR8F+GRHJ,500.0,95.8,False
06b50000000000130dcb,5.6640625,HIGH,1,0.8816999793052673,6P58RRC8+4W8R,500.8,154.1,False
06b50000000000185bad,37.6484375,HIGH,1,0.8130000233650208,6P58RR9G+FHJP,501.2,776.0,False
06b500000000003fc660,5.8125,HIGH,1,0.9273999929428101,6P58RR89+MF92,501.7,232.9,False
06b500000000002c5164,5.875,HIGH,1,0.9035999774932861,6P58RR98+PW83,501.7,248.8,False
06b500000000000ed769,2.640625,LOW_RELAXED,1,0.6589000225067139,6P58RR9G+RH93,501.9,133.9,False
06b500000000000e5bb6,2.296875,LOW,1,0.857200026512146,6P58RRFF+MFQR,503.4,30.1,False
06b50000000000212645,6.6328125,HIGH,1,0.7206000089645386,6P58RR89+V82F,503.5,140.6,False
06b500000000002f8eaf,11.9765625,HIGH,1,0.8141000270843506,6P58RR8C+74FV,503.9,157.4,False
06b5000000000011d209,3.28125,HIGH,1,0.7350000143051147,6P58RR89+JGW4,504.1,22.9,False
06b5000000000006cc8b,9.8125,HIGH,1,0.824999988079071,6P58RR98+WWJX,504.1,152.2,False
06b500000000003c615d,5.3671875,MEDIUM,1,0.7073000073432922,6P58RR98+QW92,504.2,26.2,False
06b5000000000005b978,4.5,HIGH,1,0.7717999815940857,6P58RRC8+FXGG,504.5,36.1,False
06b500000000003f533d,,NO_HEIGHT,0,0.7366999983787537,6P58RRFG+36QH,504.5,26.9,False
06b500000000000d6cc2,3.8515625,HIGH,1,0.8407999873161316,6P58RR8C+6958,504.6,31.6,False
06b500000000001c54ce,6.1640625,HIGH,1,0.8525999784469604,6P58RR8C+664J,505.7,331.8,False
06b50000000000314ebd,8.46875,HIGH,1,0.7533000111579895,6P58RR8F+JX34,506.2,100.5,False
06b50000000000279af3,5.375,LOW,1,0.7319999933242798,6P58RRFC+P297,506.3,69.2,False
06b5000000000019f516,4.4453125,HIGH,1,0.7251999974250793,6P58RR98+QWVH,507.3,27.4,False
06b500000000001ca924,6.625,HIGH,1,0.7770000100135803,6P58RR9G+5F6W,507.5,252.7,False
06b50000000000126b15,2.9296875,LOW,1,0.6650999784469604,6P58RR89+Q955,507.5,31.0,False
06b50000000000101abb,5.9453125,HIGH,1,0.8040000200271606,6P58RR98+RW74,507.8,25.2,False
06b5000000000032de32,8.34375,HIGH,1,0.8586000204086304,6P58RR98+XVHW,507.9,173.6,False
06b500000000001ef574,5.03125,HIGH,1,0.8848000168800354,6P58RR8C+4CGP,508.3,415.0,False
06b500000000002e27e2,8.1953125,HIGH,1,0.7644000053405762,6P58RRF9+CHXR,508.4,80.1,False
06b500000000000f5a29,32.8203125,HIGH,1,0.9480000138282776,6P58RRFC+XVGP,508.6,2501.0,False
06b5000000000021dca6,9.1015625,HIGH,1,0.7960000038146973,6P58RRFC+VMQ8,509.2,124.1,False
06b50000000000324083,12.234375,HIGH,1,0.8705999851226807,6P58RRF9+4698,509.6,174.9,False
06b500000000001c9b19,14.8046875,HIGH,1,0.7577000260353088,6P58RR8C+5F8W,509.7,40.9,False
06b500000000003314eb,4.5625,HIGH,1,0.8711000084877014,6P58RR8C+58FQ,509.9,194.8,False
06b5000000000036431b,6.984375,MEDIUM,1,0.7063999772071838,6P58RR9G+39WR,510.4,17.4,False
06b5000000000030a25a,4.9765625,HIGH,1,0.7378000020980835,6P58RRF9+HPFG,510.4,168.9,False
06b5000000000025aecc,9.40625,HIGH,1,0.6593000292778015,6P58RR8C+4GV6,510.6,100.3,False
06b500000000003f20c5,4.6953125,HIGH,1,0.8162000179290771,6P58RRC8+8W22,510.9,245.4,False
06b50000000000280c5e,7.5234375,MEDIUM,1,0.6976000070571899,6P58RR8F+JX8X,511.0,6.9,False
06b500000000000c7416,2.9296875,MEDIUM,1,0.8551999926567078,6P58RR89+P9Q5,511.0,44.8,False
06b500000000001f09d2,6.2265625,MEDIUM,1,0.6786999702453613,6P58RRFF+V233,511.3,54.4,False
06b500000000001749d7,5.2578125,HIGH,1,0.8187000155448914,6P58RR8C+59HX,511.4,29.9,False
06b500000000002eda07,5.7421875,HIGH,1,0.7896000146865845,6P58RR8G+J2Q2,511.8,108.5,False
06b500000000002a9729,5.125,HIGH,1,0.7813000082969666,6P58RRF9+CHCC,512.0,20.0,False
06b50000000000266d58,8.0859375,HIGH,1,0.9132999777793884,6P58RR98+9W5C,512.1,822.4,False
06b5000000000026ae16,5.9375,HIGH,1,0.8310999870300293,6P58RR89+V7MJ,512.2,39.8,False
06b5000000000040f890,9.1171875,HIGH,1,0.8532999753952026,6P58RR8C+54V3,512.6,241.4,False
06b500000000001f0ea6,25.5,HIGH,1,0.8792999982833862,6P58RRF9+JQG6,512.7,183.7,False
06b500000000003c90fb,5.234375,HIGH,1,0.7533000111579895,6P58RR98+QVQV,512.8,161.8,False
06b500000000000abfc4,4.359375,HIGH,1,0.7032999992370605,6P58RR98+MWCF,513.1,84.4,False
06b50000000000118ea7,8.1328125,HIGH,1,0.7982000112533569,6P58RRC9+X5RQ,513.1,83.4,False
06b500000000001609da,14.046875,HIGH,1,0.8623999953269958,6P58RR8C+63XV,513.1,182.0,False
06b500000000000c3391,2.5078125,LOW_RELAXED,1,0.6887000203132629,6P58RR89+Q8Q2,513.5,30.5,False
06b500000000003bd3c0,4.453125,HIGH,1,0.892300009727478,6P58RR89+HFXG,513.7,222.9,False
06b5000000000008ecc2,,NO_HEIGHT,0,0.7534999847412109,6P58RRC8+GXMR,514.0,33.9,False
06b500000000000540cc,6.0234375,HIGH,1,0.8223000168800354,6P58RR89+6XHH,514.0,360.0,False
06b500000000002f4808,32.8984375,LOW_RELAXED,1,0.8212000131607056,6P58RR8F+546P,514.1,46.8,False
06b50000000000350ab1,5.3046875,HIGH,1,0.7146999835968018,6P58RRF9+FJWV,514.5,18.0,False
06b50000000000342264,31.4453125,HIGH,1,0.9118000268936157,6P58RRFC+WH57,514.7,725.8,False
06b500000000003b2e55,10.296875,HIGH,1,0.8532999753952026,6P58RR8F+HX29,515.0,93.1,False
06b50000000000047037,4.6640625,HIGH,1,0.6547999978065491,6P58RRF9+CGW5,515.1,58.4,False
06b500000000002c7e34,13.328125,HIGH,1,0.90829998254776,6P58RR9G+3CG7,515.1,487.4,False
06b5000000000040b6c3,4.4921875,MEDIUM,1,0.701200008392334,6P58RR89+8WFH,515.3,60.7,False
06b5000000000003793a,4.0234375,LOW_RELAXED,1,0.7494999766349792,6P58RR89+Q8PC,515.5,41.4,False
06b50000000000337a83,3.140625,MEDIUM,1,0.7537999749183655,6P58RR89+8VW6,515.5,38.4,False
06b5000000000029a98e,30.2265625,HIGH,1,0.6718999743461609,6P58RR8F+CQH8,515.7,134.6,False
06b50000000000280687,6.375,LOW,1,0.6658999919891357,6P58RRF9+PXGC,516.0,92.1,False
06b50000000000171a18,12.09375,HIGH,1,0.8532000184059143,6P58RR8C+4FGM,516.4,190.4,False
06b5000000000002bd7d,5.984375,HIGH,1,0.680400013923645,6P58RRC8+2V8V,516.6,30.1,False
06b5000000000030b0d4,4.9453125,HIGH,1,0.892300009727478,6P58RRF9+GJM5,516.8,145.3,False
06b500000000003dfddb,5.171875,HIGH,1,0.8514999747276306,6P58RRC8+9V54,517.0,120.4,False
06b50000000000238c11,11.0546875,HIGH,1,0.8389999866485596,6P58RRFC+Q2GP,517.2,214.0,False
06b50000000000399f1c,5.3125,HIGH,1,0.6711000204086304,6P58RRC8+MX52,517.8,15.9,False
06b500000000003c7aee,8.015625,MEDIUM,1,0.7020000219345093,6P58RR89+R79Q,517.9,13.3,False
06b5000000000012a092,4.3984375,MEDIUM,1,0.6633999943733215,6P58RR89+Q85X,518.2,12.4,False
06b50000000000051607,16.1953125,HIGH,1,0.690500020980835,6P58RR8F+FV2R,518.3,60.3,False
06b500000000003a3a5f,4.7265625,HIGH,1,0.8557000160217285,6P58RRF9+HMPM,518.4,166.4,False
06b500000000000a3ce5,6.453125,HIGH,1,0.8963000178337097,6P58RRC8+3VFF,518.6,136.7,False
06b5000000000008e888,36.890625,MEDIUM,1,0.855400025844574,6P58RR8C+4R84,518.7,246.5,False
06b500000000000f74b1,2.4921875,LOW,1,0.6572999954223633,6P58RRC8+GXJC,518.9,11.9,False
06b500000000003d360a,21.8671875,HIGH,1,0.9359999895095825,6P58RRFC+WF4P,519.1,469.9,False
06b500000000003564c1,12.6640625,HIGH,1,0.7560999989509583,6P58RRF9+565F,519.1,78.5,False
06b500000000001c8339,10.59375,HIGH,1,0.8453999757766724,6P58RRC9+X4VX,519.2,247.6,False
06b500000000001c3200,3.7734375,HIGH,1,0.7540000081062317,6P58RRF9+FG94,519.2,34.5,False
06b5000000000014a603,10.390625,HIGH,1,0.8263000249862671,6P58RRF9+458V,519.5,470.2,False
06b50000000000170f1c,7.203125,HIGH,1,0.6527000069618225,6P58RRFC+VCFQ,519.7,107.8,False
06b5000000000035c5c7,5.859375,HIGH,1,0.7587000131607056,6P58RR89+V727,519.7,35.4,False
06b500000000000e78af,4.828125,LOW,1,0.6592000126838684,6P58RR98+JWJ7,519.8,23.9,False
06b50000000000402774,,NO_HEIGHT,0,0.7328000068664551,6P58RRF9+79CV,520.0,26.8,False
06b500000000002ccef3,5.46875,HIGH,1,0.6563000082969666,6P58RR8C+4GP5,520.2,16.3,False
06b50000000000110083,5.5,HIGH,1,0.8093000054359436,6P58RR89+W5W4,520.4,57.1,False
06b500000000001df18e,4.8203125,HIGH,1,0.7958999872207642,6P58RR98+WVJ9,520.5,69.8,False
06b500000000002fce1d,8.4453125,HIGH,1,0.8180000185966492,6P58RR8F+GXCQ,520.5,101.3,False
06b5000000000037ecd2,5.40625,HIGH,1,0.7084000110626221,6P58RR89+6WRX,520.9,255.1,False
06b5000000000022f853,7.5390625,HIGH,1,0.8482000231742859,6P58RRF9+89PJ,521.0,183.2,False
06b500000000003e6d3d,5.28125,HIGH,1,0.7332000136375427,6P58RRC8+CV5W,521.0,137.3,False
06b500000000003cf1ca,6.984375,HIGH,1,0.7705000042915344,6P58RR98+XVJX,521.1,118.5,False
06b50000000000113898,6.828125,LOW,1,0.6651999950408936,6P58RR8F+58PV,521.3,30.4,False
06b50000000000229387,,NO_HEIGHT,0,0.7613999843597412,6P58RRF9+7897,521.4,11.9,False
06b500000000000cb439,53.284375,HIGH,1,0.8623999953269958,6P58RR8F+22PX,521.4,2086.4,False
06b500000000001d5663,4.21875,HIGH,1,0.769599974155426,6P58RRC8+MX6X,522.1,122.3,False
06b5000000000037c76e,32.6328125,HIGH,1,0.7099000215530396,6P58RR8C+3PRM,522.5,132.1,False
06b5000000000012355d,,NO_HEIGHT,0,0.7350000143051147,6P58RRFC+V97F,522.7,32.8,False
06b5000000000002a7a5,8.890625,HIGH,1,0.8996000289916992,6P58RRF9+24WX,523.1,183.3,False
06b50000000000022226,5.734375,HIGH,1,0.7820000052452087,6P58RRF9+FG22,523.2,125.3,False
06b500000000002c1c43,3.8984375,HIGH,1,0.8442000150680542,6P58RRF9+HJ8Q,523.5,135.9,False
06b5000000000022e27a,,NO_HEIGHT,0,0.6805999875068665,6P58RRCG+2MRF,523.8,36.3,False
06b50000000000119084,11.0625,HIGH,1,0.9056000113487244,6P58RR98+VV27,523.9,127.6,False
06b5000000000005d45e,5.25,HIGH,1,0.8715000152587891,6P58RR8C+4G5W,524.1,72.8,False
06b500000000002d00ff,4.96875,HIGH,1,0.7700999975204468,6P58RRF9+2252,524.3,1031.1,False
06b500000000000ad756,16.59375,HIGH,1,0.8719000220298767,6P58RR8C+53PJ,524.4,379.8,False
06b5000000000038fd2d,6.2578125,HIGH,1,0.8033000230789185,6P58RR98+CW25,524.6,283.2,False
06b50000000000197922,10.9765625,HIGH,1,0.8525000214576721,6P58RR89+7R94,525.0,418.1,False
06b500000000002fc16d,,NO_HEIGHT,0,0.652400016784668,6P58RR8F+46MV,525.1,57.7,False
06b500000000000863fb,5.4296875,HIGH,1,0.7940000295639038,6P58RR89+R7CJ,525.2,32.3,False
06b500000000003b273f,7.171875,HIGH,1,0.7700999975204468,6P58RRFC+R342,525.3,63.8,False
06b50000000000334224,5.4921875,HIGH,1,0.7103000283241272,6P58RR89+P8GX,525.4,22.2,False
06b50000000000179d1f,9.9375,HIGH,1,0.9386000037193298,6P58RRFC+R3W5,526.1,461.7,False
06b5000000000020d36c,4.984375,HIGH,1,0.8319000005722046,6P58RRC8+2RXP,526.3,15.4,False
06b50000000000347992,2.8125,LOW_RELAXED,1,0.7605999708175659,6P58RRC8+7V7M,526.3,5.7,False
06b500000000000151f9,4.171875,HIGH,1,0.7860000133514404,6P58RR89+Q74Q,526.3,122.8,False
06b500000000002cead9,8.09375,HIGH,1,0.6923999786376953,6P58RR9G+4FV9,526.5,45.3,False
06b50000000000369e9e,8.5,HIGH,1,0.7991999983787537,6P58RR8F+GX38,526.7,121.3,False
06b500000000001a9bf2,5.453125,HIGH,1,0.7924000024795532,6P58RRC8+8R9F,526.7,362.1,False
06b50000000000016596,4.5078125,HIGH,1,0.8546000123023987,6P58RRF9+FGWP,527.5,82.0,False
06b500000000000c242e,5.0859375,HIGH,1,0.7716000080108643,6P58RR89+8QQ5,527.5,74.9,False
06b500000000001e595d,4.046875,MEDIUM,1,0.8116000294685364,6P58RRF9+JPGV,527.7,27.0,False
06b5000000000015f89f,4.359375,HIGH,1,0.7397000193595886,6P58RR8C+4C6C,527.8,37.4,False
06b50000000000334aab,54.5078125,HIGH,1,0.7355999946594238,6P58RR8F+36FV,527.9,1044.8,False
06b50000000000103dc2,8.796875,HIGH,1,0.7728999853134155,6P58RR8G+G2M7,528.0,112.6,False
06b50000000000083d41,8.5703125,HIGH,1,0.8163999915122986,6P58RR98+WRCQ,528.2,252.9,False
06b50000000000074893,4.4453125,HIGH,1,0.8112000226974487,6P58RR8C+48CC,528.3,107.6,False
06b5000000000039a45c,4.328125,HIGH,1,0.7530999779701233,6P58RR8C+47XM,528.3,10.9,False
06b50000000000068320,7.3515625,HIGH,1,0.6845999956130981,6P58RR9G+FJMH,528.3,190.8,False
06b500000000001413e7,8.609375,HIGH,1,0.7287999987602234,6P58RR98+XRQR,528.4,76.4,False
06b5000000000030bc94,5.03125,HIGH,1,0.9211999773979187,6P58RR89+GFPM,528.8,215.1,False
06b500000000003f44c4,42.71875,HIGH,1,0.8093000054359436,6P58RRFC+WXFG,529.0,71.1,False
06b500000000000e6a98,4.7578125,MEDIUM,1,0.7031000256538391,6P58RR8G+H3J2,529.2,17.8,False
06b5000000000024c9bc,5.8203125,HIGH,1,0.8640000224113464,6P58RRF9+HH37,529.5,248.7,False
06b5000000000038ed9d,3.875,HIGH,1,0.8213000297546387,6P58RR8C+4978,529.5,76.6,False
06b500000000002979cd,4.3984375,HIGH,1,0.7031000256538391,6P58RRF9+JM69,529.7,141.5,False
06b500000000000673bd,4.046875,HIGH,1,0.7932999730110168,6P58RRC8+CVWW,529.8,29.7,False
06b50000000000188ec8,9.34375,HIGH,1,0.7994999885559082,6P58RR8G+J468,530.5,64.3,False
06b5000000000034975a,4.1484375,HIGH,1,0.8159999847412109,6P58RR89+8QCG,530.5,118.9,False
06b500000000000f2655,11.4921875,HIGH,1,0.849399983882904,6P58RR89+W459,530.6,149.6,False
06b50000000000051de6,8.3828125,HIGH,1,0.6920999884605408,6P58RR8G+H29M,530.6,16.6,False
06b5000000000035d381,5.04296875,HIGH,1,0.857200026512146,6P58RR89+8P4C,530.8,310.8,False
06b500000000000532cb,18.5703125,LOW,1,0.8149999976158142,6P58RR8F+5CVQ,530.9,32.5,False
06b5000000000028b9e0,,NO_HEIGHT,0,0.7427999973297119,6P58RRFC+V7XJ,531.0,114.3,False
06b500000000001030f5,6.265625,HIGH,1,0.8179000020027161,6P58RR98+RRVP,531.5,171.8,False
06b5000000000005c8c0,,NO_HEIGHT,0,0.7573999762535095,6P58RRFF+RF44,531.6,35.2,False
06b500000000000235cb,43.078125,HIGH,1,0.9483000040054321,6P58RR8C+2P46,531.6,1670.8,False
06b500000000001a8a45,17.8828125,HIGH,1,0.9358000159263611,6P58RR8G+XC42,531.8,459.0,False
06b500000000002b60db,4.515625,HIGH,1,0.663100004196167,6P58RR89+Q7CJ,531.8,55.7,False
06b5000000000018e8a8,7.3984375,HIGH,1,0.9023000001907349,6P58RR9G+HM2Q,531.8,277.1,False
06b50000000000169b59,4.28125,HIGH,1,0.8288999795913696,6P58RR8C+3FHG,532.5,111.4,False
06b5000000000038603b,8.859375,HIGH,1,0.7688999772071838,6P58RR98+XRV2,532.8,148.0,False
06b5000000000037cea0,16.0859375,HIGH,1,0.666100025177002,6P58RR9G+2C87,532.8,53.1,False
06b500000000003ad3e6,3.7421875,HIGH,1,0.8672000169754028,6P58RRC8+MW7Q,533.0,105.4,False
06b5000000000018fb1b,8.7265625,HIGH,1,0.7832000255584717,6P58RRFC+R275,533.5,54.4,False
06b5000000000013bb3a,17.171875,LOW,1,0.8188999891281128,6P58RR8F+6HJV,533.5,29.6,False
06b50000000000306793,5.609375,HIGH,1,0.8809999823570251,6P58RR89+9J37,533.7,408.8,False
06b50000000000272f20,6.640625,HIGH,1,0.67330002784729,6P58RRF9+99F8,533.8,29.6,False
06b50000000000008e1e,4.5390625,HIGH,1,0.8425999879837036,6P58RRC8+CR56,534.2,170.8,False
06b500000000001129ff,5.0546875,HIGH,1,0.7508000135421753,6P58RR89+Q63C,534.4,96.5,False
06b500000000001e0c1f,3.7265625,HIGH,1,0.8507000207901001,6P58RRF9+GFPH,534.8,219.6,False
06b5000000000008734f,9.2421875,LOW,1,0.7459999918937683,6P58RR8F+8P29,535.0,55.3,False
06b5000000000023e14e,11.671875,HIGH,1,0.7414000034332275,6P58RR8F+FXF9,535.0,69.5,False
06b5000000000025567f,4.9921875,HIGH,1,0.7576000094413757,6P58RRF9+C93H,535.1,177.5,False
06b5000000000002eeb3,,NO_HEIGHT,0,0.6761999726295471,6P58RRC9+V264,536.0,17.3,False
06b5000000000027ae5f,7.9375,HIGH,1,0.7034000158309937,6P58RR8F+487Q,536.2,104.3,False
06b50000000000053de5,17.2734375,HIGH,1,0.6658999919891357,6P58RRFC+XHPQ,536.3,228.7,False
06b500000000002f9ac7,5.96875,HIGH,1,0.9182000160217285,6P58RR89+J8W8,536.4,216.9,False
06b500000000001976d9,39.9375,HIGH,1,0.6620000004768372,6P58RR8C+3R75,536.4,13.5,False
06b500000000002d43ec,5.5546875,HIGH,1,0.832099974155426,6P58RRC8+3RC3,536.5,118.8,False
06b500000000001e6783,4.6640625,HIGH,1,0.6848000288009644,6P58RR8C+3CJG,536.6,42.2,False
06b500000000001b86e9,3.03125,HIGH,1,0.6653000116348267,6P58RRC8+FVVV,536.6,44.2,False
06b500000000001b65bc,5.9921875,HIGH,1,0.6607000231742859,6P58RR8F+48XG,536.6,16.5,False
06b5000000000008fcc8,,NO_HEIGHT,0,0.8367000222206116,6P58RR8F+6HX8,536.7,24.2,False
06b50000000000131e4b,2.1953125,MEDIUM,1,0.6797000169754028,6P58RR8C+46G9,537.1,23.1,False
06b50000000000393aa7,21.8125,HIGH,1,0.6863999962806702,6P58RR8G+G3X7,537.1,197.0,False
06b500000000000f7358,6.15625,HIGH,1,0.776199996471405,6P58RRF9+JMR5,537.1,94.0,False
06b50000000000386d7e,9.5703125,HIGH,1,0.7919999957084656,6P58RR89+6VM5,537.1,210.2,False
06b500000000001c9cb8,48.2734375,HIGH,1,0.786899983882904,6P58RR8C+2V93,537.3,614.6,False
06b50000000000265fa4,5.5234375,HIGH,1,0.8482999801635742,6P58RR89+V3XQ,537.6,317.9,False
06b5000000000028e3c2,6.59375,HIGH,1,0.7789999842643738,6P58RR9G+5GH7,537.8,95.3,False
06b500000000000264a0,49.31123737373738,HIGH,1,0.7964000105857849,6P58RR8G+G6C8,538.4,2286.9,False
06b500000000000f47d0,4.578125,HIGH,1,0.7396000027656555,6P58RR89+P7JG,539.1,62.6,False
06b500000000000b1060,4.3203125,LOW,1,0.7580999732017517,6P58RRFC+W9Q5,539.2,18.9,False
06b500000000000db7b8,7.5,HIGH,1,0.8288000226020813,6P58RR8C+38HM,539.7,323.7,False
06b50000000000139f07,5.7421875,HIGH,1,0.6704999804496765,6P58RR8C+37W7,539.7,55.3,False
06b5000000000038605c,43.359375,HIGH,1,0.7379000186920166,6P58RRFC+XX7G,539.8,53.9,False
06b500000000003f7993,5.8203125,HIGH,1,0.824400007724762,6P58RR89+5XR3,540.2,140.9,False
06b50000000000400f6e,11.34375,HIGH,1,0.857200026512146,6P58RR8F+CXPX,540.2,229.6,False
06b5000000000017a57c,9.5234375,HIGH,1,0.8180999755859375,6P58RRF9+JJW7,540.6,158.1,False
06b500000000001559fe,4.7421875,HIGH,1,0.8744999766349792,6P58RRF9+JH4M,540.7,140.2,False
06b500000000003c8f56,4.796875,HIGH,1,0.8108999729156494,6P58RRF9+FC2C,540.8,74.7,False
06b500000000000b5aad,4.2734375,MEDIUM,1,0.734499990940094,6P58RR8C+2FVM,541.3,78.9,False
06b50000000000324f54,6.859375,HIGH,1,0.6884999871253967,6P58RR8F+48HP,541.3,10.3,False
06b5000000000007d00c,3.6171875,HIGH,1,0.7301999926567078,6P58RRC8+FVRM,541.4,28.6,False
06b5000000000032a00f,25.375,HIGH,1,0.6718999743461609,6P58RR8C+2HV2,541.5,43.7,False
06b50000000000408989,5.546875,HIGH,1,0.9322999715805054,6P58RRF9+9732,541.5,422.0,False
06b5000000000024ee56,9.2421875,LOW,1,0.7196999788284302,6P58RR8F+7PXV,541.5,26.8,False
06b50000000000285d8a,8.3515625,HIGH,1,0.7297999858856201,6P58RR8F+49CJ,541.6,15.0,False
06b5000000000002f341,23.5625,HIGH,1,0.7533000111579895,6P58RRFC+XGFC,541.7,107.9,False
06b5000000000040f4bf,3.4296875,HIGH,1,0.6620000004768372,6P58RR8C+3C7R,541.8,15.4,False
06b500000000002cf762,26.9453125,HIGH,1,0.7896000146865845,6P58RR8C+2JJC,542.0,106.9,False
06b50000000000024650,3.421875,HIGH,1,0.8863999843597412,6P58RR89+P72H,542.0,92.2,False
06b5000000000004aace,10.5703125,HIGH,1,0.8237000107765198,6P58RRFC+R2WV,542.0,62.3,False
06b500000000001f31fe,44.6015625,HIGH,1,0.8471999764442444,6P58RR7C+XRW7,542.1,401.9,False
06b5000000000037db4f,1.21875,LOW_RELAXED,1,0.7551000118255615,6P58RR98+6WHM,542.2,32.8,False
06b500000000003a1bbb,5.578125,HIGH,1,0.828499972820282,6P58RR89+6QQW,542.3,277.4,False
06b50000000000410aee,4.0859375,LOW_RELAXED,1,0.7766000032424927,6P58RR8C+44QM,542.3,14.9,False
06b50000000000351e0c,3.6484375,MEDIUM,1,0.7591999769210815,6P58RR89+X3G4,542.3,11.8,False
06b5000000000017b371,3.875,HIGH,1,0.8361999988555908,6P58RRC8+QV5W,542.5,421.7,False
06b500000000001512c3,3.890625,HIGH,1,0.7305999994277954,6P58RR8C+3C2R,543.1,17.5,False
06b5000000000016fbf4,4.40625,HIGH,1,0.7457000017166138,6P58RRF9+33QM,543.2,66.7,False
06b500000000000187f8,7.6328125,HIGH,1,0.8129000067710876,6P58RR98+RQWM,543.3,149.9,False
06b500000000002a762c,19.546875,HIGH,1,0.7775999903678894,6P58RRFC+XJXG,543.5,105.0,False
06b500000000001dd300,5.1640625,MEDIUM,1,0.7330999970436096,6P58RR8C+2GR3,543.5,90.3,False
06b5000000000039312d,6.15625,HIGH,1,0.7476000189781189,6P58RRC8+3QG3,544.3,73.2,False
06b5000000000028dde1,6.0859375,HIGH,1,0.7860999703407288,6P58RRC8+8Q8V,544.5,384.1,False
06b500000000000d6f21,10.328125,HIGH,1,0.7793999910354614,6P58RR89+V486,544.5,77.5,False
06b5000000000006f73d,4.125,HIGH,1,0.6586999893188477,6P58RR8G+G258,544.6,21.5,False
06b50000000000327314,3.59375,HIGH,1,0.8072999715805054,6P58RRC8+HRPH,544.8,119.7,False
06b50000000000020fc2,6.171875,HIGH,1,0.8726999759674072,6P58RR89+FFJ8,545.5,146.2,False
06b50000000000163a3d,32.5703125,HIGH,1,0.7590000033378601,6P58RRF9+XXCW,545.6,1945.9,False
06b500000000002069cb,6.375,HIGH,1,0.6571999788284302,6P58RR89+W3PX,545.6,16.9,False
06b5000000000040b444,2.75,MEDIUM,1,0.7333999872207642,6P58RRC8+GRVH,545.7,128.5,False
06b5000000000021a371,5.265625,HIGH,1,0.6759999990463257,6P58RR89+R56P,545.9,44.6,False
06b500000000002f54ae,5.53125,HIGH,1,0.6728000044822693,6P58RRC8+9QGG,546.1,81.9,False
06b5000000000000e494,5.15625,MEDIUM,1,0.6927000284194946,6P58RRC8+VXFJ,546.2,65.8,False
06b500000000003e9aad,3.078125,HIGH,1,0.7311999797821045,6P58RRF9+HGFF,546.3,99.2,False
06b50000000000061c48,5.171875,HIGH,1,0.8162999749183655,6P58RRF9+RWX7,546.4,161.7,False
06b5000000000002e869,4.6015625,HIGH,1,0.8087999820709229,6P58RRC8+JRW4,546.7,514.6,False
06b50000000000390cd9,49.3984375,HIGH,1,0.8533999919891357,6P58RR8G+M65M,546.7,110.3,False
06b50000000000298726,3.25,HIGH,1,0.7746000289916992,6P58RR89+M7FX,546.9,32.2,False
06b5000000000021aecf,5.5078125,HIGH,1,0.6945000290870667,6P58RRC8+9QQP,546.9,61.6,False
06b50000000000203061,4.4921875,HIGH,1,0.8345000147819519,6P58RR89+9G7W,547.0,338.5,False
06b5000000000008f56a,6.984375,HIGH,1,0.7630000114440918,6P58RR98+WQJ9,547.5,59.4,False
06b50000000000377901,10.7265625,HIGH,1,0.6854000091552734,6P58RR98+WQV5,547.5,20.8,False
06b50000000000341a37,4.53125,HIGH,1,0.7749999761581421,6P58RRC8+FQ95,547.5,205.8,False
06b500000000000aca88,17.3671875,HIGH,1,0.8989999890327454,6P58RR8G+XGH2,548.1,1109.8,False
06b500000000002121bf,4.6015625,HIGH,1,0.6748999953269958,6P58RRC8+CR66,548.4,48.0,False
06b500000000002a9f3d,6.609375,HIGH,1,0.8263000249862671,6P58RR98+7VP6,548.5,150.1,False
06b50000000000208a8f,3.703125,HIGH,1,0.7621999979019165,6P58RRF9+43G6,548.5,287.7,False
06b500000000001df715,,NO_HEIGHT,0,0.7197999954223633,6P58RRFF+VFG2,548.6,39.0,False
06b50000000000355670,7.5,HIGH,1,0.829200029373169,6P58RR9G+HQJF,548.6,248.2,False
06b500000000000758f9,,NO_HEIGHT,0,0.6736999750137329,6P58RRFC+W6P4,548.6,20.2,False
06b500000000002604fb,6.28125,HIGH,1,0.9121000170707703,6P58RR89+H8GP,548.9,181.1,False
06b500000000000bc296,7.171875,MEDIUM,1,0.7613000273704529,6P58RR8F+38XP,549.1,22.0,False
06b500000000002cd592,3.3359375,HIGH,1,0.7383999824523926,6P58RR89+R485,549.2,96.4,False
06b500000000003a4c3a,4.4921875,HIGH,1,0.7129999995231628,6P58RRF9+MJ22,549.4,87.0,False
06b500000000000f2a55,5.5546875,HIGH,1,0.7829999923706055,6P58RR8C+35PH,550.1,40.8,False
06b50000000000256101,40.296875,HIGH,1,0.7864000201225281,6P58RRGC+2X35,550.4,40.3,False
06b50000000000163141,4.859375,HIGH,1,0.758899986743927,6P58RR89+7P53,550.5,127.1,False
06b50000000000384cde,5.71875,LOW_RELAXED,1,0.7329000234603882,6P58RRFF+X2MQ,550.6,12.5,False
06b500000000000d0f79,4.921875,HIGH,1,0.8034999966621399,6P58RR8C+26RF,550.6,162.8,False
06b500000000001b1a0e,4.5546875,MEDIUM,1,0.7437999844551086,6P58RR8C+2FH8,550.9,22.3,False
06b5000000000030529b,1.65625,LOW_RELAXED,1,0.6793000102043152,6P58RR98+6WF4,551.1,8.7,False
06b5000000000037c7dd,3.25,HIGH,1,0.7491999864578247,6P58RR8C+3827,551.3,23.7,False
06b500000000003bf207,4.9296875,HIGH,1,0.7842000126838684,6P58RR8C+28CH,551.4,76.5,False
06b500000000002f5995,4.7265625,HIGH,1,0.7849000096321106,6P58RR89+J8C7,551.7,21.3,False
06b50000000000059061,6.5234375,HIGH,1,0.6704999804496765,6P58RRC8+4QJW,551.8,47.4,False
06b500000000001d9d55,3.59375,HIGH,1,0.8561999797821045,6P58RR8G+F37X,552.1,84.4,False
06b5000000000037320e,7.3828125,HIGH,1,0.723800003528595,6P58RR8G+VCQJ,552.3,79.8,False
06b500000000002a9beb,7.375,HIGH,1,0.7645000219345093,6P58RR8C+29GX,552.4,50.7,False
06b50000000000335317,4.234375,HIGH,1,0.6615999937057495,6P58RR7C+XFM9,552.4,104.9,False
06b50000000000234e4c,5.296875,HIGH,1,0.8379999995231628,6P58RR8C+33R8,552.5,193.0,False
06b500000000000f2d45,30.2734375,HIGH,1,0.9300000071525574,6P58RRGC+3G45,552.5,604.8,False
06b50000000000258b4d,4.3203125,HIGH,1,0.756600022315979,6P58RR8C+28PW,552.9,41.7,False
06b5000000000030a322,6.09375,HIGH,1,0.7674999833106995,6P58RRF9+RR2P,553.0,168.4,False
06b500000000002b5c73,5.8515625,HIGH,1,0.7286999821662903,6P58RRC8+VW8W,553.1,43.8,False
06b500000000000e340a,4.3359375,HIGH,1,0.7319999933242798,6P58RRF9+86JF,553.6,257.8,False
06b500000000003b2e34,5.71875,MEDIUM,1,0.6827999949455261,6P58RR98+WQ2J,553.7,32.4,False
06b500000000002a9e54,5.359375,HIGH,1,0.7484999895095825,6P58RRC8+5QRF,554.2,18.7,False
06b5000000000036c92e,7.2265625,HIGH,1,0.7940000295639038,6P58RRF9+JGJ8,554.2,358.0,False
06b500000000001453bc,6.234375,HIGH,1,0.7774999737739563,6P58RR7C+XCXW,554.2,120.3,False
06b500000000001d9cc1,4.9453125,HIGH,1,0.8593000173568726,6P58RR89+4XQ3,554.5,94.9,False
06b5000000000033502d,9.4375,HIGH,1,0.6672999858856201,6P58RR98+VP92,554.5,57.0,False
06b50000000000103c85,5.3984375,HIGH,1,0.7833999991416931,6P58RR98+RPQJ,554.7,66.7,False
06b500000000001b77e7,6.078125,HIGH,1,0.8809999823570251,6P58RR89+J6MQ,554.8,334.2,False
06b5000000000007e43c,13.5703125,HIGH,1,0.7943000197410583,6P58RR8F+9XX3,555.0,119.9,False
06b500000000003db798,,NO_HEIGHT,0,0.7736999988555908,6P58RRFF+VFPR,555.1,16.6,False
06b5000000000017367c,4.59375,HIGH,1,0.7702999711036682,6P58RR7C+XGJ3,555.5,94.6,False
06b5000000000006fbef,6.2421875,HIGH,1,0.7793999910354614,6P58RR89+4X6F,555.9,217.2,False
06b500000000000b2479,4.96875,HIGH,1,0.8939999938011169,6P58RR89+CFCR,556.1,222.1,False
06b50000000000154966,16.359375,HIGH,1,0.8891000151634216,6P58RR9G+5JM5,556.8,123.6,False
06b50000000000342d44,,NO_HEIGHT,0,0.7653999924659729,6P58RRFF+WF35,556.9,28.5,False
06b500000000000cfa74,5.5390625,HIGH,1,0.8163999915122986,6P58RR89+4WF6,557.2,214.4,False
06b5000000000001c041,5.3125,LOW,1,0.6779000163078308,6P58RRGF+228M,557.4,48.4,False
06b50000000000043370,7.984375,HIGH,1,0.8446000218391418,6P58RRC8+XWXG,557.6,434.0,False
06b500000000001d3144,7.65625,HIGH,1,0.7595999836921692,6P58RR98+XPMP,557.7,232.1,False
06b500000000002c8db6,,NO_HEIGHT,0,0.7635999917984009,6P58RRFF+JXR5,557.9,26.8,False
06b500000000001306a2,2.921875,HIGH,1,0.6818000078201294,6P58RRC8+MRXP,557.9,51.2,False
06b500000000001f169e,5.7421875,HIGH,1,0.7925000190734863,6P58RR89+H7PX,558.3,136.6,False
06b500000000001729d4,4.8046875,MEDIUM,1,0.7774999737739563,6P58RR7C+XGGJ,558.5,58.8,False
06b5000000000032da04,,NO_HEIGHT,0,0.76419997215271,6P58RRCG+PMRH,558.6,106.2,False
06b500000000001a8e58,12.484375,HIGH,1,0.8797000050544739,6P58RRF9+RQ2W,559.0,237.5,False
06b500000000003bdc14,4.5546875,HIGH,1,0.8984000086784363,6P58RR8C+339W,559.0,88.9,False
06b5000000000024e404,6.0078125,HIGH,1,0.7976999878883362,6P58RR89+5V4X,559.0,86.0,False
06b5000000000031eb6e,5.7265625,HIGH,1,0.9204999804496765,6P58RRC8+CPVF,559.1,865.6,False
06b50000000000370cf7,7.3828125,LOW,1,0.8001999855041504,6P58RR8G+VC9M,559.1,26.4,False
06b5000000000021914e,5.296875,HIGH,1,0.8392999768257141,6P58RRC8+QVJ8,559.4,190.4,False
06b500000000000228f0,,NO_HEIGHT,0,0.6815000176429749,6P58RR8F+3CP9,560.0,39.8,False
06b50000000000143afd,8.7109375,HIGH,1,0.7443000078201294,6P58RR7C+X9Q6,561.1,93.7,False
06b500000000002be008,5.359375,HIGH,1,0.85589998960495,6P58RRC8+8P8F,561.1,287.7,False
06b500000000000ee2a8,6.109375,HIGH,1,0.8575999736785889,6P58RR89+4RXV,561.5,268.1,False
06b5000000000021702e,5.2109375,HIGH,1,0.8881999850273132,6P58RRF9+F73W,561.6,394.5,False
06b500000000003915f4,5.7734375,HIGH,1,0.8695999979972839,6P58RR8C+25P2,561.6,87.5,False
06b500000000000f41d2,7.84375,HIGH,1,0.6969000101089478,6P58RR8G+C3MH,561.9,51.3,False
06b500000000000ea924,10.9140625,HIGH,1,0.8496000170707703,6P58RR8G+92XQ,562.0,156.6,False
06b5000000000011dcbd,4.90625,HIGH,1,0.733299970626831,6P58RRC8+VV56,562.1,67.7,False
06b50000000000044d8c,10.59375,HIGH,1,0.7871000170707703,6P58RR9G+4JPC,562.2,102.3,False
06b50000000000252616,2.6875,LOW,1,0.7046999931335449,6P58RR8G+F359,562.4,49.6,False
06b500000000000d4ef4,,NO_HEIGHT,0,0.8281999826431274,6P58RR8F+278W,562.6,126.6,False
06b50000000000347bdc,10.234375,HIGH,1,0.786899983882904,6P58RR8G+928J,562.8,160.6,False
06b500000000001292af,5.8125,HIGH,1,0.8564000129699707,6P58RR89+3XPH,563.4,156.2,False
06b500000000002603eb,5.390625,MEDIUM,1,0.7804999947547913,6P58RR8F+4HX4,563.4,11.0,False
06b500000000003350c4,4.796875,HIGH,1,0.7450000047683716,6P58RRC8+GQ3V,563.4,40.3,False
06b5000000000027eb90,4.1640625,HIGH,1,0.8169000148773193,6P58RR8C+24GX,563.6,139.8,False
06b500000000000102e3,2.7578125,HIGH,1,0.8824999928474426,6P58RR8F+4H89,563.6,135.5,False
06b5000000000034475d,3.78125,HIGH,1,0.8479999899864197,6P58RRC8+PR38,563.6,95.0,False
06b500000000000e0c38,10.3125,HIGH,1,0.7278000116348267,6P58RRGC+3M3F,563.9,141.0,False
06b50000000000062a08,13.8203125,HIGH,1,0.7827000021934509,6P58RR98+RMW8,563.9,289.0,False
06b50000000000213d26,5.4375,MEDIUM,1,0.7411999702453613,6P58RRGF+3248,564.2,96.4,False
06b5000000000027cf33,3.4609375,HIGH,1,0.8187000155448914,6P58RR89+P533,564.7,39.2,False
06b500000000002cc6ba,12.265625,HIGH,1,0.8551999926567078,6P58RRGC+3QGJ,564.8,324.8,False
06b5000000000008bb51,11.3828125,HIGH,1,0.8246999979019165,6P58RRGC+362G,564.9,783.9,False
06b500000000000594f3,4.8359375,HIGH,1,0.8041999936103821,6P58RRC8+JQ4J,565.6,198.0,False
06b500000000000f95f2,6.9765625,HIGH,1,0.6930000185966492,6P58RRF8+2XM5,565.6,24.4,False
06b500000000003d36b6,4.9296875,HIGH,1,0.7537000179290771,6P58RR7C+X87V,566.1,250.8,False
06b5000000000002de1d,19.1953125,HIGH,1,0.704800009727478,6P58RRGC+3HHJ,566.5,140.9,False
06b500000000000a1656,15.8671875,HIGH,1,0.9020000100135803,6P58RR9G+2J82,566.9,774.3,False
06b50000000000337455,6.765625,HIGH,1,0.8561000227928162,6P58RRC8+4MH4,567.2,93.1,False
06b500000000001aaac9,9.4609375,MEDIUM,1,0.8129000067710876,6P58RR88+WX75,567.6,346.8,False
06b5000000000004b071,4.625,HIGH,1,0.8862000107765198,6P58RR89+9F6V,567.7,318.3,False
06b50000000000273b56,5.3203125,HIGH,1,0.8070999979972839,6P58RRC8+RVR4,567.7,114.3,False
06b5000000000024563b,4.328125,HIGH,1,0.8452000021934509,6P58RR89+Q384,567.8,175.8,False
06b5000000000029a171,2.6171875,HIGH,1,0.8748999834060669,6P58RRF9+949V,567.9,395.7,False
06b500000000002ae96c,9.6796875,HIGH,1,0.8188999891281128,6P58RR8G+82V3,568.0,191.6,False
06b50000000000149cb1,4.1953125,HIGH,1,0.8554999828338623,6P58RRF9+C638,568.0,70.8,False
06b50000000000303821,4.7734375,HIGH,1,0.7745000123977661,6P58RR9G+FQF5,568.1,196.6,False
06b5000000000028c117,3.6640625,HIGH,1,0.8162999749183655,6P58RR89+P45W,568.5,34.1,False
06b5000000000007c2a2,5.84375,HIGH,1,0.8432000279426575,6P58RR89+4V75,568.7,154.6,False
06b5000000000032e1a7,6.21875,HIGH,1,0.7429999709129333,6P58RRF9+RMG4,569.0,322.1,False
06b500000000000ca911,5.7421875,HIGH,1,0.659500002861023,6P58RR8F+5M4W,569.1,11.7,False
06b5000000000039abbb,6.6015625,LOW,1,0.7545999884605408,6P58RR8G+VF8X,569.2,20.4,False
06b5000000000021ae76,35.40625,LOW,1,0.7045999765396118,6P58RR7C+WRX9,569.6,14.7,False
06b50000000000366511,7.1328125,HIGH,1,0.7275000214576721,6P58RRC8+2M4M,570.0,124.7,False
06b5000000000037ff6d,7.84375,LOW,1,0.6510000228881836,6P58RR8G+C4CJ,570.1,22.0,False
06b500000000003fa8a9,4.5546875,LOW,1,0.7434999942779541,6P58RR7C+XF52,570.2,18.3,False
06b5000000000036d6df,4.28125,HIGH,1,0.8100000023841858,6P58RR89+5MWM,570.3,350.6,False
06b50000000000352ddb,3.953125,HIGH,1,0.8432999849319458,6P58RR98+FPXR,570.5,55.4,False
06b500000000000c8b4c,5.671875,HIGH,1,0.6589999794960022,6P58RRC8+GP5X,570.7,18.5,False
06b50000000000164c47,11.375,HIGH,1,0.8651000261306763,6P58RR8F+6VFW,570.9,198.5,False
06b5000000000032d010,10.5859375,HIGH,1,0.6646000146865845,6P58RR7C+X6X8,571.0,33.7,False
06b50000000000404e53,5.34375,HIGH,1,0.6646999716758728,6P58RR89+5PV7,571.1,55.0,False
06b50000000000393308,5.4140625,HIGH,1,0.8284000158309937,6P58RR89+J5FP,571.3,153.0,False
06b500000000001debc9,4.0234375,HIGH,1,0.8671000003814697,6P58RRC8+QRRW,571.4,445.9,False
06b500000000001868e5,4.5234375,HIGH,1,0.869700014591217,6P58RR8C+3252,571.8,54.5,False
06b500000000002d3029,4.7109375,HIGH,1,0.8496999740600586,6P58RRC8+7MW3,571.9,175.9,False
06b500000000002dbc07,4.6328125,HIGH,1,0.7077999711036682,6P58RRC8+5M8R,572.5,119.2,False
06b5000000000005710b,12.7109375,HIGH,1,0.6861000061035156,6P58RR8F+7V4H,572.9,27.4,False
06b500000000003a8a27,6.0390625,HIGH,1,0.7156000137329102,6P58RR8F+4MPR,573.0,16.3,False
06b5000000000020ee83,,NO_HEIGHT,0,0.6728000044822693,6P58RRFF+X9RV,573.3,10.4,False
06b5000000000016eb5d,5.59375,HIGH,1,0.7785000205039978,6P58RR88+XWMW,573.4,112.0,False
06b5000000000037af88,4.8515625,HIGH,1,0.7847999930381775,6P58RRC8+8MPQ,573.7,129.3,False
06b50000000000075194,3.9609375,HIGH,1,0.876800000667572,6P58RR89+F8J8,574.0,123.0,False
06b50000000000037acc,3.6953125,MEDIUM,1,0.7123000025749207,6P58RRC8+HP52,574.0,67.3,False
06b5000000000007a34f,6.015625,HIGH,1,0.7301999926567078,6P58RRC8+GP2Q,574.1,88.3,False
06b5000000000010e38b,5.9609375,HIGH,1,0.7957000136375427,6P58RR7C+W9VJ,574.6,89.2,False
06b50000000000286f05,5.3984375,MEDIUM,1,0.6829000115394592,6P58RR7C+X89J,574.7,4.5,False
06b500000000000c2829,5.2109375,HIGH,1,0.772599995136261,6P58RR8F+4M7V,574.7,31.4,False
06b50000000000364c1a,3.625,HIGH,1,0.6570000052452087,6P58RR89+5Q59,574.7,35.5,False
06b500000000001b74b8,4.7578125,HIGH,1,0.7365000247955322,6P58RR7C+W9XP,574.8,20.0,False
06b5000000000003b2b2,5.0546875,HIGH,1,0.7698000073432922,6P58RRC8+VRHQ,575.6,46.9,False
06b500000000001e227d,4.8671875,HIGH,1,0.8726999759674072,6P58RR89+7HC6,575.6,191.9,False
06b5000000000003337d,4.765625,HIGH,1,0.7976999878883362,6P58RR89+4QRF,575.8,127.2,False
06b500000000001fe4a3,,NO_HEIGHT,0,0.6503000259399414,6P58RRGF+289P,575.8,26.6,False
06b50000000000026f17,,NO_HEIGHT,0,0.8086000084877014,6P58RR8F+5RVR,575.9,21.8,False
06b50000000000332ce1,5.921875,HIGH,1,0.6575999855995178,6P58RR8F+4M8X,575.9,73.7,False
06b500000000003415cb,5.15625,HIGH,1,0.7871999740600586,6P58RRC8+3M7J,576.0,107.7,False
06b5000000000017657d,4.0,HIGH,1,0.7922000288963318,6P58RRC8+MQW6,576.0,33.5,False
06b50000000000075321,5.6328125,HIGH,1,0.8931999802589417,6P58RRC8+XVC8,576.1,309.1,False
06b50000000000068363,4.8984375,HIGH,1,0.8331000208854675,6P58RR89+P3HR,576.2,54.1,False
06b500000000002e6619,4.875,HIGH,1,0.7477999925613403,6P58RRC8+JQC6,576.7,62.7,False
06b500000000001096ac,,NO_HEIGHT,0,0.6730999946594238,6P58RRGF+293W,576.7,14.8,False
06b500000000002f9755,7.9609375,HIGH,1,0.8507999777793884,6P58RR8G+822P,576.8,113.9,False
06b500000000002ffcc3,38.546875,HIGH,1,0.6735000014305115,6P58RRFC+X3X7,576.8,16.3,False
06b5000000000001cf2c,3.4921875,LOW,1,0.6887000203132629,6P58RRGF+298H,577.3,42.7,False
06b500000000001ab199,2.703125,HIGH,1,0.6747000217437744,6P58RR89+3WH5,577.4,31.6,False
06b50000000000330581,3.9921875,MEDIUM,1,0.859499990940094,6P58RRGF+2C74,577.7,101.6,False
06b500000000001f176c,4.59375,HIGH,1,0.7894999980926514,6P58RRF9+F67Q,578.4,90.1,False
06b5000000000018d8f1,7.375,HIGH,1,0.781499981880188,6P58RR98+XJJ8,578.4,610.9,False
06b5000000000014bac3,5.140625,HIGH,1,0.7756999731063843,6P58RR89+5JPR,578.6,228.9,False
06b5000000000014904b,4.078125,MEDIUM,1,0.6654000282287598,6P58RR98+GP3M,578.7,13.2,False
06b500000000001e719e,3.546875,LOW,1,0.65420001745224,6P58RRC8+7M3C,578.7,51.8,False
06b500000000003b039f,14.0078125,HIGH,1,0.6690000295639038,6P58RRGC+25MC,579.2,42.2,False
06b500000000003f51b5,3.890625,HIGH,1,0.7924000024795532,6P58RR89+8FFC,579.2,94.3,False
06b50000000000270100,4.6953125,HIGH,1,0.659500002861023,6P58RR89+F7V4,579.7,114.3,False
06b50000000000061904,43.796875,HIGH,1,0.8838000297546387,6P58RR9G+2P68,580.0,1577.3,False
06b500000000002999c7,4.703125,HIGH,1,0.8197000026702881,6P58RRC8+JPGR,580.4,180.2,False
06b500000000003b0772,3.2421875,HIGH,1,0.704800009727478,6P58RR89+3W9J,580.5,16.9,False
06b500000000000624a6,5.3359375,HIGH,1,0.7231000065803528,6P58RR98+2V5M,580.7,31.8,False
06b500000000001672d8,4.6953125,MEDIUM,1,0.7214000225067139,6P58RR7C+X4V5,580.7,52.8,False
06b500000000002b3028,4.484375,HIGH,1,0.8693000078201294,6P58RRC8+PQCW,580.8,127.0,False
06b5000000000024f8df,5.5703125,HIGH,1,0.7527999877929688,6P58RR89+6HH4,581.7,146.1,False
06b5000000000028563e,7.1484375,HIGH,1,0.8640999794006348,6P58RRF8+2V69,582.0,223.6,False
06b500000000003a39ea,6.4296875,HIGH,1,0.8077999949455261,6P58RR8G+83XJ,582.1,88.2,False
06b500000000003fdb7b,4.3828125,MEDIUM,1,0.7990999817848206,6P58RR8G+947G,582.2,113.2,False
06b500000000001225b6,6.6171875,MEDIUM,1,0.6852999925613403,6P58RRF9+RM6C,582.3,28.3,False
06b50000000000129688,4.90625,HIGH,1,0.8148999810218811,6P58RRC8+3J3V,582.4,292.3,False
06b500000000003c10de,3.75,HIGH,1,0.8406000137329102,6P58RR8C+224P,582.7,102.2,False
06b500000000001f4b72,7.9296875,HIGH,1,0.7793999910354614,6P58RR8G+836P,582.9,85.2,False
06b500000000002a1e57,5.2109375,HIGH,1,0.7681000232696533,6P58RR8F+3MMP,583.1,20.2,False
06b500000000001361db,30.9921875,HIGH,1,0.9027000069618225,6P58RR7F+Q3PQ,583.5,1187.1,False
06b500000000003a0260,4.953125,HIGH,1,0.6919000148773193,6P58RR8F+3MX4,583.7,105.9,False
06b500000000000e81a3,4.8125,HIGH,1,0.7689999938011169,6P58RR89+2X5X,583.8,106.4,False
06b50000000000080445,5.640625,HIGH,1,0.7045999765396118,6P58RRC8+8MJ4,583.8,58.8,False
06b50000000000224754,3.9921875,HIGH,1,0.8930000066757202,6P58RR89+8CFX,584.2,164.9,False
06b50000000000344385,5.078125,HIGH,1,0.6848999857902527,6P58RR89+M436,584.3,45.9,False
06b50000000000142acd,4.8671875,HIGH,1,0.9121000170707703,6P58RRF9+F5H7,584.8,141.6,False
06b5000000000009e22e,4.3671875,HIGH,1,0.82669997215271,6P58RR7C+W95F,584.8,65.0,False
06b50000000000109597,8.3046875,HIGH,1,0.8296999931335449,6P58RRC8+RQ6G,585.0,379.1,False
06b50000000000094797,11.0,HIGH,1,0.8030999898910522,6P58RR8F+5VGQ,585.1,210.1,False
06b5000000000035eb52,5.8203125,HIGH,1,0.8669999837875366,6P58RR7C+VJCR,585.1,75.8,False
06b500000000000d80dc,4.375,HIGH,1,0.7657999992370605,6P58RR89+2WHX,585.2,183.5,False
06b5000000000018314f,12.375,HIGH,1,0.8062999844551086,6P58RR98+RJW4,585.3,110.2,False
06b500000000002b38b5,6.140625,HIGH,1,0.8073999881744385,6P58RR98+WJFH,585.5,127.6,False
06b5000000000030c345,8.5,HIGH,1,0.9460999965667725,6P58RR98+JJPJ,585.7,455.7,False
06b500000000001a0c46,1.234375,MEDIUM,1,0.7046999931335449,6P58RR7C+VCWV,585.9,20.5,False
06b50000000000033eef,8.5,HIGH,1,0.8855000138282776,6P58RR89+P242,585.9,518.2,False
06b500000000002edd1d,5.21875,HIGH,1,0.8967000246047974,6P58RR89+C7PV,586.2,233.9,False
06b500000000003ceb2f,4.9609375,HIGH,1,0.817300021648407,6P58RR88+WW6P,586.2,111.0,False
06b5000000000005cb20,5.2421875,HIGH,1,0.8607000112533569,6P58RR89+J3WW,586.2,152.2,False
06b500000000002fe2dd,7.6953125,HIGH,1,0.9283000230789185,6P58RRF9+J73J,586.5,631.6,False
06b50000000000336c62,5.875,HIGH,1,0.8324000239372253,6P58RRF8+3VC7,586.6,432.6,False
06b500000000003eac45,5.3515625,HIGH,1,0.6953999996185303,6P58RR89+6HJ5,586.7,52.9,False
06b500000000001e0194,16.2265625,HIGH,1,0.8917999863624573,6P58RRGC+5QG5,586.8,236.0,False
06b5000000000020c4ca,14.4609375,HIGH,1,0.8050000071525574,6P58RRGC+5JH4,586.8,1522.9,False
06b500000000002a46b6,4.0703125,HIGH,1,0.6881999969482422,6P58RR89+F6X6,586.9,41.0,False
06b5000000000009e341,4.4765625,HIGH,1,0.6751000285148621,6P58RR89+3W26,587.1,15.1,False
06b50000000000273557,14.78125,HIGH,1,0.8687000274658203,6P58RRF9+92QX,587.1,841.4,False
06b500000000001fe7c1,8.9453125,HIGH,1,0.7358999848365784,6P58RR8G+726V,587.3,46.5,False
06b500000000000a97b2,4.3203125,LOW,1,0.6718000173568726,6P58RRC8+PP94,587.6,20.0,False
06b500000000001a9873,5.6015625,HIGH,1,0.6636999845504761,6P58RR7C+X42Q,587.6,62.9,False
06b5000000000025ab26,10.65625,HIGH,1,0.8212000131607056,6P58RRF8+5W9C,587.8,132.8,False
06b500000000002ead9a,6.7265625,HIGH,1,0.7394999861717224,6P58RR89+2VJ2,587.8,314.8,False
06b500000000002626ba,4.828125,HIGH,1,0.8199999928474426,6P58RRC8+JMQ3,588.1,247.4,False
06b50000000000093e0b,3.8359375,HIGH,1,0.6868000030517578,6P58RRC8+VQH9,588.2,40.4,False
06b500000000002d5c95,15.9765625,HIGH,1,0.7531999945640564,6P58RRC8+4JJX,588.5,256.9,False
06b5000000000031853b,4.3515625,LOW,1,0.7355999946594238,6P58RR8G+94H8,588.7,37.7,False
06b500000000002e0908,3.1484375,MEDIUM,1,0.6722999811172485,6P58RR8G+MCHF,588.8,59.6,False
06b500000000000e4e6e,3.125,MEDIUM,1,0.7447999715805054,6P58RR7C+W82G,588.9,124.5,False
06b500000000001dcde9,4.171875,HIGH,1,0.8245999813079834,6P58RR89+J4CP,589.5,53.3,False
06b5000000000026cd91,7.0859375,HIGH,1,0.736299991607666,6P58RRF9+VH4Q,589.6,358.2,False
06b500000000002010e7,3.125,LOW,1,0.7605000138282776,6P58RR7C+W7C9,590.2,13.9,False
06b500000000002ce7ea,26.546875,MEDIUM,1,0.7091000080108643,6P58RRGC+4VVQ,590.4,19.1,False
06b5000000000011c256,2.3125,LOW_RELAXED,1,0.6991000175476074,6P58RRF9+WQQX,590.7,72.3,False
06b5000000000012fb26,2.8359375,HIGH,1,0.6948000192642212,6P58RR9G+GVRH,591.0,67.2,False
06b50000000000023936,4.0703125,HIGH,1,0.7117999792098999,6P58RR8F+3M95,591.4,102.2,False
06b5000000000018b8de,8.0546875,HIGH,1,0.8008999824523926,6P58RR89+3R39,591.8,84.1,False
06b500000000002356b7,7.593749999999999,HIGH,1,0.8255000114440918,6P58RR89+2Q6V,591.8,983.7,False
06b50000000000343d7a,9.3984375,HIGH,1,0.7398999929428101,6P58RR8G+62RH,591.9,87.9,False
06b50000000000070b75,4.109375,MEDIUM,1,0.7943999767303467,6P58RR8G+95FF,592.0,41.1,False
06b5000000000016adc8,3.7421875,HIGH,1,0.8159999847412109,6P58RR7C+V99G,592.1,124.0,False
06b500000000003e4221,,NO_HEIGHT,0,0.7372000217437744,6P58RR7F+V6X5,592.2,55.6,False
06b500000000002fe78f,15.75,HIGH,1,0.7594000101089478,6P58RRGC+33GH,592.3,155.7,False
06b50000000000010e66,,NO_HEIGHT,0,0.6840999722480774,6P58RR7F+W72R,592.8,17.8,False
06b5000000000006ebe6,5.578125,HIGH,1,0.816100001335144,6P58RR98+RHQV,592.9,234.6,False
06b500000000001ee8b5,2.3125,LOW_RELAXED,1,0.7390000224113464,6P58RRF9+WQM5,593.3,30.4,False
06b50000000000228715,8.46875,HIGH,1,0.7114999890327454,6P58RR8G+7396,593.4,182.0,False
06b500000000000838d4,3.0234375,HIGH,1,0.7358999848365784,6P58RR89+5HHG,593.5,72.9,False
06b50000000000235458,4.8203125,MEDIUM,1,0.7268000245094299,6P58RR8G+VJR8,594.1,21.4,False
06b50000000000350a76,4.8203125,HIGH,1,0.8458999991416931,6P58RRF9+F5FJ,594.2,63.9,False
06b500000000002f2dc1,11.5859375,HIGH,1,0.7644000053405762,6P58RRGC+4562,594.4,246.9,False
06b500000000001525bd,2.6640625,LOW,1,0.6714000105857849,6P58RR7F+WCWX,594.8,44.2,False
06b500000000001ddb6e,2.859375,MEDIUM,1,0.7039999961853027,6P58RR7C+RHRP,595.3,39.0,False
06b500000000003b269b,4.015625,HIGH,1,0.7402999997138977,6P58RR89+5HMF,595.6,95.3,False
06b5000000000025a0e1,4.4375,MEDIUM,1,0.6550999879837036,6P58RR7C+X2G3,595.7,7.1,False
06b50000000000197040,4.2890625,HIGH,1,0.7523000240325928,6P58RR89+2V5V,595.9,58.6,False
06b5000000000002d56d,4.3984375,HIGH,1,0.8646000027656555,6P58RR7C+X229,596.0,89.5,False
06b5000000000017dc10,4.78125,HIGH,1,0.6935999989509583,6P58RR7F+XF4Q,596.2,71.4,False
06b500000000000f29a5,10.125,HIGH,1,0.8619999885559082,6P58RRF9+XRMG,596.3,166.8,False
06b500000000002cb621,3.1796875,HIGH,1,0.7857000231742859,6P58RR7C+V5R7,596.3,290.6,False
06b500000000001eb657,4.9609375,LOW,1,0.8016999959945679,6P58RR88+VVHW,596.5,63.9,False
06b500000000001c6da0,5.046875,HIGH,1,0.8008000254631042,6P58RR7C+RGV4,596.6,105.5,False
06b500000000002329d5,7.0703125,HIGH,1,0.9229000210762024,6P58RRF8+2Q45,596.6,516.0,False
06b5000000000020e200,5.328125,MEDIUM,1,0.7491999864578247,6P58RRF9+RJRG,596.8,20.4,False
06b500000000003b41e0,3.59375,HIGH,1,0.6647999882698059,6P58RRF8+4V9Q,597.0,14.2,False
06b5000000000008a2f2,5.635529157667386,HIGH,1,0.8781999945640564,6P58RR89+C2XH,597.0,3783.7,False
06b5000000000023790e,5.0546875,HIGH,1,0.7196000218391418,6P58RR8G+9553,597.3,168.7,False
06b5000000000012258f,6.234375,HIGH,1,0.8952999711036682,6P58RR89+97MW,597.3,241.5,False
06b500000000004017f7,3.46875,MEDIUM,1,0.8289999961853027,6P58RRC8+HG5P,597.4,1056.0,False
06b500000000002ad63e,3.203125,HIGH,1,0.6916999816894531,6P58RRC8+7HHX,597.8,61.2,False
06b500000000001e17c1,5.1328125,HIGH,1,0.6590999960899353,6P58RR7C+W3R2,597.9,83.1,False
06b5000000000039995d,3.28125,HIGH,1,0.692799985408783,6P58RR7C+RFMW,598.1,66.9,False
06b500000000002a46e6,5.953125,HIGH,1,0.8446000218391418,6P58RR79+XX4G,598.1,118.5,False
06b5000000000017247a,59.578125,HIGH,1,0.794700026512146,6P58RR88+WQM5,598.4,963.2,False
06b500000000003d11ed,4.3828125,MEDIUM,1,0.7401999831199646,6P58RRF9+WP66,598.4,36.1,False
06b500000000003df79b,4.6484375,HIGH,1,0.7226999998092651,6P58RRF8+4V6G,598.5,133.1,False
06b500000000003abc2d,2.9296875,HIGH,1,0.7839000225067139,6P58RRF9+F4HC,598.6,77.7,False
06b5000000000009cb9d,7.41796875,HIGH,1,0.6840999722480774,6P58RR89+3PQG,598.6,12.9,False
06b500000000000e6d31,14.4765625,HIGH,1,0.8855000138282776,6P58RRC8+4HV4,598.7,336.5,False
06b500000000002c65a9,6.578125,HIGH,1,0.8906999826431274,6P58RRC8+MG39,599.1,2021.3,False
06b50000000000255638,3.890625,HIGH,1,0.7523000240325928,6P58RRC8+QPFC,599.2,54.1,False
06b500000000003873da,10.9296875,HIGH,1,0.7815999984741211,6P58RR8G+627V,599.3,76.2,False
06b500000000002cf3d3,8.4296875,HIGH,1,0.8532999753952026,6P58RRF8+5V4F,599.6,228.7,False
06b500000000002ce808,8.1875,HIGH,1,0.7222999930381775,6P58RR7C+V4RP,599.6,197.1,False
06b500000000000f3fcd,4.859375,HIGH,1,0.8051999807357788,6P58RR89+6CW4,599.8,191.6,False
06b500000000003650de,4.0859375,LOW,1,0.765500009059906,6P58RR98+2R3R,600.0,31.7,False
06b500000000001166d8,47.78125,HIGH,1,0.895799994468689,6P58RR7C+QQ9J,600.1,2779.3,False
06b5000000000037f756,4.1328125,HIGH,1,0.7853999733924866,6P58RR89+5GVP,600.1,142.5,False
06b5000000000003c8a9,5.140625,HIGH,1,0.7394000291824341,6P58RR8G+G852,600.3,22.0,False
06b500000000003d9b83,3.2578125,LOW,1,0.7170000076293945,6P58RR89+J34Q,600.4,13.7,False
06b5000000000037b2a2,2.8046875,LOW_RELAXED,1,0.6520000100135803,6P58RRF9+XQ3P,600.4,29.9,False
06b50000000000018781,4.2890625,HIGH,1,0.7998999953269958,6P58RRC8+3H3J,600.5,191.4,False
06b50000000000248cb3,8.2578125,HIGH,1,0.8654999732971191,6P58RRF9+RFHJ,600.9,227.8,False
06b50000000000086253,8.0625,HIGH,1,0.958299994468689,6P58RRGC+56X5,601.0,776.6,False
06b50000000000213554,7.53125,HIGH,1,0.8695999979972839,6P58RR89+J2R3,601.0,291.7,False
06b5000000000006231b,6.3671875,HIGH,1,0.746999979019165,6P58RR8G+96XW,601.5,29.8,False
06b50000000000326712,5.6328125,HIGH,1,0.8284000158309937,6P58RRC8+PJ8P,601.7,615.2,False
06b5000000000022a882,12.6875,HIGH,1,0.9391000270843506,6P58RRF9+J598,601.8,571.9,False
06b5000000000038feff,3.703125,MEDIUM,1,0.6855000257492065,6P58RR8F+2PMM,602.3,22.3,False
06b5000000000005387c,,NO_HEIGHT,0,0.6960999965667725,6P58RRGF+2HV9,602.4,35.5,False
06b5000000000034ffc7,6.3984375,HIGH,1,0.8185999989509583,6P58RR8G+75CQ,602.4,232.1,False
06b50000000000343630,5.046875,MEDIUM,1,0.7174000144004822,6P58RR7C+RHCF,602.7,38.4,False
06b5000000000025b279,5.0234375,HIGH,1,0.801800012588501,6P58RR89+794W,602.9,202.6,False
06b5000000000028d4ec,4.859375,HIGH,1,0.7688999772071838,6P58RR89+4JF9,603.1,79.3,False
06b50000000000265796,57.4921875,HIGH,1,0.7120000123977661,6P58RR88+XR7C,603.3,117.2,False
06b50000000000085f3c,5.75,HIGH,1,0.9075000286102295,6P58RRC8+8F34,603.3,1051.0,False
06b5000000000009e003,2.859375,MEDIUM,1,0.6614999771118164,6P58RR7F+WFMH,603.3,27.6,False
06b50000000000119d63,4.0,HIGH,1,0.7537999749183655,6P58RRC8+RPMJ,603.9,121.6,False
06b5000000000015db31,7.703125,HIGH,1,0.7635999917984009,6P58RR8G+96H2,604.0,51.9,False
06b5000000000022f7c8,12.609375,HIGH,1,0.7876999974250793,6P58RR8G+63CQ,604.3,79.4,False
06b5000000000004ece2,,NO_HEIGHT,0,0.7972000241279602,6P58RRGF+55MW,604.4,331.8,False
06b500000000001df14c,4.0546875,HIGH,1,0.6801999807357788,6P58RR7F+XH9F,604.7,75.5,False
06b500000000000bb4f9,4.7734375,HIGH,1,0.8402000069618225,6P58RR7C+W33H,604.7,70.8,False
06b500000000001b726b,24.109375,LOW,1,0.6898000240325928,6P58RRF8+8X4C,605.0,31.9,False
06b500000000002a3676,4.1328125,MEDIUM,1,0.7626000046730042,6P58RR89+H3R3,605.4,68.4,False
06b500000000000e3abe,4.53125,HIGH,1,0.8259999752044678,6P58RR89+6F29,606.3,110.4,False
06b50000000000094509,4.9921875,HIGH,1,0.7570000290870667,6P58RR7C+W25V,606.7,104.3,False
06b500000000002612a6,4.484375,LOW,1,0.6506999731063843,6P58RR7F+WGMV,606.8,9.6,False
06b5000000000006f8ba,7.140625,HIGH,1,0.6779999732971191,6P58RR8G+C733,607.0,10.9,False
06b500000000003278a7,4.546875,HIGH,1,0.8192999958992004,6P58RR79+WWP7,607.1,190.9,False
06b5000000000033bad4,7.4765625,HIGH,1,0.7293999791145325,6P58RR8G+97F3,607.1,120.1,False
06b500000000001eec72,3.3203125,HIGH,1,0.7254999876022339,6P58RR7C+QGXV,607.1,92.1,False
06b500000000003c8727,5.140625,HIGH,1,0.8549000024795532,6P58RR89+3M6W,607.2,119.2,False
06b500000000001f2c7d,5.625,MEDIUM,1,0.8101999759674072,6P58RR89+885W,607.2,25.1,False
06b500000000002d8ad6,2.2578125,MEDIUM,1,0.796500027179718,6P58RRC8+7H2X,607.6,65.0,False
06b5000000000023ce43,6.34375,HIGH,1,0.753000020980835,6P58RR8G+F9M4,607.9,45.8,False
06b500000000003dbe60,5.609375,HIGH,1,0.7282000184059143,6P58RR8G+C86C,607.9,81.7,False
06b5000000000022355d,6.0078125,HIGH,1,0.7466999888420105,6P58RR98+RG9X,607.9,203.3,False
06b5000000000019f162,6.0,HIGH,1,0.9100000262260437,6P58RRG9+4WGH,608.0,591.3,False
06b500000000003462fd,4.3203125,HIGH,1,0.7509999871253967,6P58RR8F+2P7F,608.2,20.5,False
06b50000000000137d63,4.0546875,HIGH,1,0.7444000244140625,6P58RR7F+XJ86,608.2,77.4,False
06b500000000002d20c4,4.7421875,HIGH,1,0.853600025177002,6P58RR89+2MWW,608.4,114.6,False
06b500000000001da216,3.65625,HIGH,1,0.7746000289916992,6P58RRF9+F4R5,608.7,30.9,False
06b500000000000cc294,5.265625,MEDIUM,1,0.7533000111579895,6P58RRF9+WMCW,608.8,21.5,False
06b5000000000023fa82,5.6875,LOW,1,0.6553000211715698,6P58RR88+VR9X,609.1,31.0,False
06b500000000001216e3,4.25,LOW,1,0.7278000116348267,6P58RR98+QHC6,609.1,57.0,False
06b50000000000337bbd,5.5703125,HIGH,1,0.7670000195503235,6P58RR8G+8627,609.4,175.9,False
06b5000000000006d93a,5.75,HIGH,1,0.6872000098228455,6P58RRC8+8HMV,609.6,19.7,False
06b50000000000082b28,4.8671875,HIGH,1,0.6694999933242798,6P58RR7C+W26W,609.7,36.4,False
06b500000000001cda14,7.5703125,HIGH,1,0.8296999931335449,6P58RR7C+R778,609.8,290.8,False
06b500000000001ce8ac,5.0625,HIGH,1,0.794700026512146,6P58RR7C+QFQP,609.9,99.8,False
06b50000000000222e61,4.0234375,HIGH,1,0.9017999768257141,6P58RR89+87JM,610.2,287.1,False
06b500000000001f57c4,3.984375,MEDIUM,1,0.6843000054359436,6P58RR98+VGX8,610.4,11.4,False
06b500000000003426b1,4.15625,LOW,1,0.6626999974250793,6P58RR9G+4Q9V,610.4,31.2,False
06b5000000000005dbdb,5.140625,HIGH,1,0.8242999911308289,6P58RR79+WVQG,610.6,149.0,False
06b500000000000b9298,8.7890625,HIGH,1,0.79830002784729,6P58RR98+WG8W,610.9,114.1,False
06b5000000000031bda5,57.3203125,HIGH,1,0.6969000101089478,6P58RRGC+6WMJ,611.0,115.2,False
06b5000000000032bd21,3.40625,MEDIUM,1,0.7578999996185303,6P58RR7F+XMC2,611.1,25.6,False
06b5000000000034b8fc,13.78125,HIGH,1,0.7814000248908997,6P58RR8G+WP34,611.5,106.4,False
06b500000000001048d3,5.5,HIGH,1,0.7939000129699707,6P58RR89+78HQ,612.2,55.7,False
06b5000000000012bc72,6.84375,HIGH,1,0.7885000109672546,6P58RR8G+98FC,612.4,253.2,False
06b5000000000033f207,5.8359375,HIGH,1,0.7928000092506409,6P58RRF9+VGFG,612.4,106.9,False
06b500000000002b7fa8,25.578125,HIGH,1,0.8646000027656555,6P58RRF8+9WPF,612.5,922.9,False
06b5000000000028088c,5.375,HIGH,1,0.7971000075340271,6P58RR89+5C87,612.6,277.8,False
06b50000000000141f55,42.8203125,HIGH,1,0.9182000160217285,6P58RR8G+GF6F,612.8,293.9,False
06b5000000000039e9b7,5.0625,HIGH,1,0.7006000280380249,6P58RRC8+9H2P,612.8,62.2,False
06b500000000001fca61,17.8953857421875,HIGH,1,0.8888000249862671,6P58RR7F+PGQJ,613.1,4452.7,False
06b5000000000003b4dc,5.65625,HIGH,1,0.7723000049591064,6P58RRF9+XH5F,613.4,311.4,False
06b50000000000105bb2,4.09375,HIGH,1,0.7089999914169312,6P58RRC8+4G34,613.5,99.4,False
06b500000000001cb292,9.5390625,HIGH,1,0.6732000112533569,6P58RR8G+634F,613.5,44.9,False
06b500000000002fd4c6,5.125,HIGH,1,0.8022000193595886,6P58RR79+WRP8,613.6,455.5,False
06b5000000000034e07d,4.5625,HIGH,1,0.7709000110626221,6P58RR7F+XPP7,613.7,108.2,False
06b50000000000086402,6.0078125,HIGH,1,0.7621999979019165,6P58RRC8+3G3H,613.7,146.9,False
06b5000000000028a31b,5.625,HIGH,1,0.7645000219345093,6P58RR79+XRC9,613.7,56.2,False
06b500000000001c0f29,2.7421875,LOW,1,0.6984000205993652,6P58RR7C+R95X,613.7,13.4,False
06b500000000002bcbfe,8.390625,HIGH,1,0.9020000100135803,6P58RR9G+9WG3,613.9,544.0,False
06b50000000000384988,5.671875,HIGH,1,0.7682999968528748,6P58RRC8+5GX7,613.9,13.8,False
06b500000000002f265d,3.7578125,MEDIUM,1,0.6949999928474426,6P58RRF9+WJP6,614.2,28.1,False
06b5000000000034ef55,7.3671875,HIGH,1,0.6812000274658203,6P58RR9G+FW7W,614.3,13.2,False
06b5000000000005fc47,5.4296875,HIGH,1,0.7307999730110168,6P58RRC8+4GMM,614.7,137.1,False
06b500000000001cbe91,7.9765625,HIGH,1,0.8568999767303467,6P58RRF8+5R3G,614.9,156.8,False
06b500000000001caf13,,NO_HEIGHT,0,0.7105000019073486,6P58RRCG+6XGR,614.9,37.8,False
06b500000000000ba0be,5.0390625,HIGH,1,0.7279000282287598,6P58RR89+3H8H,614.9,192.2,False
06b5000000000026c2f2,6.939615121283255,HIGH,1,0.7782999873161316,6P58RR8G+43G9,615.0,1022.2,False
06b500000000002b0e73,1.3515625,LOW_RELAXED,1,0.676800012588501,6P58RRC8+CH2R,615.4,44.2,False
06b500000000001adae4,5.171875,HIGH,1,0.7721999883651733,6P58RR89+3J4J,615.8,117.3,False
06b5000000000028aeeb,7.328125,HIGH,1,0.7117999792098999,6P58RRF8+4R6F,615.8,59.0,False
06b50000000000314d71,4.59375,HIGH,1,0.798799991607666,6P58RR7C+V3F9,615.9,40.9,False
06b500000000000722a5,6.0546875,HIGH,1,0.7613000273704529,6P58RRC8+XPVF,615.9,356.0,False
06b500000000000903ed,2.1171875,LOW,1,0.8327000141143799,6P58RRC8+CGX5,616.4,134.5,False
06b500000000001dd26f,5.2265625,LOW,1,0.6577000021934509,6P58RRGC+69R8,616.4,159.1,False
06b50000000000340dc3,4.4140625,HIGH,1,0.6937000155448914,6P58RR89+4GJW,616.6,39.1,False
06b5000000000033ba34,5.265625,HIGH,1,0.8402000069618225,6P58RR7C+R5F4,616.7,160.4,False
06b500000000003ba474,8.515625,HIGH,1,0.8583999872207642,6P58RR8G+C9PF,616.8,118.7,False
06b500000000002bdd4f,5.5703125,HIGH,1,0.8295999765396118,6P58RR89+783J,616.9,184.6,False
06b5000000000014e487,5.1015625,HIGH,1,0.8479999899864197,6P58RRG9+2PHG,616.9,117.8,False
06b5000000000024fc8b,4.421875,HIGH,1,0.777899980545044,6P58RR7C+V3CF,617.1,23.8,False
06b50000000000103f50,8.515625,HIGH,1,0.8378000259399414,6P58RR8G+F995,617.2,71.9,False
06b500000000001ac99f,4.6328125,HIGH,1,0.7178999781608582,6P58RRC8+5GMM,617.2,91.2,False
06b500000000002e95cc,3.0625,HIGH,1,0.8648999929428101,6P58RR9G+JXFV,617.2,40.3,False
06b500000000003a44b3,5.1640625,HIGH,1,0.6887999773025513,6P58RR7C+QFFH,617.3,31.2,False
06b500000000000868c4,4.7890625,HIGH,1,0.772599995136261,6P58RR89+694H,617.4,173.9,False
06b500000000002419c6,7.0078125,HIGH,1,0.7598000168800354,6P58RR79+XQHJ,617.4,39.9,False
06b50000000000206293,8.6171875,HIGH,1,0.7975000143051147,6P58RRF8+4Q7F,617.6,267.7,False
06b50000000000123284,10.21859375,HIGH,1,0.9352999925613403,6P58RR9H+F2QF,617.7,1561.7,False
06b500000000002ace83,47.78125,HIGH,1,0.7111999988555908,6P58RR7C+QW9C,617.7,48.7,False
06b500000000003c1a93,4.109375,HIGH,1,0.6689000129699707,6P58RR89+4G8J,617.9,65.5,False
06b500000000001d6b5b,34.796875,LOW,1,0.781499981880188,6P58RR88+RRFJ,618.1,154.9,False
06b5000000000003666c,7.6015625,MEDIUM,1,0.6665999889373779,6P58RR7C+R67X,618.2,42.2,False
06b5000000000036e08a,3.53125,HIGH,1,0.8039000034332275,6P58RR89+68XP,618.3,64.6,False
06b50000000000375503,6.1484375,HIGH,1,0.7045999765396118,6P58RRC8+8GXC,618.3,21.7,False
06b5000000000031465b,4.34375,HIGH,1,0.7168999910354614,6P58RR79+VXW5,618.4,31.7,False
06b5000000000002e1d0,4.8125,HIGH,1,0.7717000246047974,6P58RR98+QGMG,618.8,77.4,False
06b5000000000006f654,4.0078125,HIGH,1,0.7569000124931335,6P58RR79+VXRH,618.8,55.1,False
06b5000000000022083b,6.78125,HIGH,1,0.8968999981880188,6P58RRF9+VFM5,618.9,174.0,False
06b5000000000010a581,5.109375,HIGH,1,0.761900007724762,6P58RRG9+2M9W,619.2,213.8,False
06b5000000000016728c,48.1328125,HIGH,1,0.8607000112533569,6P58RR9G+2RXH,619.6,803.8,False
06b50000000000239133,6.7734375,HIGH,1,0.8115000128746033,6P58RR98+WG6H,619.9,70.2,False
06b5000000000023eb5e,44.703125,HIGH,1,0.8938000202178955,6P58RR8G+JH37,620.0,367.7,False
06b500000000001c9ec7,3.2265625,LOW,1,0.7526000142097473,6P58RRC8+6GVR,620.1,45.7,False
06b500000000000e6d2b,5.1875,HIGH,1,0.7986000180244446,6P58RR7C+R39R,621.1,358.4,False
06b50000000000310dbc,5.90625,HIGH,1,0.8381999731063843,6P58RR98+RFH9,621.6,169.9,False
06b5000000000029b47a,4.125,HIGH,1,0.909500002861023,6P58RRG9+5XJJ,621.6,639.2,False
06b5000000000014a412,,NO_HEIGHT,0,0.7206000089645386,6P58RR9G+PX54,622.8,20.6,False
06b500000000002bc111,4.015625,MEDIUM,1,0.7311000227928162,6P58RRC8+2FH4,623.2,10.3,False
06b5000000000024f520,4.5,HIGH,1,0.8352000117301941,6P58RR7C+R44W,623.3,85.7,False
06b50000000000218929,3.8828125,HIGH,1,0.7975999712944031,6P58RR7C+PGP6,623.5,101.6,False
06b500000000003c0664,6.171875,HIGH,1,0.7135999798774719,6P58RR8G+7665,623.6,68.8,False
06b5000000000009dae3,7.15625,HIGH,1,0.7584999799728394,6P58RRF8+5RWV,623.9,27.8,False
06b5000000000000ec13,7.1796875,HIGH,1,0.6729999780654907,6P58RR8G+652H,624.0,58.5,False
06b50000000000318e4a,5.1796875,HIGH,1,0.7566999793052673,6P58RR89+4FFG,624.1,82.1,False
06b500000000002e7888,5.515625,HIGH,1,0.8144000172615051,6P58RR89+773X,624.5,184.4,False
06b500000000000767a0,6.3125,LOW_RELAXED,1,0.6696000099182129,6P58RR88+PV79,624.7,87.6,False
06b500000000001fa680,7.78125,HIGH,1,0.8593000173568726,6P58RR79+XP36,624.8,255.2,False
06b50000000000105b85,5.5546875,HIGH,1,0.8259000182151794,6P58RR98+WF8V,624.8,159.8,False
06b500000000001764eb,59.03125,HIGH,1,0.777999997138977,6P58RRGC+7WMJ,625.0,96.2,False
06b500000000001fd425,7.5546875,HIGH,1,0.8838000297546387,6P58RR9H+J249,625.1,695.5,False
06b5000000000033d4ff,6.5546875,HIGH,1,0.7351999878883362,6P58RRGC+6579,625.1,47.1,False
06b50000000000004d34,11.5234375,HIGH,1,0.8137999773025513,6P58RRF9+G3CR,625.2,120.2,False
06b5000000000000f5c6,6.0234375,HIGH,1,0.8242999911308289,6P58RR98+QFGW,625.3,110.0,False
06b500000000003fd320,2.75,MEDIUM,1,0.8098999857902527,6P58RRC8+FF2X,625.4,1308.9,False
06b5000000000039593c,5.2578125,MEDIUM,1,0.7529000043869019,6P58RRF9+WG8J,625.8,12.3,False
06b5000000000021fd1b,23.2734375,HIGH,1,0.8156999945640564,6P58RRGC+8V7M,625.8,404.1,False
06b50000000000055423,4.5625,LOW,1,0.713100016117096,6P58RR7F+WPVX,626.0,7.9,False
06b500000000000d303f,5.2578125,HIGH,1,0.7283999919891357,6P58RRF9+WG77,626.2,14.9,False
06b50000000000262c56,20.86328125,HIGH,1,0.8439000248908997,6P58RR9G+6X5G,626.2,1350.1,False
06b500000000003ff60c,2.8515625,MEDIUM,1,0.6922000050544739,6P58RR89+868J,626.3,41.6,False
06b5000000000038d39d,4.6875,HIGH,1,0.8496999740600586,6P58RRF9+WFQP,626.7,241.4,False
06b500000000000d5bc7,7.9453125,HIGH,1,0.8282999992370605,6P58RR8G+99XV,626.9,112.9,False
06b500000000000e03b5,3.0625,HIGH,1,0.7372999787330627,6P58RRC8+3FRX,627.1,148.2,False
06b5000000000014b2b8,23.40625,HIGH,1,0.9190999865531921,6P58RRGC+9J2Q,627.1,2065.6,False
06b500000000000558f2,7.9921875,HIGH,1,0.7458000183105469,6P58RR8G+CCFH,627.4,106.6,False
06b5000000000013c86d,5.7890625,HIGH,1,0.6858999729156494,6P58RRF9+XH33,627.4,21.6,False
06b50000000000251659,5.71875,HIGH,1,0.8062999844551086,6P58RRC8+3F3Q,627.5,119.0,False
06b50000000000205312,2.390625,MEDIUM,1,0.7584999799728394,6P58RRC8+7F88,627.6,68.0,False
06b50000000000082300,4.46875,HIGH,1,0.8300999999046326,6P58RR7C+PFC8,628.0,157.4,False
06b5000000000035dca1,6.5078125,HIGH,1,0.8180000185966492,6P58RR98+XFFM,628.1,202.9,False
06b500000000002a7613,5.96875,HIGH,1,0.7530999779701233,6P58RRG9+3QHR,628.1,42.4,False
06b500000000002eac31,5.5390625,HIGH,1,0.8677999973297119,6P58RR7C+PCF6,628.8,209.8,False
06b500000000000eecf7,6.421875,HIGH,1,0.847000002861023,6P58RRG9+3QRF,628.9,210.7,False
06b500000000002c6868,5.6875,HIGH,1,0.7560999989509583,6P58RR89+599W,629.3,21.1,False
06b50000000000344308,7.359375,HIGH,1,0.7251999974250793,6P58RRF9+F2RC,629.3,68.9,False
06b500000000000144e1,3.078125,HIGH,1,0.7300000190734863,6P58RRG9+2M6C,629.3,41.5,False
06b50000000000196fdf,14.3046875,HIGH,1,0.6725000143051147,6P58RRF8+FX87,629.8,41.4,False
06b500000000002af3d2,5.9765625,HIGH,1,0.7551000118255615,6P58RR8G+7658,630.0,68.7,False
06b5000000000037b720,3.7734375,HIGH,1,0.6617000102996826,6P58RR89+58W9,630.1,43.6,False
06b50000000000333aca,5.25,HIGH,1,0.8195000290870667,6P58RR79+VW7W,630.1,76.5,False
06b500000000000697f0,7.84375,HIGH,1,0.7497000098228455,6P58RRGC+66WJ,630.3,60.7,False
06b500000000001b9893,5.78125,HIGH,1,0.7419000267982483,6P58RR8G+655Q,630.6,112.1,False
06b5000000000000541e,3.59375,HIGH,1,0.8478999733924866,6P58RRGC+647V,630.7,64.3,False
06b500000000003232f6,9.421875,HIGH,1,0.8763999938964844,6P58RRF8+4PP3,630.8,245.5,False
06b5000000000011cf5e,6.4921875,HIGH,1,0.7721999883651733,6P58RR98+RFM5,631.0,75.7,False
06b5000000000027abd4,6.84375,HIGH,1,0.8410999774932861,6P58RRC8+9F45,631.3,73.7,False
06b5000000000028bef4,6.2578125,HIGH,1,0.7771999835968018,6P58RR8G+66MH,631.6,49.0,False
06b500000000000c143c,,NO_HEIGHT,0,0.6500999927520752,6P58RRGF+67V5,631.8,13.4,False
06b50000000000331302,,NO_HEIGHT,0,0.7907999753952026,6P58RRF8+7VR6,631.8,47.6,False
06b5000000000003bd1d,5.6953125,HIGH,1,0.7484999895095825,6P58RR8G+78JP,631.8,144.0,False
06b500000000002acc2f,12.046875,HIGH,1,0.7530999779701233,6P58RRF8+FXFX,632.0,87.3,False
06b5000000000022d2c7,5.828125,HIGH,1,0.7854999899864197,6P58RR79+WMVV,632.2,244.2,False
06b500000000003c7e2a,3.8828125,HIGH,1,0.8737000226974487,6P58RRF9+J222,632.2,748.1,False
06b5000000000036f0e2,7.484375,HIGH,1,0.7131999731063843,6P58RR98+GG24,632.2,53.3,False
06b500000000001d987b,5.859375,HIGH,1,0.7064999938011169,6P58RR8G+773W,632.2,84.5,False
06b5000000000025ed3d,,NO_HEIGHT,0,0.6823999881744385,6P58RR7C+Q68J,633.0,23.1,False
06b500000000003b2f1f,3.8125,HIGH,1,0.7307000160217285,6P58RR89+7679,633.2,153.2,False
06b500000000002556ae,6.453125,HIGH,1,0.7031000256538391,6P58RRF9+J3C5,633.3,217.7,False
06b5000000000032201e,8.546875,HIGH,1,0.7389000058174133,6P58RR98+5HP8,633.3,217.7,False
06b5000000000024276f,5.140625,MEDIUM,1,0.7074000239372253,6P58RR89+2J32,633.7,35.6,False
06b500000000002894ef,9.9375,HIGH,1,0.821399986743927,6P58RR98+FGC2,633.8,149.3,False
06b500000000002cc437,8.5078125,LOW,1,0.6766999959945679,6P58RR9G+8XJP,634.0,14.4,False
06b50000000000128764,3.78125,HIGH,1,0.7290999889373779,6P58RR8G+88HP,634.2,46.9,False
06b500000000000cbd43,6.7109375,HIGH,1,0.743399977684021,6P58RR8G+CF8R,634.3,348.7,False
06b5000000000012bc3a,4.453125,HIGH,1,0.792900025844574,6P58RR79+RWHX,634.4,101.5,False
06b5000000000023553e,11.8515625,HIGH,1,0.9162999987602234,6P58RR7C+P96G,634.4,133.5,False
06b50000000000199bb9,5.984375,HIGH,1,0.7494999766349792,6P58RRF8+2MQC,634.4,58.6,False
06b500000000000187ac,6.34375,HIGH,1,0.8485000133514404,6P58RRC8+XJP9,634.4,376.2,False
06b50000000000185547,7.5234375,HIGH,1,0.807200014591217,6P58RRC8+PG85,634.5,322.7,False
06b50000000000197011,20.4765625,HIGH,1,0.8684999942779541,6P58RR8G+WRXP,634.5,211.9,False
06b500000000001d0c5a,,NO_HEIGHT,0,0.795199990272522,6P58RRGF+72RQ,634.6,15.3,False
06b500000000002a6415,38.8046875,HIGH,1,0.8450000286102295,6P58RR8G+GHP6,634.9,320.6,False
06b500000000000f363c,2.4140625,HIGH,1,0.7900000214576721,6P58RR7F+VPR4,635.4,52.1,False
06b500000000003248b3,5.9140625,HIGH,1,0.7468000054359436,6P58RRC8+3C5J,635.4,171.0,False
06b5000000000006de35,5.5234375,HIGH,1,0.8809999823570251,6P58RR98+JFJ7,635.6,242.4,False
06b500000000002f5c25,6.890625,HIGH,1,0.8955000042915344,6P58RR79+XHV9,635.6,197.9,False
06b50000000000330fe3,9.8203125,HIGH,1,0.861299991607666,6P58RRC8+5C5F,635.7,188.3,False
06b500000000003dec20,5.5625,HIGH,1,0.8119000196456909,6P58RR79+VV4G,635.9,96.7,False
06b500000000001d3a83,5.9375,HIGH,1,0.7694000005722046,6P58RR89+49M8,636.4,135.4,False
06b5000000000003e75e,7.1484375,HIGH,1,0.6647999882698059,6P58RRGC+65XJ,636.4,16.5,False
06b5000000000039b128,4.90625,HIGH,1,0.8303999900817871,6P58RR89+6778,636.5,136.0,False
06b5000000000008461d,,NO_HEIGHT,0,0.7214999794960022,6P58RRCH+F239,636.7,15.9,False
06b500000000003c57fd,5.171875,HIGH,1,0.8166000247001648,6P58RR79+RWM2,637.1,139.9,False
06b5000000000016a590,6.0078125,HIGH,1,0.8070999979972839,6P58RR79+RR4H,637.2,1081.6,False
06b500000000001120a9,2.828125,LOW,1,0.8129000067710876,6P58RR98+HFV9,637.5,57.1,False
06b500000000001b07f1,32.265625,HIGH,1,0.9333999752998352,6P58RR9G+2W7W,637.6,940.4,False
06b500000000003f3a64,9.6015625,HIGH,1,0.7911999821662903,6P58RR98+CFHX,637.9,138.9,False
06b5000000000034aa0a,3.3359375,HIGH,1,0.823199987411499,6P58RR7F+VMH7,638.0,59.4,False
06b50000000000214ed0,5.1953125,HIGH,1,0.7419000267982483,6P58RRF8+2MJ9,638.2,124.7,False
06b500000000003cec0a,4.0546875,LOW,1,0.8719000220298767,6P58RR7C+P5VP,639.0,101.5,False
06b5000000000022fd74,5.6875,HIGH,1,0.8352000117301941,6P58RR89+3CGQ,639.3,106.1,False
06b5000000000014af3f,8.0078125,HIGH,1,0.741100013256073,6P58RR88+MV72,639.3,20.1,False
06b50000000000251814,3.2421875,LOW,1,0.7021999955177307,6P58RRC8+7C76,639.3,102.0,False
06b50000000000013f75,4.6015625,HIGH,1,0.6531000137329102,6P58RR8G+5585,639.5,50.9,False
06b500000000003ee42f,6.6953125,HIGH,1,0.7828999757766724,6P58RR98+WC83,639.6,50.2,False
06b50000000000327ab8,8.6953125,HIGH,1,0.8181999921798706,6P58RR98+WCW7,639.6,110.4,False
06b5000000000036103b,4.921875,HIGH,1,0.7577000260353088,6P58RR8G+676G,640.0,86.6,False
06b5000000000019c101,5.984375,HIGH,1,0.8549000024795532,6P58RRGF+5JHH,640.3,146.0,False
06b500000000002378dc,4.75,HIGH,1,0.7886000275611877,6P58RR8G+89QV,640.5,53.1,False
06b50000000000182e08,22.8984375,HIGH,1,0.8540999889373779,6P58RR8G+HMV7,640.9,439.8,False
06b500000000003054ba,6.0859375,HIGH,1,0.7965999841690063,6P58RRF8+4PC3,640.9,79.9,False
06b5000000000005a183,13.796875,HIGH,1,0.7856000065803528,6P58RR7C+MM95,641.0,416.9,False
06b500000000001f28b2,5.4140625,LOW,1,0.6754999756813049,6P58RRF8+3MX5,641.1,13.2,False
06b500000000001bacfb,6.1875,HIGH,1,0.9408000111579895,6P58RR88+HRH7,641.2,634.2,False
06b5000000000012409f,6.0625,HIGH,1,0.7246000170707703,6P58RR8G+8CWV,641.3,136.0,False
06b5000000000002cdb6,5.109375,HIGH,1,0.746399998664856,6P58RRC8+2CR2,641.9,199.2,False
06b500000000003f06ac,5.671875,HIGH,1,0.8736000061035156,6P58RRGC+9853,642.6,549.3,False
06b500000000003f373c,5.640625,HIGH,1,0.7465000152587891,6P58RR8G+7836,642.6,75.8,False
06b50000000000163aeb,4.34375,MEDIUM,1,0.6622999906539917,6P58RR8G+56FW,642.7,50.6,False
06b5000000000022109a,7.375,HIGH,1,0.7799999713897705,6P58RR98+RCMP,643.0,149.1,False
06b5000000000025b6bd,4.4765625,HIGH,1,0.7569000124931335,6P58RR79+WP3V,643.1,39.4,False
06b5000000000036a979,4.9375,HIGH,1,0.8586999773979187,6P58RR8G+67HR,643.3,70.2,False
06b50000000000061f62,20.4765625,LOW,1,0.6588000059127808,6P58RR88+XJQ8,643.7,72.3,False
06b500000000001a5686,7.21875,HIGH,1,0.7742000222206116,6P58RRC8+8CWG,643.7,102.4,False
06b50000000000000e23,7.015625,HIGH,1,0.7250000238418579,6P58RR8G+456F,643.8,92.1,False
06b500000000003b4a42,4.9921875,HIGH,1,0.8220999836921692,6P58RR79+WJV5,644.3,93.5,False
06b50000000000061ca5,5.6015625,HIGH,1,0.8022000193595886,6P58RR89+2FJW,644.4,89.0,False
06b50000000000107e2b,3.515625,LOW,1,0.7401999831199646,6P58RRGF+83J5,644.6,25.4,False
06b500000000001be4e0,17.328125,HIGH,1,0.8269000053405762,6P58RRF8+4MG7,644.8,152.9,False
06b50000000000155a14,3.4765625,HIGH,1,0.6920999884605408,6P58RR7F+VQV8,644.8,16.7,False
06b500000000001b1114,6.6015625,HIGH,1,0.8288999795913696,6P58RR98+QCMG,645.0,87.4,False
06b50000000000078c69,5.5078125,HIGH,1,0.8496999740600586,6P58RR79+QX7Q,645.1,169.4,False
06b50000000000060efd,5.046875,HIGH,1,0.7448999881744385,6P58RR79+RQVR,645.3,172.5,False
06b50000000000229cba,6.15625,HIGH,1,0.7372999787330627,6P58RR7F+VRWF,645.3,305.3,False
06b50000000000380ce5,6.9296875,HIGH,1,0.8476999998092651,6P58RR98+XCMC,645.4,80.6,False
06b5000000000016e5c1,6.3359375,LOW_RELAXED,1,0.6787999868392944,6P58RR7C+MCR3,645.5,11.3,False
06b50000000000390c78,5.484375,HIGH,1,0.861299991607666,6P58RR7F+VQC7,645.8,70.7,False
06b5000000000016ce23,5.6796875,HIGH,1,0.7900000214576721,6P58RR89+2F9G,645.9,65.0,False
06b500000000002b4a6b,3.484375,LOW,1,0.8274999856948853,6P58RR7C+MG6J,645.9,45.0,False
06b500000000003ba470,,NO_HEIGHT,0,0.6909000277519226,6P58RR7F+P72V,646.4,17.6,False
06b500000000002434ee,18.4453125,HIGH,1,0.8253999948501587,6P58RR98+FF2J,646.6,262.3,False
06b50000000000264565,6.265625,HIGH,1,0.8912000060081482,6P58RR7C+P644,646.6,103.5,False
06b500000000002ae534,39.15625,HIGH,1,0.8712000250816345,6P58RR88+VJJ2,646.7,877.0,False
06b500000000000f98bc,5.78125,HIGH,1,0.8264999985694885,6P58RR79+WHPP,647.0,244.2,False
06b500000000001050da,4.0234375,HIGH,1,0.6829000115394592,6P58RR7C+Q22M,647.4,102.9,False
06b5000000000036e3aa,,NO_HEIGHT,0,0.6571000218391418,6P58RR7F+P732,647.5,31.2,False
06b50000000000359751,10.3359375,HIGH,1,0.8794000148773193,6P58RR98+5GRH,647.9,334.8,False
06b500000000003cef2f,3.3359375,HIGH,1,0.8095999956130981,6P58RRC8+XH79,648.1,456.1,False
06b50000000000231bb4,4.4765625,MEDIUM,1,0.6898000240325928,6P58RR79+WM4Q,648.6,19.3,False
06b500000000003b2daf,8.421875,HIGH,1,0.8166000247001648,6P58RR79+VPF6,648.6,146.2,False
06b50000000000034f17,6.0625,HIGH,1,0.8001000285148621,6P58RR7F+WW3C,648.9,489.0,False
06b5000000000011a2a0,2.8203125,LOW,1,0.7361999750137329,6P58RR7C+MF3H,649.0,55.9,False
06b500000000002b7e92,4.375,LOW,1,0.8489999771118164,6P58RRGC+75VP,649.1,45.7,False
06b5000000000035f704,6.1171875,HIGH,1,0.7993999719619751,6P58RRC8+PFWG,649.3,500.6,False
06b50000000000258677,4.4765625,MEDIUM,1,0.6869000196456909,6P58RR8G+785G,649.4,34.1,False
06b500000000001419ea,7.203125,HIGH,1,0.8435999751091003,6P58RRG9+5Q7M,649.6,116.7,False
06b50000000000043f3a,2.8203125,LOW,1,0.6642000079154968,6P58RR7C+MF67,649.8,25.9,False
06b500000000001eb90d,7.4453125,HIGH,1,0.8041999936103821,6P58RR98+W9HG,649.8,103.8,False
06b50000000000212975,4.1171875,MEDIUM,1,0.7989000082015991,6P58RR89+48GC,649.9,32.2,False
06b500000000000528fe,5.8828125,HIGH,1,0.7705000042915344,6P58RRC8+39MW,650.1,519.8,False
06b50000000000152d5a,31.7734375,LOW,1,0.6729999780654907,6P58RR7F+M4G2,650.3,23.9,False
06b50000000000014460,2.9296875,LOW,1,0.7064999938011169,6P58RRGC+74XV,650.3,62.9,False
06b500000000003e1a53,,NO_HEIGHT,0,0.685699999332428,6P58RR7F+P744,650.4,16.3,False
06b500000000000e8864,2.7578125,LOW,1,0.6568999886512756,6P58RRC8+6CR2,650.5,52.6,False
06b500000000003854c7,28.44284539473684,HIGH,1,0.8179000020027161,6P58RRF8+4H9X,650.5,832.1,False
06b500000000001ba932,3.65625,LOW,1,0.6597999930381775,6P58RR89+492R,650.6,12.0,False
06b5000000000013f836,6.015625,HIGH,1,0.7123000025749207,6P58RR89+39P8,650.6,18.8,False
06b500000000002a02e6,5.9375,HIGH,1,0.7059999704360962,6P58RR8G+9FX9,650.8,55.3,False
06b500000000003b3229,7.2421875,HIGH,1,0.7548999786376953,6P58RR8G+9F2H,651.1,53.5,False
06b500000000001dd868,,NO_HEIGHT,0,0.7264999747276306,6P58RRF9+W966,651.1,51.6,False
06b500000000002499a5,4.8671875,HIGH,1,0.6881999969482422,6P58RR7C+JGXM,651.3,47.4,False
06b5000000000014b3d8,5.3359375,HIGH,1,0.8228999972343445,6P58RR88+JQC3,651.8,702.8,False
06b500000000002ae283,6.2578125,HIGH,1,0.7549999952316284,6P58RRF8+3J43,651.9,28.0,False
06b50000000000251923,6.859375,HIGH,1,0.7806000113487244,6P58RR98+X9GX,652.4,108.5,False
06b500000000001b29d3,3.8515625,LOW,1,0.7171000242233276,6P58RR7C+P49X,652.5,14.4,False
06b50000000000095eb8,6.625,HIGH,1,0.7764000296592712,6P58RRC8+59GQ,652.5,137.9,False
06b5000000000001b3f8,7.3515625,LOW,1,0.7677000164985657,6P58RR98+4GH8,652.7,57.2,False
06b50000000000378b48,4.953125,HIGH,1,0.8158000111579895,6P58RR89+748C,653.0,72.7,False
06b5000000000032d42c,3.7578125,HIGH,1,0.8687000274658203,6P58RR89+47G7,653.2,188.5,False
06b5000000000005b109,4.21875,HIGH,1,0.6883000135421753,6P58RR7C+M5W2,653.3,107.9,False
06b5000000000022177b,,NO_HEIGHT,0,0.6739000082015991,6P58RR7F+M5C2,653.3,10.9,False
06b50000000000190939,6.5625,HIGH,1,0.6843000054359436,6P58RR8G+57X7,653.4,28.7,False
06b500000000003d8b4a,3.859375,HIGH,1,0.7896999716758728,6P58RRGC+72RV,653.5,248.7,False
06b500000000000e46c9,3.8515625,LOW,1,0.7437999844551086,6P58RR7C+P49J,653.6,12.9,False
06b5000000000016bc1d,6.625,HIGH,1,0.8671000003814697,6P58RR98+Q9P8,653.7,140.5,False
06b50000000000043758,7.5703125,HIGH,1,0.8526999950408936,6P58RR7F+PC76,653.8,61.1,False
06b500000000002556c4,5.0859375,HIGH,1,0.8330000042915344,6P58RR89+2CF4,653.9,122.1,False
06b500000000003d600d,1.9375,HIGH,1,0.838100016117096,6P58RR9H+J4JM,654.0,42.5,False
06b5000000000038f83f,5.921875,HIGH,1,0.6531999707221985,6P58RR7C+JHPW,654.3,17.5,False
06b50000000000313ced,5.2890625,HIGH,1,0.6790000200271606,6P58RR89+397G,654.4,51.6,False
06b500000000003ff2d5,4.796875,HIGH,1,0.7281000018119812,6P58RR7F+RP6R,654.5,39.9,False
06b500000000001aaa29,7.515625,HIGH,1,0.9459999799728394,6P58RRG9+5M3V,654.5,320.1,False
06b5000000000020285c,4.8671875,HIGH,1,0.7900999784469604,6P58RR79+XGF2,654.5,46.5,False
06b5000000000021f972,28.875,HIGH,1,0.9075999855995178,6P58RR9H+23FR,654.6,3407.8,False
06b5000000000027edfd,5.09375,HIGH,1,0.8302000164985657,6P58RR8G+575C,654.7,179.7,False
06b500000000000bd917,11.625,HIGH,1,0.6887999773025513,6P58RR7F+VQ9P,654.9,19.7,False
06b500000000000e8804,6.2890625,HIGH,1,0.7041000127792358,6P58RR89+6534,654.9,87.3,False
06b500000000001b889c,3.34375,HIGH,1,0.8465999960899353,6P58RRGC+85GX,655.2,69.2,False
06b500000000003b61dd,6.6953125,HIGH,1,0.8907999992370605,6P58RR89+645C,655.2,295.6,False
06b50000000000306b32,4.578125,HIGH,1,0.8016999959945679,6P58RR89+56C7,655.5,182.6,False
06b5000000000036ec29,9.2109375,HIGH,1,0.8399999737739563,6P58RR79+RP3G,655.6,489.3,False
06b500000000003756f0,2.640625,HIGH,1,0.6883999705314636,6P58RR7F+RPHW,655.6,47.6,False
06b5000000000013b0b4,5.8984375,HIGH,1,0.6729999780654907,6P58RR7C+JHJ4,655.7,35.6,False
06b500000000003b2963,38.8046875,HIGH,1,0.8148000240325928,6P58RR8G+JPJ2,655.8,22.1,False
06b500000000000e110d,4.8359375,HIGH,1,0.7960000038146973,6P58RR7C+M48C,655.9,367.7,False
06b500000000001ec2ee,4.4765625,HIGH,1,0.7854999899864197,6P58RRGF+6JQ5,656.0,96.7,False
06b50000000000397503,4.5234375,HIGH,1,0.7904999852180481,6P58RR7C+JH8Q,656.2,158.7,False
06b500000000003cc067,,NO_HEIGHT,0,0.7096999883651733,6P58RR7F+J4R7,656.3,51.2,False
06b500000000002e04fa,4.4921875,HIGH,1,0.8216999769210815,6P58RR79+XFMG,656.3,70.3,False
06b5000000000002bc2c,6.796875,HIGH,1,0.7717000246047974,6P58RR8G+9F5W,656.8,47.6,False
06b500000000000b9bc6,7.203125,HIGH,1,0.8205999732017517,6P58RR8G+CH74,656.8,285.1,False
06b50000000000383aec,5.890625,HIGH,1,0.7027999758720398,6P58RR8G+8FC4,656.8,64.6,False
06b5000000000001d236,16.5859375,HIGH,1,0.8557999730110168,6P58RR8G+HPQ5,657.1,679.0,False
06b5000000000012f93e,3.390625,HIGH,1,0.7876999974250793,6P58RRC8+995P,657.3,39.0,False
06b50000000000033d28,2.6171875,LOW_RELAXED,1,0.6861000061035156,6P58RRGC+835C,657.5,35.6,False
06b500000000003e3d0f,5.7421875,HIGH,1,0.8597000241279602,6P58RR79+VM6R,657.8,131.3,False
06b5000000000031be14,7.09375,HIGH,1,0.7788000106811523,6P58RR98+W9FH,657.8,62.3,False
06b5000000000029081a,5.296875,HIGH,1,0.8238999843597412,6P58RR8G+FJC3,657.8,89.7,False
06b50000000000349087,,NO_HEIGHT,0,0.7109000086784363,6P58RR98+7FWM,658.0,15.3,False
06b500000000002d3f0d,5.5234375,HIGH,1,0.7562000155448914,6P58RR89+29VQ,658.0,60.1,False
06b500000000000f7d99,19.1640625,HIGH,1,0.8586000204086304,6P58RRGC+CMW2,658.1,846.4,False
06b500000000002bfad9,10.9140625,HIGH,1,0.8751000165939331,6P58RR98+FCMM,658.1,76.3,False
06b500000000000d8ed5,2.78125,HIGH,1,0.8899999856948853,6P58RRG9+3G2H,658.5,48.5,False
06b500000000000e7709,7.4609375,HIGH,1,0.8108000159263611,6P58RR98+R9FV,658.6,106.0,False
06b50000000000294529,6.9609375,HIGH,1,0.7113999724388123,6P58RR79+PWXC,658.6,67.1,False
06b500000000001e6e1d,5.0859375,HIGH,1,0.8409000039100647,6P58RR89+28WW,658.9,203.9,False
06b5000000000000f004,9.5390625,HIGH,1,0.8910999894142151,6P58RRF8+CP5F,658.9,604.9,False
06b50000000000224e3e,6.703125,HIGH,1,0.6808000206947327,6P58RRC8+593R,659.0,21.0,False
06b5000000000011cb21,18.6640625,HIGH,1,0.8596000075340271,6P58RRGC+CVVF,659.2,1303.6,False
06b50000000000294e1f,2.390625,HIGH,1,0.6769000291824341,6P58RRF9+R5XR,659.2,187.3,False
06b5000000000021d114,5.8203125,MEDIUM,1,0.6894999742507935,6P58RR8G+9GCG,660.0,8.4,False
06b5000000000039b5a7,3.953125,LOW,1,0.7434999942779541,6P58RRC8+H943,660.2,420.1,False
06b50000000000322e99,7.484375,LOW,1,0.7885000109672546,6P58RRGF+92QR,660.2,35.4,False
06b5000000000027c4ef,4.8359375,HIGH,1,0.6632000207901001,6P58RR79+XCWM,660.4,48.5,False
06b5000000000024dbb4,5.125,MEDIUM,1,0.7386000156402588,6P58RR79+QW3G,660.8,23.7,False
06b500000000001a9959,10.046875,HIGH,1,0.6805999875068665,6P58RRF8+GV8X,661.0,49.1,False
06b50000000000344265,11.984375,HIGH,1,0.8276000022888184,6P58RR98+4FW7,661.2,361.4,False
06b5000000000040da1d,5.5,HIGH,1,0.7656000256538391,6P58RR7C+M28F,661.2,694.5,False
06b5000000000005f2eb,4.15625,HIGH,1,0.7791000008583069,6P58RR79+WGFC,661.3,157.7,False
06b500000000002e2c87,10.125,HIGH,1,0.7825000286102295,6P58RR7F+RRFV,661.6,104.2,False
06b500000000002dafeb,6.59375,HIGH,1,0.6607000231742859,6P58RR7F+QMQX,661.7,59.1,False
06b50000000000065cbe,2.984375,HIGH,1,0.8519999980926514,6P58RRGF+6PCF,661.8,84.7,False
06b50000000000037547,3.9453125,HIGH,1,0.7893999814987183,6P58RR7C+JG45,661.9,57.6,False
06b500000000001c3ec2,8.9453125,HIGH,1,0.8601999878883362,6P58RR7F+RQG8,661.9,68.4,False
06b5000000000008d102,4.3515625,HIGH,1,0.7336999773979187,6P58RR89+2975,662.0,162.7,False
06b5000000000034f04a,11.375,HIGH,1,0.9373000264167786,6P58RRGC+96V8,662.2,356.0,False
06b50000000000247fd8,2.6015625,MEDIUM,1,0.7111999988555908,6P58RRC8+XGX4,662.3,164.7,False
06b5000000000023c615,13.0234375,LOW,1,0.8281000256538391,6P58RR98+FC32,662.4,29.9,False
06b500000000003428a8,7.3203125,HIGH,1,0.7617999911308289,6P58RRC8+89PC,662.5,22.9,False
06b500000000001f0c77,4.203125,HIGH,1,0.8288999795913696,6P58RR89+736X,662.6,149.5,False
06b5000000000008eba1,4.5546875,HIGH,1,0.777999997138977,6P58RR9H+M5RV,662.6,62.5,False
06b5000000000036456b,4.0703125,HIGH,1,0.7317000031471252,6P58RR79+WFW2,662.9,127.3,False
06b500000000001d4e7f,4.4609375,LOW,1,0.8424000144004822,6P58RR7C+HJVF,662.9,68.8,False
06b500000000001a6f60,8.65625,HIGH,1,0.6966000199317932,6P58RR7F+RRQ3,663.1,93.2,False
06b500000000003a568d,8.2578125,HIGH,1,0.7635999917984009,6P58RRC8+59J8,663.3,57.6,False
06b500000000003b6abe,,NO_HEIGHT,0,0.784500002861023,6P58RRC8+F9WP,663.4,117.4,False
06b500000000002e1e3d,6.2421875,HIGH,1,0.8051000237464905,6P58RR98+W96R,663.5,62.0,False
06b500000000000713b0,4.2578125,HIGH,1,0.8098999857902527,6P58RR7C+M53Q,663.6,80.4,False
06b5000000000028d6e6,4.5703125,MEDIUM,1,0.8165000081062317,6P58RR8G+7FR4,663.6,31.9,False
06b5000000000034761b,8.1015625,HIGH,1,0.8680999875068665,6P58RR98+X8HF,663.6,131.4,False
06b50000000000159893,4.8125,HIGH,1,0.8276000022888184,6P58RR79+QQF4,664.0,176.8,False
06b500000000000ca9a7,6.546875,HIGH,1,0.7662000060081482,6P58RR8G+6CV7,664.1,64.3,False
06b500000000003b4104,5.7578125,HIGH,1,0.7376999855041504,6P58RR8G+6998,664.2,59.4,False
06b500000000003a785b,6.390625,HIGH,1,0.6776999831199646,6P58RR8G+9G4X,664.6,72.4,False
06b50000000000140aec,5.921875,HIGH,1,0.8482999801635742,6P58RR8G+37RG,664.6,97.8,False
06b500000000001a4f5f,5.4375,HIGH,1,0.7965999841690063,6P58RR79+VJ7P,664.8,56.0,False
06b500000000002aa8c1,8.515625,HIGH,1,0.8202000260353088,6P58RR7F+RWCM,665.4,397.6,False
06b50000000000296a79,3.21875,HIGH,1,0.8366000056266785,6P58RRG9+7VQ8,665.4,113.9,False
06b500000000000c29de,3.4375,HIGH,1,0.6992999911308289,6P58RRC8+488X,665.5,55.8,False
06b5000000000033da8e,4.0625,HIGH,1,0.7878000140190125,6P58RRGC+943R,665.8,117.7,False
06b500000000000e067f,5.3203125,HIGH,1,0.7660999894142151,6P58RR89+3796,665.8,87.6,False
06b5000000000004b269,3.8984375,LOW,1,0.7304999828338623,6P58RR9H+M56C,666.2,50.0,False
06b50000000000148d5c,5.8046875,HIGH,1,0.869700014591217,6P58RRC8+J99M,666.2,251.0,False
06b5000000000004f630,6.4453125,HIGH,1,0.8238000273704529,6P58RR98+F9P2,666.8,161.6,False
06b5000000000000d199,,NO_HEIGHT,0,0.6542999744415283,6P58RR98+P892,666.8,164.5,False
06b500000000001bab0d,6.5234375,HIGH,1,0.7734000086784363,6P58RR8G+59QR,666.8,111.0,False
06b500000000001b8305,3.09375,HIGH,1,0.6665999889373779,6P58RR7C+HGJH,667.0,98.9,False
06b500000000000f609b,3.9453125,LOW,1,0.6991000175476074,6P58RR7C+HHJH,667.1,45.8,False
06b5000000000014ca85,31.9765625,HIGH,1,0.8097000122070312,6P58RRC8+XFPG,667.8,557.0,False
06b500000000003e8c7c,6.0,HIGH,1,0.8809999823570251,6P58RR98+R8GP,667.9,129.7,False
06b50000000000322953,8.7109375,HIGH,1,0.7982000112533569,6P58RRC8+5888,668.1,53.9,False
06b50000000000333e8b,15.6796875,HIGH,1,0.7616000175476074,6P58RR9H+7343,668.2,79.7,False
06b5000000000035cb79,3.703125,LOW,1,0.6765000224113464,6P58RRGC+82HJ,668.3,20.7,False
06b5000000000008dc44,18.0078125,HIGH,1,0.784600019454956,6P58RR8G+MQ85,668.3,42.0,False
06b5000000000040ad37,4.8828125,HIGH,1,0.7006000280380249,6P58RR89+72FQ,668.7,125.5,False
06b50000000000354563,6.125,HIGH,1,0.765999972820282,6P58RR98+W88H,668.7,54.3,False
06b5000000000023cd63,2.53125,LOW_RELAXED,1,0.6883999705314636,6P58RRGC+83J9,668.8,14.8,False
06b500000000002edace,3.8671875,HIGH,1,0.7738000154495239,6P58RRG9+7VMR,668.8,158.3,False
06b50000000000057e18,6.859375,HIGH,1,0.7490000128746033,6P58RR8G+6CHV,668.8,148.5,False
06b50000000000090389,3.1484375,MEDIUM,1,0.7447999715805054,6P58RR98+V8GX,668.9,14.2,False
06b500000000000ae25b,4.140625,MEDIUM,1,0.7027000188827515,6P58RR88+FVM2,668.9,26.8,False
06b5000000000024aac1,6.2734375,HIGH,1,0.666100025177002,6P58RRC8+28GM,669.0,24.9,False
06b5000000000029c3a6,6.453125,HIGH,1,0.9366000294685364,6P58RRG9+6M9P,669.2,191.0,False
06b50000000000183c4a,5.984375,HIGH,1,0.7890999913215637,6P58RR8G+8GQW,669.3,63.7,False
06b500000000001c1578,6.0546875,HIGH,1,0.6919000148773193,6P58RR7F+QRRC,669.5,70.4,False
06b5000000000002a120,6.703125,HIGH,1,0.7853999733924866,6P58RR79+VH82,669.5,120.2,False
06b500000000001b767f,4.96875,HIGH,1,0.8440999984741211,6P58RRGC+C74Q,669.6,114.3,False
06b500000000000ac58c,7.0625,HIGH,1,0.7835999727249146,6P58RRC8+58W2,669.7,69.4,False
06b500000000001cb541,6.4453125,HIGH,1,0.75,6P58RR7F+VW43,669.8,174.3,False
06b50000000000036bd6,4.375,MEDIUM,1,0.7135999798774719,6P58RRG9+2CJV,669.8,64.9,False
06b50000000000084d22,4.3359375,HIGH,1,0.7853000164031982,6P58RR7F+QQ6P,669.9,191.7,False
06b5000000000025b096,11.640625,HIGH,1,0.9003000259399414,6P58RRGC+F826,669.9,721.6,False
06b500000000002e14bf,3.9609375,HIGH,1,0.7821000218391418,6P58RR89+44VM,670.0,468.9,False
06b50000000000175779,3.4375,HIGH,1,0.7459999918937683,6P58RRF9+W6Q7,670.5,117.7,False
06b500000000002f4adc,6.234375,HIGH,1,0.753600001335144,6P58RR8G+8G9C,670.7,124.3,False
06b500000000001251e1,7.484375,HIGH,1,0.779699981212616,6P58RRC8+384C,671.2,15.3,False
06b5000000000002d5f5,,NO_HEIGHT,0,0.708299994468689,6P58RR98+C9HR,671.2,20.8,False
06b500000000002987a2,3.8984375,HIGH,1,0.7174000144004822,6P58RR79+WCXR,671.2,40.9,False
06b5000000000032821a,5.9140625,HIGH,1,0.7275999784469604,6P58RR8G+FMWG,671.3,61.8,False
06b500000000002c8b1a,4.140625,HIGH,1,0.7603999972343445,6P58RR88+FV2X,671.5,58.1,False
06b500000000001453f7,4.171875,HIGH,1,0.7584999799728394,6P58RR79+XCC2,671.7,31.7,False
06b50000000000294615,2.609375,LOW,1,0.7479000091552734,6P58RRGC+9332,671.8,40.9,False
06b500000000001bc44b,4.484375,HIGH,1,0.7985000014305115,6P58RR7G+X5VW,672.3,84.7,False
06b500000000002bf9c1,7.0546875,HIGH,1,0.8011999726295471,6P58RR8G+9JMX,672.4,366.3,False
06b5000000000021ea45,18.859375,MEDIUM,1,0.8263999819755554,6P58RRC8+WFQ3,672.4,45.7,False
06b5000000000030e5d3,5.703125,HIGH,1,0.782800018787384,6P58RR79+QMGJ,672.4,235.1,False
06b500000000001b4f78,6.1015625,HIGH,1,0.9025999903678894,6P58RRGC+92GH,672.6,277.0,False
06b500000000001a1e0a,4.953125,HIGH,1,0.7791000008583069,6P58RR79+RJMR,672.7,52.5,False
06b500000000001b89d7,5.0,HIGH,1,0.8032000064849854,6P58RR79+VGF5,672.8,159.8,False
06b500000000003428f3,5.03125,LOW,1,0.7746999859809875,6P58RRG9+4HV2,672.9,19.8,False
06b5000000000034139c,6.6875,HIGH,1,0.7505000233650208,6P58RR8G+9H3F,673.1,34.0,False
06b500000000002a9846,4.1171875,HIGH,1,0.8659999966621399,6P58RRC8+28JW,673.5,56.2,False
06b500000000002f742c,3.5234375,HIGH,1,0.7699000239372253,6P58RR88+GQP4,673.6,133.8,False
06b50000000000227aea,10.9765625,HIGH,1,0.6937999725341797,6P58RR7F+PMXP,673.6,20.5,False
06b500000000001cd8a4,9.0703125,HIGH,1,0.7901999950408936,6P58RR9H+G564,673.7,73.6,False
06b50000000000000293,5.390625,HIGH,1,0.8169999718666077,6P58RR89+2758,673.7,176.9,False
06b50000000000085f54,17.8984375,HIGH,1,0.8202000260353088,6P58RRF8+5HQ5,674.0,65.5,False
06b500000000003f2113,3.9375,HIGH,1,0.7421000003814697,6P58RRC8+M9GP,674.1,160.9,False
06b5000000000006a35d,12.75,HIGH,1,0.77920001745224,6P58RR98+4F62,674.2,192.0,False
06b500000000002cfa03,5.546875,HIGH,1,0.7480999827384949,6P58RR89+365M,674.3,89.8,False
06b500000000001d2aea,3.9375,HIGH,1,0.8626000285148621,6P58RRG9+8XMR,674.4,112.3,False
06b5000000000010830a,4.578125,HIGH,1,0.8460000157356262,6P58RRF9+V5MP,674.7,64.2,False
06b50000000000170160,7.2578125,HIGH,1,0.8773000240325928,6P58RR98+F8PP,674.7,349.9,False
06b5000000000028f38c,22.8984375,HIGH,1,0.7682999968528748,6P58RR8G+JQH3,674.8,75.8,False
06b5000000000037256b,4.203125,MEDIUM,1,0.722100019454956,6P58RR9H+P55W,674.9,47.3,False
06b500000000003a2eed,6.2265625,HIGH,1,0.6776999831199646,6P58RR8G+598X,675.3,25.4,False
06b500000000001bec5b,5.109375,HIGH,1,0.8374000191688538,6P58RR98+X7Q5,675.4,91.0,False
06b50000000000178032,4.53125,HIGH,1,0.7785999774932861,6P58RR8G+7GP8,675.4,142.8,False
06b50000000000205680,3.796875,HIGH,1,0.7876999974250793,6P58RR89+36RC,675.6,53.8,False
06b5000000000032970a,5.5546875,MEDIUM,1,0.7129999995231628,6P58RRC8+48J8,675.7,55.8,False
06b500000000003c474f,21.1640625,HIGH,1,0.7868000268936157,6P58RRF8+FQWW,676.2,95.4,False
06b500000000003fc878,7.156249999999999,HIGH,1,0.8942999839782715,6P58RRG9+268Q,676.3,1308.2,False
06b50000000000222075,6.78125,MEDIUM,1,0.7505999803543091,6P58RR8G+37GX,676.4,29.5,False
06b500000000000c2fb0,10.578125,LOW,1,0.7032999992370605,6P58RR9H+F5J4,676.7,19.2,False
06b5000000000032ddf9,3.921875,LOW,1,0.7549999952316284,6P58RRC8+F8Q4,676.7,38.1,False
06b500000000003d5b26,22.8671875,LOW,1,0.748199999332428,6P58RRFG+MP43,677.1,1536.4,False
06b50000000000107d7a,10.3984375,HIGH,1,0.8999999761581421,6P58RR8G+2FF9,677.1,1317.5,False
06b500000000003d3804,,NO_HEIGHT,0,0.6585999727249146,6P58RRGF+8J57,677.2,15.6,False
06b50000000000175b47,7.40625,HIGH,1,0.6504999995231628,6P58RR8G+6FFR,677.3,33.8,False
06b5000000000037f77d,5.2421875,HIGH,1,0.7735000252723694,6P58RR9H+J6J6,677.4,130.1,False
06b500000000002df62c,4.8515625,HIGH,1,0.8726000189781189,6P58RRC8+Q9HP,677.4,335.7,False
06b50000000000095fd1,9.0390625,HIGH,1,0.8675000071525574,6P58RR7G+V3MJ,677.6,255.6,False
06b500000000000ef5fc,6.8828125,HIGH,1,0.6837999820709229,6P58RRC8+37HW,677.6,22.3,False
06b500000000001745ac,4.7578125,HIGH,1,0.7900000214576721,6P58RR88+FR8C,677.9,64.0,False
06b50000000000168f27,4.125,HIGH,1,0.8095999956130981,6P58RR89+628C,677.9,211.0,False
06b500000000002a9882,6.3046875,HIGH,1,0.7605999708175659,6P58RR88+7X5H,678.1,200.1,False
06b5000000000020dcb0,5.515625,HIGH,1,0.820900022983551,6P58RR98+W789,678.1,107.4,False
06b50000000000082f66,4.3515625,HIGH,1,0.8019999861717224,6P58RR88+CVCF,678.2,86.2,False
06b500000000001e7462,10.8125,LOW,1,0.7547000050544739,6P58RR9H+F56X,678.2,18.9,False
06b500000000003d8405,5.078125,HIGH,1,0.8499000072479248,6P58RRG9+397F,678.3,117.8,False
06b500000000002faf58,4.0546875,LOW,1,0.7297000288963318,6P58RR7G+X5CP,678.4,22.9,False
06b500000000003db97b,7.125,HIGH,1,0.8719000220298767,6P58RR88+JMH4,678.6,144.0,False
06b5000000000011f7b9,4.90625,HIGH,1,0.8346999883651733,6P58RR89+35H8,678.7,153.1,False
06b50000000000148924,31.6484375,HIGH,1,0.736299991607666,6P58RR8G+HQX4,678.8,108.5,False
06b500000000002a5a15,8.265625,HIGH,1,0.8999999761581421,6P58RRF8+HQ58,679.0,345.0,False
06b50000000000074f2a,19.1171875,HIGH,1,0.9366000294685364,6P58RR9H+F66F,679.0,816.8,False
06b50000000000105d89,5.5546875,HIGH,1,0.8677999973297119,6P58RRC8+88RJ,679.3,118.6,False
06b50000000000403ecf,7.421875,HIGH,1,0.7724000215530396,6P58RR79+RJ69,679.3,51.6,False
06b500000000002a27f3,7.4453125,HIGH,1,0.7056000232696533,6P58RR8G+5C2R,680.0,32.7,False
06b5000000000007f03d,3.8671875,HIGH,1,0.8008999824523926,6P58RR7C+J38Q,680.0,105.7,False
06b5000000000009ed1a,3.875,HIGH,1,0.7437000274658203,6P58RR79+WCG3,680.2,19.2,False
06b500000000001528d2,7.796875,HIGH,1,0.8690999746322632,6P58RR79+RH8F,680.3,113.0,False
06b50000000000015dd9,6.375,LOW,1,0.6574000120162964,6P58RR8G+2555,680.3,8.6,False
06b500000000003f771f,4.3203125,MEDIUM,1,0.6657000184059143,6P58RRG9+8V3V,680.4,4.7,False
06b500000000000ddb3f,5.765625,HIGH,1,0.8237000107765198,6P58RR79+MR2H,680.8,826.5,False
06b50000000000322d14,5.71875,HIGH,1,0.8572999835014343,6P58RR79+JX9V,680.8,260.2,False
06b500000000000c7fae,4.8515625,HIGH,1,0.7559000253677368,6P58RR79+RFQW,680.9,132.0,False
06b500000000003c11ad,4.171875,HIGH,1,0.7445999979972839,6P58RR8G+269H,680.9,78.7,False
06b500000000002f1f46,8.6796875,HIGH,1,0.7555000185966492,6P58RR7F+PQC6,681.0,107.8,False
06b500000000001a70b4,6.96875,HIGH,1,0.7982000112533569,6P58RR8G+6F8V,681.1,67.4,False
06b5000000000038c77a,5.1484375,MEDIUM,1,0.8105000257492065,6P58RR8G+2642,681.2,63.0,False
06b500000000002ba6c9,7.078125,HIGH,1,0.6741999983787537,6P58RR8G+8HQM,681.4,47.6,False
06b500000000001b2450,3.0546875,LOW,1,0.817799985408783,6P58RRG9+9W42,681.5,85.4,False
06b500000000002e8784,5.6953125,HIGH,1,0.8212000131607056,6P58RR79+X844,681.6,192.4,False
06b500000000003af02d,7.4375,HIGH,1,0.8151999711990356,6P58RRC8+27WF,681.7,86.2,False
06b500000000002c4573,4.1796875,HIGH,1,0.816100001335144,6P58RRC8+47VX,681.9,183.1,False
06b5000000000002b79f,25.2890625,HIGH,1,0.8690999746322632,6P58RRF8+5HCX,681.9,110.6,False
06b5000000000034d285,19.421875,HIGH,1,0.8251000046730042,6P58RR98+3F66,681.9,110.4,False
06b5000000000008357e,3.828125,HIGH,1,0.6650000214576721,6P58RR79+WCFC,682.2,21.0,False
06b500000000003f0c12,4.2265625,LOW,1,0.6524999737739563,6P58RR9H+P674,682.4,56.0,False
06b5000000000019ed75,6.953125,MEDIUM,1,0.6876999735832214,6P58RR88+7XV3,682.5,17.9,False
06b50000000000082653,5.21875,HIGH,1,0.8057000041007996,6P58RR79+MV7J,682.5,125.0,False
06b50000000000098ac5,5.125,HIGH,1,0.7062000036239624,6P58RRG9+8V6G,682.7,16.8,False
06b5000000000034a332,4.5078125,HIGH,1,0.8095999956130981,6P58RR7C+H4GM,682.8,215.2,False
06b500000000001ed5ef,5.28125,HIGH,1,0.7928000092506409,6P58RR8G+5FV7,682.8,63.4,False
06b500000000002b94e8,3.3984375,HIGH,1,0.6661999821662903,6P58RRGC+C58W,682.8,18.4,False
06b500000000001f22d3,4.5,HIGH,1,0.8219000101089478,6P58RRC8+J85F,683.0,97.6,False
06b5000000000028a7e6,3.265625,HIGH,1,0.7400000095367432,6P58RRG9+8VP3,683.0,38.8,False
06b5000000000010536b,5.0625,HIGH,1,0.7756999731063843,6P58RRC8+M9C9,683.0,96.3,False
06b5000000000027eed6,4.3046875,HIGH,1,0.7447999715805054,6P58RRC8+C7XQ,683.1,62.7,False
06b50000000000229ee6,2.5859375,HIGH,1,0.7217000126838684,6P58RRC8+57W8,683.1,23.8,False
06b50000000000040098,5.0390625,HIGH,1,0.7505999803543091,6P58RR79+VFF6,683.2,112.0,False
06b5000000000034fb07,4.8984375,HIGH,1,0.8633999824523926,6P58RR89+524F,683.5,547.2,False
06b500000000001d712a,6.046875,HIGH,1,0.7279000282287598,6P58RRC8+97Q4,683.9,58.6,False
06b500000000000536f9,4.0,HIGH,1,0.7272999882698059,6P58RRC8+F8C4,684.0,93.6,False
06b500000000003d4d06,5.3828125,MEDIUM,1,0.7906000018119812,6P58RR79+PPPV,684.0,43.6,False
06b5000000000026b7d4,5.5390625,HIGH,1,0.8075000047683716,6P58RR79+JWXQ,684.0,77.8,False
06b5000000000038f79a,3.9296875,MEDIUM,1,0.680899977684021,6P58RR8G+FP6W,684.1,19.1,False
06b5000000000016337a,5.3515625,HIGH,1,0.8449000120162964,6P58RR88+9RPQ,684.2,225.8,False
06b500000000002f28d5,83.4453125,HIGH,1,0.9509000182151794,6P58RR9H+98RH,684.2,3243.7,False
06b5000000000033ade4,4.5859375,HIGH,1,0.8589000105857849,6P58RR89+272C,684.4,142.8,False
06b5000000000016c47b,7.390625,HIGH,1,0.7433000206947327,6P58RR7G+W439,684.6,189.8,False
06b50000000000001682,7.0390625,HIGH,1,0.673799991607666,6P58RR8G+6GPJ,684.6,67.4,False
06b500000000003dd6ec,4.578125,HIGH,1,0.7875000238418579,6P58RRC8+C75G,684.7,70.9,False
06b5000000000009b9bd,30.703125,HIGH,1,0.7997000217437744,6P58RR8G+GQX5,684.7,222.5,False
06b5000000000005e1ef,7.1484375,HIGH,1,0.840499997138977,6P58RRG9+7PJ6,684.7,188.0,False
06b5000000000027ed1c,42.96875,HIGH,1,0.8651999831199646,6P58RRF8+4F8R,684.7,781.3,False
06b5000000000006b311,4.7109375,HIGH,1,0.7961999773979187,6P58RR79+RGG4,684.8,124.4,False
06b5000000000020b2fe,4.5234375,HIGH,1,0.7167999744415283,6P58RR7C+GCMX,684.8,84.4,False
06b50000000000099c09,5.5078125,HIGH,1,0.7204999923706055,6P58RRG9+9XWG,685.0,173.5,False
06b5000000000009e055,7.0625,HIGH,1,0.6675000190734863,6P58RR88+7XF6,685.2,43.1,False
06b500000000000a301b,7.15625,HIGH,1,0.7846999764442444,6P58RR8G+9MVM,685.2,62.5,False
06b5000000000003bb5f,5.3359375,HIGH,1,0.7932999730110168,6P58RR79+VCP4,685.4,95.4,False
06b5000000000025b121,3.6953125,HIGH,1,0.8554999828338623,6P58RRGC+C5QV,685.7,49.1,False
06b50000000000071b19,12.5,HIGH,1,0.9162999987602234,6P58RRG9+5954,686.0,736.5,False
06b5000000000015dfaf,3.234375,HIGH,1,0.8059999942779541,6P58RRC8+C7HV,686.2,65.6,False
06b500000000003a9ce5,4.8125,HIGH,1,0.6593999862670898,6P58RR7G+X53G,686.2,16.1,False
06b50000000000325b9b,5.328125,HIGH,1,0.7368999719619751,6P58RR98+W7VF,686.3,46.9,False
06b500000000000806b9,5.59375,HIGH,1,0.7577000260353088,6P58RR88+CRF9,686.3,51.5,False
06b5000000000039d81d,5.328125,HIGH,1,0.7093999981880188,6P58RR98+X7F3,686.5,25.7,False
06b50000000000139d41,4.6015625,HIGH,1,0.743399977684021,6P58RRC8+2659,686.7,138.9,False
06b5000000000016cd3f,7.1328125,HIGH,1,0.7778000235557556,6P58RR8G+5FHW,686.7,224.4,False
06b500000000000fb873,4.75,HIGH,1,0.7491000294685364,6P58RRG9+8VJG,687.1,25.7,False
06b50000000000202b9e,3.9375,HIGH,1,0.8668000102043152,6P58RR8G+FPG4,687.2,49.3,False
06b5000000000040b3c0,4.6953125,HIGH,1,0.7455000281333923,6P58RRGC+C3Q2,688.0,144.5,False
06b50000000000337df7,3.8984375,HIGH,1,0.7885000109672546,6P58RR89+35J2,688.1,60.9,False
06b500000000002d508e,18.75,HIGH,1,0.8924000263214111,6P58RR98+3CCJ,688.5,372.0,False
06b50000000000074595,5.5625,LOW,1,0.7728999853134155,6P58RR7C+GW3X,688.7,30.9,False
06b500000000002bf9b7,6.0,HIGH,1,0.8292999863624573,6P58RRGC+C5VC,689.0,39.1,False
06b5000000000020b0e5,5.46875,HIGH,1,0.8844000101089478,6P58RRF8+FMG8,689.0,364.2,False
06b50000000000186417,7.0,HIGH,1,0.7541000247001648,6P58RR88+7X32,689.1,50.0,False
06b5000000000024d92c,4.53125,HIGH,1,0.7555999755859375,6P58RR7C+GF2G,689.2,137.3,False
06b5000000000030c2b3,7.65625,HIGH,1,0.8374000191688538,6P58RR8G+7HHV,689.4,123.6,False
06b5000000000008543a,5.0625,MEDIUM,1,0.720300018787384,6P58RRG9+8Q3V,689.5,22.3,False
06b50000000000287eb8,5.9609375,HIGH,1,0.7504000067710876,6P58RR8G+4FRH,689.7,137.5,False
06b5000000000013cac8,11.6796875,MEDIUM,1,0.7833999991416931,6P58RRC8+WCWG,690.4,21.4,False
06b500000000000cc13a,6.078125,HIGH,1,0.8809000253677368,6P58RR88+CQ8J,690.5,331.9,False
06b500000000002825ba,4.25,HIGH,1,0.7741000056266785,6P58RRG9+8RJ9,690.5,27.7,False
06b5000000000014bacb,7.3046875,MEDIUM,1,0.7321000099182129,6P58RR8G+4CM4,690.6,13.6,False
06b5000000000014e8a0,6.9609375,HIGH,1,0.7577999830245972,6P58RR8G+CM99,690.8,34.6,False
06b500000000001b0776,3.8125,HIGH,1,0.7717999815940857,6P58RR79+V9GH,690.9,194.0,False
06b50000000000163f1e,5.90625,MEDIUM,1,0.7925999760627747,6P58RRG9+7M6P,691.1,35.9,False
06b5000000000009c1f3,5.0078125,HIGH,1,0.6913999915122986,6P58RRC8+Q925,691.4,38.9,False
06b500000000001db934,3.7109375,HIGH,1,0.8726999759674072,6P58RRG9+9VF6,691.4,146.4,False
06b5000000000026ecb6,17.3125,HIGH,1,0.873199999332428,6P58RRC8+76MJ,691.7,560.4,False
06b500000000002bba1b,6.5,HIGH,1,0.7750999927520752,6P58RR8G+9M7C,692.3,29.5,False
06b5000000000040f2fd,7.5078125,HIGH,1,0.738099992275238,6P58RR8G+8JX4,692.4,39.6,False
06b500000000000de30b,7.890625,HIGH,1,0.9455999732017517,6P58RRC8+448X,692.4,936.3,False
06b500000000001e1699,4.1796875,HIGH,1,0.7851999998092651,6P58RRC8+J656,692.6,596.8,False
06b500000000000ac751,6.625,HIGH,1,0.7822999954223633,6P58RRC8+969J,692.7,247.3,False
06b5000000000016fef1,19.828125,HIGH,1,0.8618000149726868,6P58RR7F+HGQH,692.8,397.5,False
06b500000000002fb7cf,5.8359375,HIGH,1,0.7067000269889832,6P58RRC8+H822,693.0,36.1,False
06b5000000000001fa6d,3.9375,HIGH,1,0.6955000162124634,6P58RR7C+H2QF,693.0,81.7,False
06b500000000001e4938,6.90625,HIGH,1,0.7365000247955322,6P58RR8G+9MX5,693.1,57.3,False
06b500000000001b1a93,6.625,HIGH,1,0.7224000096321106,6P58RRGC+C2HM,693.2,49.0,False
06b5000000000005a65e,4.2265625,HIGH,1,0.7818999886512756,6P58RR79+X74Q,693.3,38.2,False
06b50000000000338e7f,5.40625,HIGH,1,0.886900007724762,6P58RR79+MPGH,693.4,229.9,False
06b50000000000014ef3,5.9140625,HIGH,1,0.7534999847412109,6P58RR89+3455,693.5,96.9,False
06b5000000000031a74e,50.7265625,HIGH,1,0.928600013256073,6P58RR7F+C28P,693.6,978.1,False
06b5000000000026eb2b,5.703125,HIGH,1,0.8633999824523926,6P58RRC8+565V,693.6,67.7,False
06b500000000002dac79,7.390625,HIGH,1,0.8604000210762024,6P58RR7C+F8GX,693.8,257.9,False
06b5000000000034b942,9.1171875,LOW,1,0.8367999792098999,6P58RRF8+8H57,694.0,40.9,False
06b5000000000005d1cf,5.15625,HIGH,1,0.9090999960899353,6P58RR79+RCQJ,694.4,107.8,False
06b500000000003a9b40,4.828125,HIGH,1,0.8805000185966492,6P58RRC8+364F,694.9,132.2,False
06b500000000003d0828,4.34375,HIGH,1,0.8116000294685364,6P58RR7G+R5FF,695.1,809.4,False
06b500000000000a2c78,,NO_HEIGHT,0,0.725600004196167,6P58RR7C+FJJ3,695.1,57.6,False
06b50000000000292d7d,5.453125,HIGH,1,0.7317000031471252,6P58RRC8+F7M5,695.2,101.6,False
06b5000000000000c478,18.8125,HIGH,1,0.8881000280380249,6P58RR98+68MX,695.5,261.4,False
06b500000000003d2e8c,15.6953125,HIGH,1,0.8274000287055969,6P58RRC8+X994,695.5,237.0,False
06b5000000000036cb0b,0.9140625,LOW_RELAXED,1,0.8449000120162964,6P58RR88+8V6C,695.8,182.5,False
06b5000000000012368d,5.359375,HIGH,1,0.718500018119812,6P58RR7G+V5F6,696.1,313.4,False
06b50000000000307481,6.5625,HIGH,1,0.7319999933242798,6P58RR8G+9M96,696.3,58.2,False
06b500000000004047dd,,NO_HEIGHT,0,0.7943000197410583,6P58RRGF+9M5G,696.3,19.3,False
06b500000000003728b2,7.3203125,HIGH,1,0.7759000062942505,6P58RR8G+8MJH,696.4,56.2,False
06b500000000001dfc21,5.078125,HIGH,1,0.7821999788284302,6P58RRGC+F6R4,696.5,94.1,False
06b500000000000843a0,5.625,HIGH,1,0.7986999750137329,6P58RR98+W684,696.6,50.0,False
06b500000000002266d6,3.859375,HIGH,1,0.794700026512146,6P58RR8G+6HFM,697.1,39.2,False
06b500000000000ffa61,5.21875,HIGH,1,0.7555000185966492,6P58RRGC+F43R,697.1,35.4,False
06b500000000003b095f,7.1171875,HIGH,1,0.8472999930381775,6P58RRGC+C2VX,697.2,102.1,False
06b50000000000315f8a,7.09375,MEDIUM,1,0.670799970626831,6P58RRC8+XCWV,697.2,18.3,False
06b50000000000106f3f,5.640625,HIGH,1,0.7329000234603882,6P58RRC8+G7VF,697.3,221.3,False
06b5000000000015a34d,6.359375,HIGH,1,0.8370000123977661,6P58RR89+3469,697.3,101.4,False
06b50000000000402775,5.375,HIGH,1,0.7662000060081482,6P58RR8G+CQR5,697.4,71.4,False
06b500000000001cbc8c,7.0859375,HIGH,1,0.6927000284194946,6P58RR8G+8M3W,697.4,225.7,False
06b50000000000262b47,5.140625,HIGH,1,0.7498999834060669,6P58RR89+32WF,697.6,221.0,False
06b50000000000138d84,7.3046875,HIGH,1,0.808899998664856,6P58RR7C+G823,697.7,52.0,False
06b5000000000032d47e,6.171875,HIGH,1,0.830299973487854,6P58RR7C+G5JP,697.7,55.5,False
06b500000000003688f7,27.265625,HIGH,1,0.8087999820709229,6P58RRGC+HRCC,697.9,2417.3,False
06b500000000001737ac,6.5390625,HIGH,1,0.7056000232696533,6P58RRGC+F329,698.4,34.7,False
06b5000000000018fb7d,32.0703125,HIGH,1,0.6621000170707703,6P58RR9H+65G2,699.0,70.6,False
06b5000000000013f6c9,4.2109375,HIGH,1,0.7044000029563904,6P58RR79+PJC3,699.4,97.1,False
06b500000000000f977c,2.8125,MEDIUM,1,0.8037999868392944,6P58RR88+FMXG,699.4,86.1,False
06b50000000000201093,13.5703125,HIGH,1,0.8442999720573425,6P58RR98+298P,700.2,295.7,False
06b5000000000014bb2f,5.0703125,HIGH,1,0.8281000256538391,6P58RRC8+C6QJ,700.3,103.6,False
06b5000000000003914b,5.609375,HIGH,1,0.7283999919891357,6P58RRGC+F5WP,700.4,65.6,False
06b5000000000035c41f,5.953125,HIGH,1,0.8065999746322632,6P58RR79+V8G2,700.4,218.9,False
06b500000000002c17b4,9.1171875,LOW,1,0.6794000267982483,6P58RRF8+8H28,700.7,54.1,False
06b500000000003c44a3,4.9375,HIGH,1,0.7340999841690063,6P58RR8G+CQ6X,700.9,38.1,False
06b5000000000036fa9b,18.5078125,HIGH,1,0.88919997215271,6P58RRF8+8HRX,700.9,305.7,False
06b50000000000019b3b,2.640625,LOW,1,0.804099977016449,6P58RRGF+9MH8,701.0,19.6,False
06b500000000002a283a,5.1796875,HIGH,1,0.7408999800682068,6P58RR89+33R4,701.2,83.3,False
06b50000000000308f3a,6.5625,HIGH,1,0.8501999974250793,6P58RR8G+7J9F,701.2,168.2,False
06b50000000000027269,16.640625,MEDIUM,1,0.6705999970436096,6P58RR7F+JMGX,701.4,49.9,False
06b500000000003e1336,6.21875,HIGH,1,0.6521999835968018,6P58RR79+PM34,701.5,29.1,False
06b500000000000718d8,4.9609375,HIGH,1,0.8084999918937683,6P58RR79+QFJW,701.6,201.7,False
06b500000000000d17a0,5.1328125,HIGH,1,0.7598999738693237,6P58RR79+W6QG,701.9,181.0,False
06b500000000003c78b4,4.8515625,HIGH,1,0.8224999904632568,6P58RR79+MM89,702.0,221.1,False
06b5000000000026d11a,3.5,HIGH,1,0.7145000100135803,6P58RRG9+CV4H,702.1,26.5,False
06b50000000000349c2c,6.0703125,HIGH,1,0.8489999771118164,6P58RRG9+CXWX,702.1,75.7,False
06b50000000000117eb1,4.359375,MEDIUM,1,0.6887000203132629,6P58RRF8+VX5M,702.2,57.2,False
06b500000000003406d2,12.140625,HIGH,1,0.7964000105857849,6P58RRC8+X9XC,702.2,53.3,False
06b500000000000b7e7a,9.3828125,HIGH,1,0.8968999981880188,6P58RRF9+W28R,702.3,480.0,False
06b500000000002fa9db,5.1015625,HIGH,1,0.6592000126838684,6P58RR98+X6CC,702.4,33.8,False
06b50000000000309ddb,4.5078125,HIGH,1,0.7106999754905701,6P58RR88+5XF5,702.5,60.5,False
06b500000000003297b3,4.2734375,HIGH,1,0.8540999889373779,6P58RRG9+CV2H,702.5,70.5,False
06b500000000000a465d,52.9609375,HIGH,1,0.8765000104904175,6P58RR8H+W42R,702.5,192.2,False
06b500000000002b10e6,6.0546875,HIGH,1,0.7731999754905701,6P58RR98+X6R9,702.5,30.9,False
06b5000000000033940c,5.953125,HIGH,1,0.6858000159263611,6P58RRC8+F6HJ,702.5,60.7,False
06b5000000000017e334,7.765625,HIGH,1,0.8978999853134155,6P58RRG9+6FV8,702.6,322.5,False
06b500000000002de605,10.890625,HIGH,1,0.8378999829292297,6P58RR88+GJFJ,702.9,704.0,False
06b50000000000130197,5.0546875,HIGH,1,0.7914999723434448,6P58RR79+HVV2,703.1,168.6,False
06b50000000000044106,4.5859375,HIGH,1,0.7221999764442444,6P58RRC8+355M,703.2,177.1,False
06b500000000000873d9,5.203125,HIGH,1,0.7233999967575073,6P58RR98+W55F,703.3,136.3,False
06b500000000002c1572,4.6328125,HIGH,1,0.7483999729156494,6P58RR98+W6RR,703.4,78.7,False
06b5000000000022e343,5.828758445945946,HIGH,1,0.8381999731063843,6P58RR7C+G26X,703.9,1034.0,False
06b50000000000208243,10.828125,HIGH,1,0.8046000003814697,6P58RRF8+29GQ,704.0,212.3,False
06b50000000000236341,4.2890625,MEDIUM,1,0.8224999904632568,6P58RRF8+HP2W,704.1,116.2,False
06b50000000000140b18,5.2578125,HIGH,1,0.6761999726295471,6P58RR89+337M,705.1,87.1,False
06b5000000000031f735,47.0546875,HIGH,1,0.8518999814987183,6P58RR9H+76WV,705.4,91.7,False
06b500000000004000c9,2.640625,LOW,1,0.7954000234603882,6P58RRGF+9MX3,705.4,21.5,False
06b50000000000113d38,3.9921875,HIGH,1,0.8356000185012817,6P58RRG9+CR3C,705.6,116.5,False
06b500000000000f0f51,0.875,LOW_RELAXED,1,0.6912999749183655,6P58RR88+8RC5,705.7,70.1,False
06b5000000000000a7d7,5.1484375,MEDIUM,1,0.6541000008583069,6P58RR7C+CWVM,705.7,25.5,False
06b50000000000021dcd,4.6171875,HIGH,1,0.8253999948501587,6P58RR8G+CQP9,706.1,39.2,False
06b50000000000196bd0,9.6640625,HIGH,1,0.8687999844551086,6P58RRG9+58Q9,706.4,363.3,False
06b50000000000064030,5.6328125,HIGH,1,0.8054999709129333,6P58RR98+X5XR,706.5,59.7,False
06b500000000001d8745,5.0625,MEDIUM,1,0.7490000128746033,6P58RR7F+MVCW,706.5,69.4,False
06b500000000000bcc79,6.0703125,HIGH,1,0.7125999927520752,6P58RRGC+F3CC,706.6,26.8,False
06b50000000000376216,5.1328125,HIGH,1,0.7961999773979187,6P58RR79+V7J5,706.6,333.5,False
06b500000000000de97d,7.0390625,HIGH,1,0.8662999868392944,6P58RRF8+GMF3,707.1,106.2,False
06b5000000000026066f,5.21875,HIGH,1,0.8145999908447266,6P58RR79+JP4Q,707.5,337.2,False
06b50000000000265622,15.0703125,HIGH,1,0.7235999703407288,6P58RR9H+666F,707.6,48.2,False
06b50000000000257467,5.609375,HIGH,1,0.7422000169754028,6P58RR8G+9QCV,707.6,69.4,False
06b5000000000036797b,4.46875,HIGH,1,0.7817000150680542,6P58RR79+QF4H,707.6,123.8,False
06b50000000000102f58,5.8828125,HIGH,1,0.8062999844551086,6P58RRC8+G674,707.8,179.2,False
06b500000000001714bf,,NO_HEIGHT,0,0.8363000154495239,6P58RR98+F6H3,707.8,53.4,False
06b500000000002dfa81,5.0546875,HIGH,1,0.8450000286102295,6P58RR7C+F4VH,708.0,97.1,False
06b5000000000033a345,5.828125,HIGH,1,0.7419999837875366,6P58RRG9+FX6H,708.4,78.5,False
06b5000000000008d914,7.6875,HIGH,1,0.7099999785423279,6P58RR7C+9VG7,708.5,398.3,False
06b5000000000020ab99,4.9375,HIGH,1,0.8264999985694885,6P58RR79+HQWG,708.7,177.7,False
06b500000000001bb7f5,11.625,HIGH,1,0.8589000105857849,6P58RRC8+R7H3,708.9,142.5,False
06b500000000003c3863,3.5703125,LOW,1,0.8069999814033508,6P58RR79+PGQ3,708.9,36.4,False
06b500000000000c5aac,4.0078125,HIGH,1,0.7472000122070312,6P58RR88+9PX3,708.9,108.5,False
06b50000000000036d03,4.8203125,HIGH,1,0.8130000233650208,6P58RRGC+G6M3,709.4,50.9,False
06b5000000000016d403,8.2421875,HIGH,1,0.7152000069618225,6P58RR8G+JXCW,709.5,151.9,False
06b5000000000039b3b6,5.9765625,HIGH,1,0.6998999714851379,6P58RRGC+F3JF,709.6,16.4,False
06b50000000000082bbc,6.3125,HIGH,1,0.7885000109672546,6P58RRF8+VW99,709.6,117.6,False
06b500000000002a553f,8.4375,HIGH,1,0.7702000141143799,6P58RRC8+85X7,709.6,115.5,False
06b5000000000009b166,6.4921875,HIGH,1,0.9311000108718872,6P58RR79+MJ6W,709.6,270.8,False
06b500000000000a2375,6.7578125,HIGH,1,0.7720000147819519,6P58RR8G+7PJR,709.8,130.3,False
06b500000000002910d6,39.859375,HIGH,1,0.920199990272522,6P58RR7F+CCC4,710.0,2354.4,False
06b500000000003891f9,22.7578125,LOW,1,0.6897000074386597,6P58RR9H+56J2,710.2,37.3,False
06b50000000000343cee,4.984375,HIGH,1,0.8582000136375427,6P58RRG9+CVV7,710.7,76.8,False
06b5000000000009c67e,6.0078125,HIGH,1,0.7408000230789185,6P58RRGC+G5MH,710.9,103.2,False
06b5000000000035ba5f,5.75,HIGH,1,0.8050000071525574,6P58RRC8+H64F,711.0,76.3,False
06b5000000000009e4fa,12.5859375,HIGH,1,0.8601999878883362,6P58RRC8+Q7PP,711.0,102.4,False
06b50000000000388f91,14.6796875,HIGH,1,0.6840999722480774,6P58RRFG+PMXQ,711.0,167.8,False
06b500000000000c4d65,4.7265625,HIGH,1,0.7799000144004822,6P58RR88+4XGM,711.4,38.5,False
06b500000000001d3eb6,5.703125,HIGH,1,0.7580000162124634,6P58RRC8+95HV,711.5,105.3,False
06b50000000000275aeb,6.5625,HIGH,1,0.8166999816894531,6P58RR7F+MWX5,711.6,230.3,False
06b5000000000033ac3b,15.7890625,HIGH,1,0.8745999932289124,6P58RRC8+W8MH,711.9,157.1,False
06b500000000002164a5,4.640625,MEDIUM,1,0.7425000071525574,6P58RR8G+CRCX,712.1,34.5,False
06b500000000003a8609,5.2421875,HIGH,1,0.7466999888420105,6P58RR98+V5G6,712.1,23.5,False
06b500000000000ce85b,3.71875,HIGH,1,0.7664999961853027,6P58RR98+R5JG,712.1,166.7,False
06b50000000000073b09,,NO_HEIGHT,0,0.6769999861717224,6P58RR98+G6MM,712.3,21.2,False
06b500000000001760bc,5.9453125,HIGH,1,0.7695000171661377,6P58RR8G+4G89,712.4,61.5,False
06b50000000000370b0a,5.703125,HIGH,1,0.6589000225067139,6P58RRGC+F3VX,712.5,9.5,False
06b500000000000446e4,4.5390625,HIGH,1,0.7042999863624573,6P58RR89+23GR,712.5,57.4,False
06b5000000000004aba3,4.6953125,HIGH,1,0.7904999852180481,6P58RRG9+9PJW,712.6,113.8,False
06b500000000003eef46,4.609375,HIGH,1,0.7089999914169312,6P58RR8G+5JJ9,712.6,86.4,False
06b5000000000037d6ae,5.8671875,HIGH,1,0.7301999926567078,6P58RR8G+8PQV,712.7,39.6,False
06b50000000000121249,5.9609375,HIGH,1,0.7046999931335449,6P58RR8G+9QG7,712.7,110.7,False
06b50000000000140ddf,4.4375,MEDIUM,1,0.6934999823570251,6P58RR8G+5H8X,712.8,33.2,False
06b5000000000008253e,26.671784994239633,HIGH,1,0.8810999989509583,6P58RR7F+GPPG,712.8,1829.1,False
06b5000000000024682f,4.25,HIGH,1,0.8610000014305115,6P58RR79+R8PC,712.9,89.3,False
06b5000000000001faf3,3.078125,HIGH,1,0.6599000096321106,6P58RRGC+J84Q,713.0,216.8,False
06b500000000000c89e2,5.3125,HIGH,1,0.7235999703407288,6P58RRGC+F2XJ,713.6,27.5,False
06b500000000000f1d9e,8.3125,HIGH,1,0.8655999898910522,6P58RRC8+M6GC,713.6,357.7,False
06b500000000001d135a,5.4375,HIGH,1,0.8460999727249146,6P58RRG9+FWGF,714.4,63.7,False
06b50000000000263395,9.5625,HIGH,1,0.8726999759674072,6P58RRF8+49VR,714.5,714.4,False
06b500000000003c2fd4,6.3828125,HIGH,1,0.7516999840736389,6P58RRC8+F54F,714.5,288.4,False
06b50000000000319fbd,3.7890625,HIGH,1,0.7120000123977661,6P58RR98+X52Q,714.7,36.3,False
06b50000000000410641,5.484375,HIGH,1,0.676800012588501,6P58RR88+CMH8,714.8,47.0,False
06b500000000002ef4ca,5.21875,HIGH,1,0.734000027179718,6P58RR79+W63X,715.0,25.4,False
06b500000000001673dd,5.15625,HIGH,1,0.8282999992370605,6P58RR98+X5RG,715.0,92.8,False
06b50000000000303cf9,5.8203125,HIGH,1,0.8295000195503235,6P58RR8G+6MXJ,715.3,102.9,False
06b500000000002aa431,12.9765625,HIGH,1,0.8982999920845032,6P58RR8G+JXQ2,715.4,235.7,False
06b5000000000037f1be,6.859375,HIGH,1,0.6608999967575073,6P58RR8G+8P3H,715.4,35.5,False
06b5000000000034779c,3.84375,HIGH,1,0.8823999762535095,6P58RR98+F66H,715.7,72.5,False
06b500000000003c5c1c,33.6484375,HIGH,1,0.8932999968528748,6P58RR9H+48V2,715.7,2304.3,False
06b500000000001f0a8a,4.6015625,HIGH,1,0.8058000206947327,6P58RRF8+GH55,716.4,131.9,False
06b50000000000225a0a,6.265625,HIGH,1,0.7961999773979187,6P58RRG9+FXV2,716.5,52.6,False
06b50000000000019364,10.421875,HIGH,1,0.9059000015258789,6P58RRG9+687H,716.5,405.4,False
06b500000000003bad7c,5.1875,HIGH,1,0.7885000109672546,6P58RR79+PFGX,716.6,50.3,False
06b500000000001fcb6b,15.84375,HIGH,1,0.8144000172615051,6P58RRC8+X8G6,716.6,96.8,False
06b50000000000237fbe,8.1171875,HIGH,1,0.8963000178337097,6P58RR79+W4JR,717.0,359.2,False
06b50000000000302799,6.859375,HIGH,1,0.8802000284194946,6P58RRF8+GJWW,717.1,176.0,False
06b50000000000172cbe,5.875,HIGH,1,0.7576000094413757,6P58RRGC+G4RP,717.2,73.0,False
06b50000000000112318,7.359375,HIGH,1,0.6902999877929688,6P58RRF8+VXR9,717.3,36.8,False
06b500000000002e6b0b,4.5078125,HIGH,1,0.7953000068664551,6P58RR79+JJ9X,717.3,355.1,False
06b500000000003bb05b,5.5546875,HIGH,1,0.732200026512146,6P58RR98+V4H5,717.8,44.8,False
06b500000000003e875f,5.3671875,HIGH,1,0.7710000276565552,6P58RR98+V5R8,717.8,30.7,False
06b500000000002991f2,5.09375,HIGH,1,0.6898999810218811,6P58RR98+V44J,717.8,70.9,False
06b500000000002aa338,6.0390625,HIGH,1,0.8600000143051147,6P58RRF8+VV8F,718.0,266.6,False
06b500000000000ee07c,2.671875,LOW,1,0.6643999814987183,6P58RRGC+H7F2,718.0,38.8,False
06b5000000000026a521,4.1328125,HIGH,1,0.6815000176429749,6P58RRC8+J6M4,718.7,26.2,False
06b50000000000213298,3.3828125,HIGH,1,0.8877999782562256,6P58RR98+Q523,718.7,164.2,False
06b500000000000e153e,5.4140625,MEDIUM,1,0.7555000185966492,6P58RR88+CMRQ,718.7,42.5,False
06b5000000000018ff60,5.0390625,HIGH,1,0.7716000080108643,6P58RR8G+5JH9,718.7,229.7,False
06b500000000000bae88,5.1875,HIGH,1,0.7739999890327454,6P58RR8G+9R6R,718.8,71.4,False
06b5000000000021ea41,6.328125,HIGH,1,0.6682000160217285,6P58RR8G+8P5P,718.8,51.0,False
06b500000000002594c5,4.890625,HIGH,1,0.8012999892234802,6P58RR79+R84W,718.8,68.5,False
06b500000000002fbae0,5.1171875,HIGH,1,0.7366999983787537,6P58RRGC+G36R,718.9,20.4,False
06b500000000000ac6b5,3.9140625,LOW,1,0.8658000230789185,6P58RRF8+MP3R,719.0,132.9,False
06b500000000000108eb,5.1171875,HIGH,1,0.7057999968528748,6P58RRGC+G3M3,719.2,48.8,False
06b5000000000040678b,27.015625,HIGH,1,0.8547999858856201,6P58RRF8+CF89,719.3,871.5,False
06b500000000003812dd,11.6796875,HIGH,1,0.8432000279426575,6P58RR7C+C5PC,719.3,181.5,False
06b5000000000030b10d,11.6953125,HIGH,1,0.8360000252723694,6P58RR88+W9J7,719.4,137.8,False
06b5000000000014c31d,25.140625,HIGH,1,0.691100001335144,6P58RR7C+CG3F,720.2,17.5,False
06b50000000000195e53,7.2265625,HIGH,1,0.7530999779701233,6P58RR8G+7PGP,720.4,67.6,False
06b500000000000ec9d0,5.515625,HIGH,1,0.8445000052452087,6P58RRG9+FR3J,720.4,70.6,False
06b500000000001decd0,5.15625,HIGH,1,0.7986000180244446,6P58RR88+9MWW,720.5,57.1,False
06b50000000000059a45,6.4296875,HIGH,1,0.8382999897003174,6P58RR79+FVG4,720.5,1354.4,False
06b5000000000035c94d,,NO_HEIGHT,0,0.7275000214576721,6P58RR98+86PP,720.8,12.2,False
06b500000000001248b9,6.4609375,HIGH,1,0.7688999772071838,6P58RRC8+9562,720.8,235.6,False
06b5000000000034cdfa,4.484375,HIGH,1,0.8101000189781189,6P58RR7F+MX62,720.8,114.9,False
06b500000000000e8bc0,13.328125,HIGH,1,0.7922999858856201,6P58RRF8+2886,721.2,93.9,False
06b500000000003be992,5.78125,HIGH,1,0.6913999915122986,6P58RRGC+G2FM,721.6,51.9,False
06b500000000002812d6,5.40625,HIGH,1,0.7678999900817871,6P58RR8G+GWFF,721.6,16.6,False
06b500000000002b28db,5.3984375,HIGH,1,0.7723000049591064,6P58RR98+X4P8,721.7,136.4,False
06b500000000001617dd,5.703125,HIGH,1,0.678600013256073,6P58RR79+V5XX,721.8,22.5,False
06b500000000002767bc,5.39453125,HIGH,1,0.8636999726295471,6P58RRF8+XVWG,721.8,2068.6,False
06b5000000000027b803,5.53125,HIGH,1,0.6643999814987183,6P58RR79+PF92,722.0,18.6,False
06b5000000000010f051,80.3046875,HIGH,1,0.8133000135421753,6P58RR9H+F9PR,722.0,640.7,False
06b5000000000009e835,6.1875,HIGH,1,0.8795999884605408,6P58RR79+W564,722.1,111.4,False
06b5000000000039f0e2,14.3828125,HIGH,1,0.8360000252723694,6P58RRF8+28PM,722.1,79.2,False
06b500000000001f7904,5.875,HIGH,1,0.9024999737739563,6P58RR98+F5P7,722.2,121.1,False
06b500000000001f8cb2,6.453125,HIGH,1,0.8241000175476074,6P58RRC8+G547,722.2,85.6,False
06b500000000003f6ef2,8.921875,HIGH,1,0.9247999787330627,6P58RRF8+JM2J,722.3,190.5,False
06b50000000000345ffc,8.2890625,HIGH,1,0.7046999931335449,6P58RR7F+JV3M,722.5,68.9,False
06b500000000002eb162,6.3828125,HIGH,1,0.8736000061035156,6P58RR88+5RFJ,722.9,418.4,False
06b500000000001414a1,4.8046875,HIGH,1,0.6833000183105469,6P58RR8G+9RQ6,722.9,100.7,False
06b5000000000021ee2a,4.7734375,HIGH,1,0.6621999740600586,6P58RRGC+G2QQ,723.1,25.1,False
06b500000000001ab311,5.3515625,HIGH,1,0.8197000026702881,6P58RRC8+Q6G3,723.1,147.4,False
06b500000000002a5dac,5.9921875,HIGH,1,0.816100001335144,6P58RRGC+H5QJ,723.2,72.4,False
06b500000000000b2c61,6.0546875,HIGH,1,0.7760000228881836,6P58RR8G+7P95,723.3,288.0,False
06b500000000002e5fdc,6.328125,HIGH,1,0.817799985408783,6P58RRC8+G5WP,723.3,87.0,False
06b500000000003576f3,13.0859375,HIGH,1,0.6937999725341797,6P58RR7C+C6FC,723.4,84.5,False
06b500000000003acf1c,5.9453125,HIGH,1,0.7850000262260437,6P58RRG9+GX8R,723.6,34.9,False
06b500000000003de890,39.96875,HIGH,1,0.6809999942779541,6P58RR9H+77H8,723.8,112.9,False
06b5000000000029038e,5.2890625,HIGH,1,0.6669999957084656,6P58RR89+229C,724.0,27.0,False
06b500000000001866bf,6.6328125,HIGH,1,0.8733999729156494,6P58RR8G+HXGQ,724.0,111.2,False
06b500000000002c785d,5.1640625,HIGH,1,0.810699999332428,6P58RRC8+3439,724.4,138.6,False
06b500000000001380c9,11.2890625,HIGH,1,0.722000002861023,6P58RRGC+JXFQ,724.4,53.5,False
06b500000000001993d7,4.984375,HIGH,1,0.7929999828338623,6P58RR79+R73V,724.4,164.4,False
06b5000000000040f717,6.375,HIGH,1,0.9262999892234802,6P58RR88+CJ4J,724.6,293.9,False
06b500000000001b5fd7,2.9921875,HIGH,1,0.8077999949455261,6P58RRF8+XX87,724.8,133.0,False
06b500000000001b7704,5.6640625,MEDIUM,1,0.6736000180244446,6P58RRG9+GW5M,724.8,10.6,False
06b500000000001e03ad,8.3828125,HIGH,1,0.8618000149726868,6P58RR79+MFRW,724.9,115.1,False
06b500000000000dbfdc,8.453125,HIGH,1,0.7556999921798706,6P58RR7F+JWGW,724.9,215.4,False
06b50000000000250547,4.28125,HIGH,1,0.7229999899864197,6P58RRC8+J5QJ,725.2,87.6,False
06b500000000000b1e04,5.90625,HIGH,1,0.815500020980835,6P58RRG9+GR5X,725.3,232.8,False
06b50000000000127e6e,4.7734375,HIGH,1,0.6958000063896179,6P58RRGC+G2W5,725.5,20.0,False
06b500000000000d0dcf,4.765625,LOW,1,0.7620999813079834,6P58RRGF+J3CM,725.9,36.0,False
06b50000000000207c2f,4.359375,HIGH,1,0.7685999870300293,6P58RR8G+FW2X,725.9,100.3,False
06b5000000000008ea1f,6.0,MEDIUM,1,0.6854000091552734,6P58RR89+228F,726.1,10.6,False
06b50000000000223685,4.5234375,HIGH,1,0.7968999743461609,6P58RR88+7PQ2,726.2,96.1,False
06b500000000000d4739,8.875,HIGH,1,0.8741000294685364,6P58RRC8+R68F,726.7,163.0,False
06b500000000003e6a33,4.21875,MEDIUM,1,0.66839998960495,6P58RRGC+J655,726.7,43.2,False
06b5000000000006ef91,5.1484375,HIGH,1,0.8711000084877014,6P58RR88+8MPJ,726.9,193.5,False
06b500000000001f4ada,7.078125,HIGH,1,0.7235000133514404,6P58RRC8+8439,726.9,101.0,False
06b50000000000019d0d,48.4140625,HIGH,1,0.8953999876976013,6P58RR98+65WJ,726.9,566.1,False
06b500000000003b9515,5.9609375,HIGH,1,0.6959999799728394,6P58RRG9+GXPM,727.0,54.4,False
06b50000000000276483,5.234375,HIGH,1,0.8162999749183655,6P58RRC8+C4WX,727.0,157.7,False
06b500000000001a32a1,5.484375,HIGH,1,0.7580000162124634,6P58RR8G+3HGG,727.1,85.9,False
06b50000000000303dfd,19.515625,HIGH,1,0.8788999915122986,6P58RR7C+9948,727.2,422.2,False
06b5000000000033bdce,5.5234375,HIGH,1,0.8906000256538391,6P58RR79+HMHC,727.2,126.0,False
06b5000000000000df0e,7.546875,HIGH,1,0.6826000213623047,6P58RR8H+J2V9,727.2,37.3,False
06b50000000000297115,6.21875,HIGH,1,0.8226000070571899,6P58RR8G+GW5C,727.3,70.5,False
06b50000000000035f64,6.8671875,HIGH,1,0.7710999846458435,6P58RR79+V5FM,727.5,162.2,False
06b5000000000008689e,4.7734375,HIGH,1,0.6549999713897705,6P58RRGC+G2VQ,727.6,24.5,False
06b500000000001cc115,4.890625,HIGH,1,0.8009999990463257,6P58RR8G+5M4F,727.7,252.8,False
06b50000000000056a91,6.09375,HIGH,1,0.7554000020027161,6P58RRGC+H5RG,727.7,71.6,False
06b500000000001c79c0,12.6484375,HIGH,1,0.6834999918937683,6P58RRF8+389R,727.7,32.5,False
06b5000000000009de82,6.2578125,HIGH,1,0.9368000030517578,6P58RRF8+MMF2,727.8,301.2,False
06b500000000000e1711,4.5078125,HIGH,1,0.8169000148773193,6P58RR8G+8RQW,727.9,205.4,False
06b50000000000239437,3.3828125,HIGH,1,0.6916999816894531,6P58RR98+P4W7,728.2,24.7,False
06b500000000001e637b,4.34375,HIGH,1,0.8877999782562256,6P58RRF8+JH9W,728.2,563.7,False
06b50000000000100369,2.1484375,LOW_RELAXED,1,0.7272999882698059,6P58RRGC+J788,728.3,27.2,False
06b50000000000029e27,6.5390625,HIGH,1,0.6825000047683716,6P58RR79+V665,728.5,18.2,False
06b5000000000027d304,5.4140625,HIGH,1,0.7533000111579895,6P58RR79+R6P4,728.5,86.3,False
06b50000000000369fda,5.890625,HIGH,1,0.791700005531311,6P58RR98+X4R9,728.6,87.4,False
06b500000000003d2e18,6.4375,HIGH,1,0.7139000296592712,6P58RR98+W4JM,728.8,101.5,False
06b50000000000149d9b,9.0546875,HIGH,1,0.808899998664856,6P58RR7C+987R,728.9,262.8,False
06b500000000003ad9b0,5.8828125,HIGH,1,0.8198000192642212,6P58RR79+GQ3V,729.3,401.1,False
06b500000000001205ce,4.0,HIGH,1,0.6554999947547913,6P58RR79+HMRJ,729.5,30.1,False
06b500000000000a051b,7.75,HIGH,1,0.7944999933242798,6P58RR98+F5RJ,729.5,79.0,False
06b5000000000031c144,5.125,HIGH,1,0.7432000041007996,6P58RRG9+GWQ4,729.8,21.3,False
06b5000000000020dbfe,6.578125,HIGH,1,0.6625999808311462,6P58RR88+FJ2J,730.6,29.2,False
06b500000000002843e7,7.0078125,MEDIUM,1,0.7005000114440918,6P58RRF8+RRFG,730.6,47.1,False
06b5000000000013f714,4.6875,HIGH,1,0.7645000219345093,6P58RRGC+H29M,730.9,33.9,False
06b50000000000243c2e,11.828125,HIGH,1,0.8256999850273132,6P58RRF8+387V,731.0,76.3,False
06b5000000000001d9ed,6.328125,HIGH,1,0.6560999751091003,6P58RRF8+59WG,731.2,20.4,False
06b5000000000039eb62,4.25,HIGH,1,0.7911999821662903,6P58RRC8+H523,731.6,100.7,False
06b5000000000021dbc0,5.28125,HIGH,1,0.809499979019165,6P58RRG9+GWPF,731.7,36.1,False
06b50000000000077686,3.53125,HIGH,1,0.6833000183105469,6P58RR7C+C2QG,731.7,73.8,False
06b50000000000224935,4.2890625,MEDIUM,1,0.7348999977111816,6P58RRGC+J7CF,731.7,65.4,False
06b500000000000e8176,5.5625,LOW,1,0.7610999941825867,6P58RRGF+J2WJ,731.8,33.2,False
06b50000000000374122,5.5859375,HIGH,1,0.6707000136375427,6P58RRGC+H222,731.9,11.1,False
06b500000000000b30e0,3.7734375,HIGH,1,0.8166000247001648,6P58RR98+R4J7,732.0,56.4,False
06b500000000000b72ea,18.5546875,HIGH,1,0.656000018119812,6P58RR8H+M3CH,732.1,37.6,False
06b500000000002cf53f,3.671875,HIGH,1,0.7573000192642212,6P58RR79+HJM3,732.1,173.8,False
06b500000000000a4c0d,17.7109375,HIGH,1,0.8134999871253967,6P58RR98+H4FP,732.2,100.4,False
06b5000000000029ad98,4.90625,HIGH,1,0.7724000215530396,6P58RRC8+23XW,732.2,111.4,False
06b5000000000020f8ea,5.953125,MEDIUM,1,0.6990000009536743,6P58RR98+F5CF,732.2,15.6,False
06b500000000000f90c6,11.703125,MEDIUM,1,0.682200014591217,6P58RR8H+J2G5,732.2,43.1,False
06b5000000000031047b,5.5625,HIGH,1,0.8543999791145325,6P58RR7F+HWRW,732.2,91.2,False
06b500000000000bcb40,,NO_HEIGHT,0,0.6589000225067139,6P58RRGF+FMW9,732.3,9.1,False
06b500000000001a668b,4.40625,HIGH,1,0.6503999829292297,6P58RR8G+FWP4,732.3,13.2,False
06b500000000001998b4,6.140625,HIGH,1,0.8450000286102295,6P58RR79+R5Q9,732.4,88.1,False
06b50000000000101fb7,15.25,HIGH,1,0.6919000148773193,6P58RRFG+RP3P,732.4,35.5,False
06b5000000000003143e,7.25,HIGH,1,0.6998000144958496,6P58RR7G+V84X,732.5,45.3,False
06b500000000001fd59c,6.1640625,HIGH,1,0.7300000190734863,6P58RRGC+J426,732.6,119.8,False
06b500000000002f07e9,4.3828125,HIGH,1,0.6583999991416931,6P58RRF8+GH23,732.7,34.4,False
06b5000000000029b920,4.640625,HIGH,1,0.6868000030517578,6P58RR79+JGM7,732.7,91.6,False
06b50000000000388cdf,5.078125,HIGH,1,0.7045000195503235,6P58RR8G+8R7M,732.8,34.9,False
06b5000000000031f08c,7.015625,HIGH,1,0.9164999723434448,6P58RR7G+M4XR,733.0,222.7,False
06b500000000000195c1,23.765625,HIGH,1,0.8673999905586243,6P58RR7C+86RJ,733.0,450.1,False
06b500000000003ebf60,8.0703125,HIGH,1,0.6622999906539917,6P58RRF8+VVR4,733.2,58.1,False
06b50000000000279a3e,5.046875,HIGH,1,0.8108999729156494,6P58RR88+7MV6,733.3,395.1,False
06b500000000003203eb,6.5,HIGH,1,0.7164999842643738,6P58RRC8+M5WR,733.7,60.2,False
06b5000000000029073d,6.0625,HIGH,1,0.7440999746322632,6P58RR79+Q84V,733.8,15.5,False
06b5000000000040d180,21.5703125,HIGH,1,0.832099974155426,6P58RR9H+79GV,733.8,631.0,False
06b500000000001cd4ee,3.828125,LOW,1,0.7961999773979187,6P58RRC8+64CR,734.0,34.0,False
06b500000000003c2e91,4.7265625,HIGH,1,0.7339000105857849,6P58RR98+V3HM,734.1,50.8,False
06b500000000002de6c6,5.8671875,HIGH,1,0.7646999955177307,6P58RR8G+GX3C,734.1,43.4,False
06b50000000000149352,5.046875,HIGH,1,0.7662000060081482,6P58RRGC+H2C7,734.1,46.1,False
06b5000000000006a0d7,17.3125,HIGH,1,0.6671000123023987,6P58RR98+G4GC,734.2,106.2,False
06b500000000001ec70f,23.4296875,HIGH,1,0.8079000115394592,6P58RR7C+C44M,734.3,58.0,False
06b5000000000017bbd7,4.71875,MEDIUM,1,0.7318000197410583,6P58RR98+Q3Q8,734.4,34.7,False
06b500000000000792fb,7.5546875,MEDIUM,1,0.7078999876976013,6P58RRC8+84FR,734.4,13.3,False
06b5000000000031847f,4.8828125,HIGH,1,0.6764000058174133,6P58RRC8+84VG,734.5,14.4,False
06b5000000000011559a,3.9296875,HIGH,1,0.7753999829292297,6P58RR88+4RF8,734.6,272.8,False
06b50000000000073ad5,7.734375,HIGH,1,0.8794000148773193,6P58RR88+X783,734.9,153.1,False
06b5000000000009c783,5.7578125,HIGH,1,0.6995999813079834,6P58RRG9+GWR5,735.0,36.9,False
06b500000000003c5c9e,3.828125,HIGH,1,0.7696999907493591,6P58RRC8+63XH,735.0,29.9,False
06b500000000000b702a,5.7109375,HIGH,1,0.7980999946594238,6P58RR79+Q6XR,735.2,59.9,False
06b500000000001925a3,6.5,HIGH,1,0.8118000030517578,6P58RRC8+Q5W5,735.3,258.4,False
06b500000000001981d7,5.3515625,HIGH,1,0.7178999781608582,6P58RR8G+FW9P,735.4,36.4,False
06b5000000000005b919,8.0859375,HIGH,1,0.8482000231742859,6P58RRC8+73QH,735.6,109.9,False
06b50000000000027f16,7.1015625,HIGH,1,0.76910001039505,6P58RR8G+9W8P,735.7,376.2,False
06b5000000000002ebac,5.171875,HIGH,1,0.7936000227928162,6P58RRC8+G4F5,735.8,187.3,False
06b500000000003b958a,1.96875,HIGH,1,0.6549000144004822,6P58RRG9+325C,736.0,40.0,False
06b5000000000038f050,5.9921875,HIGH,1,0.7993999719619751,6P58RR88+V797,736.0,456.0,False
06b5000000000005f399,7.6328125,HIGH,1,0.7488999962806702,6P58RRF8+RQFX,736.1,152.3,False
06b50000000000233f82,12.0546875,LOW,1,0.7120000123977661,6P58RR7F+HR98,736.1,10.9,False
06b500000000002e8cca,27.4765625,HIGH,1,0.8188999891281128,6P58RR8H+J33Q,736.1,557.4,False
06b500000000002409d5,5.265625,HIGH,1,0.7642999887466431,6P58RR8G+7RV6,736.2,37.3,False
06b5000000000031a1c1,6.2578125,HIGH,1,0.8030999898910522,6P58RR79+X2F6,736.2,115.2,False
06b5000000000032b3c9,6.0078125,HIGH,1,0.8095999956130981,6P58RRGC+J6MM,736.2,93.8,False
06b50000000000347375,5.9609375,MEDIUM,1,0.6782000064849854,6P58RR98+J47J,736.4,27.4,False
06b50000000000281b02,8.3515625,HIGH,1,0.8389999866485596,6P58RRF8+487J,736.5,92.9,False
06b500000000002cfa10,7.890625,HIGH,1,0.6747000217437744,6P58RR8G+9VX4,736.7,37.3,False
06b500000000002635c0,6.2734375,HIGH,1,0.7240999937057495,6P58RRG9+GVV7,736.8,74.2,False
06b5000000000032bb2b,5.140625,HIGH,1,0.6517000198364258,6P58RR8G+FXJ7,737.1,14.6,False
06b5000000000038d388,10.1640625,HIGH,1,0.9312999844551086,6P58RRG9+99MQ,737.3,876.6,False
06b5000000000031344b,4.640625,HIGH,1,0.7160999774932861,6P58RR8G+3JPW,737.4,33.2,False
06b500000000001ba93f,7.875,HIGH,1,0.7991999983787537,6P58RR79+P8JM,737.5,160.6,False
06b500000000002f4e2e,5.5234375,HIGH,1,0.7605000138282776,6P58RRC8+9398,737.5,200.4,False
06b500000000000a989e,,NO_HEIGHT,0,0.7914999723434448,6P58RRGF+GP2Q,737.5,19.7,False
06b5000000000021cf50,2.6875,LOW,1,0.7046999931335449,6P58RRF8+8CFX,737.5,34.3,False
06b500000000001bdba2,19.5390625,HIGH,1,0.8684999942779541,6P58RR7C+94J7,737.5,134.1,False
06b5000000000038033f,6.71875,HIGH,1,0.8222000002861023,6P58RR79+Q6RV,737.8,121.5,False
06b50000000000200636,4.9296875,HIGH,1,0.7505999803543091,6P58RR8G+GX56,737.8,93.3,False
06b500000000003a86c0,15.3515625,HIGH,1,0.8302000164985657,6P58RRG9+GMG5,737.8,356.5,False
06b50000000000278199,8.1875,HIGH,1,0.7653999924659729,6P58RR7F+JW55,737.9,44.9,False
06b500000000000d66f0,5.8203125,HIGH,1,0.6992999911308289,6P58RR8G+5PFG,737.9,24.3,False
06b500000000000fb6bf,7.9765625,HIGH,1,0.7002000212669373,6P58RR88+6PW4,737.9,49.8,False
06b500000000002f2d06,8.4453125,HIGH,1,0.6790000200271606,6P58RR7G+RCCM,738.1,258.1,False
06b500000000000155aa,6.609375,HIGH,1,0.6976000070571899,6P58RRGC+M9CG,738.2,158.4,False
06b5000000000022d9bd,,NO_HEIGHT,0,0.6929000020027161,6P58RRGC+M757,738.3,24.6,False
06b500000000002e5c8f,5.5390625,HIGH,1,0.6884999871253967,6P58RR7F+JX8W,738.3,34.3,False
06b50000000000373b01,4.9921875,HIGH,1,0.6877999901771545,6P58RR8G+7RF4,738.5,70.0,False
06b50000000000183ea7,5.7421875,HIGH,1,0.7980999946594238,6P58RRC8+F425,738.8,76.8,False
06b5000000000008108e,6.1640625,HIGH,1,0.7749999761581421,6P58RRGC+M723,738.9,76.0,False
06b5000000000011686d,4.875,HIGH,1,0.7459999918937683,6P58RR8G+CWX7,739.3,42.1,False
06b500000000001b5003,34.57421875,HIGH,1,0.9151999950408936,6P58RR7F+9M4R,739.8,4535.6,False
06b5000000000023f155,4.53125,HIGH,1,0.6610000133514404,6P58RRC8+P5M8,739.8,40.8,False
06b5000000000026d9f5,4.765625,HIGH,1,0.7225000262260437,6P58RR98+R3PW,740.0,35.6,False
06b5000000000021d4fc,8.078125,HIGH,1,0.8450999855995178,6P58RR88+FG2P,740.0,719.8,False
06b50000000000286610,5.75,HIGH,1,0.7324000000953674,6P58RRGC+J37F,740.1,63.2,False
06b5000000000034077e,4.328125,HIGH,1,0.7275999784469604,6P58RR98+X37W,740.1,190.3,False
06b50000000000284328,5.1640625,HIGH,1,0.7645000219345093,6P58RR79+R5RG,740.1,55.4,False
06b500000000003342b2,5.59375,HIGH,1,0.8187999725341797,6P58RR7C+C324,740.3,61.6,False
06b50000000000325b09,6.3984375,HIGH,1,0.7716000080108643,6P58RRGC+J5WP,740.3,67.2,False
06b500000000003a35e7,5.8984375,HIGH,1,0.6575999855995178,6P58RRG9+HV52,740.3,21.9,False
06b500000000002ad70f,6.5390625,HIGH,1,0.8149999976158142,6P58RR79+Q65P,740.4,160.5,False
06b500000000002bf60d,5.5234375,HIGH,1,0.6912000179290771,6P58RR8G+5PPG,740.4,19.6,False
06b50000000000120636,44.046875,HIGH,1,0.8597999811172485,6P58RRGC+RV4R,740.5,3175.2,False
06b5000000000034e53b,22.984375,HIGH,1,0.6556000113487244,6P58RR7C+94HJ,740.5,111.3,False
06b5000000000014424b,5.1015625,HIGH,1,0.6633999943733215,6P58RRG9+HXCQ,740.5,26.4,False
06b500000000001b837a,5.6796875,HIGH,1,0.650600016117096,6P58RR8G+FXGP,740.5,40.6,False
06b500000000000f39db,2.984375,HIGH,1,0.7121999859809875,6P58RR79+JG85,740.6,16.8,False
06b5000000000039f6ec,5.390625,HIGH,1,0.6919000148773193,6P58RRG9+HW8P,740.9,16.5,False
06b500000000001e5ef1,15.5546875,LOW,1,0.6762999892234802,6P58RR88+HF8R,741.0,45.5,False
06b500000000003cf561,4.90625,HIGH,1,0.8902000188827515,6P58RR88+6P8W,741.1,67.6,False
06b5000000000001fad4,5.140625,HIGH,1,0.8030999898910522,6P58RRC8+3334,741.1,57.1,False
06b500000000002cbab3,,NO_HEIGHT,0,0.6822999715805054,6P58RRGF+GP5R,741.1,15.1,False
06b500000000002d5d72,5.28125,HIGH,1,0.7069000005722046,6P58RRGC+J239,741.2,35.8,False
06b500000000001923e8,5.0625,HIGH,1,0.6976000070571899,6P58RRC8+533M,741.4,69.3,False
06b500000000003be7f4,7.0234375,HIGH,1,0.7164000272750854,6P58RR98+J39P,741.4,33.8,False
06b50000000000157bc5,4.546875,HIGH,1,0.7074999809265137,6P58RR8G+6RCV,741.5,169.7,False
06b500000000003326cd,5.3984375,HIGH,1,0.9028000235557556,6P58RR79+M9FM,741.6,188.3,False
06b50000000000342b0e,7.2109375,HIGH,1,0.8618999719619751,6P58RR79+FMJJ,741.6,579.6,False
06b50000000000084088,5.5,HIGH,1,0.7253999710083008,6P58RRGC+J29X,741.7,48.3,False
06b500000000001ca87f,12.40625,HIGH,1,0.7281000018119812,6P58RR7G+M334,741.7,27.6,False
06b5000000000036246d,1.875,LOW,1,0.6983000040054321,6P58RRGC+M8PJ,742.0,88.1,False
06b5000000000022036b,5.3125,HIGH,1,0.8389000296592712,6P58RR88+6JQ7,742.1,610.7,False
06b500000000002b9f5e,4.7265625,HIGH,1,0.6589000225067139,6P58RRG9+HWHH,742.3,11.6,False
06b5000000000011216e,,NO_HEIGHT,0,0.6521000266075134,6P58RR7C+8H9J,742.5,18.1,False
06b5000000000023456d,4.21875,HIGH,1,0.6887000203132629,6P58RR98+W324,742.5,115.4,False
06b500000000003b7619,4.140625,HIGH,1,0.7462000250816345,6P58RR98+R3VG,742.5,77.7,False
06b500000000000dc4d9,6.0078125,HIGH,1,0.7389000058174133,6P58RRG9+HW7V,742.6,23.5,False
06b50000000000213e34,5.765625,HIGH,1,0.7159000039100647,6P58RR8G+7RQM,742.7,38.7,False
06b50000000000155675,4.0390625,HIGH,1,0.7389000058174133,6P58RR79+V447,742.9,42.1,False
06b500000000003ced95,6.046875,HIGH,1,0.78329998254776,6P58RR79+HGJX,743.2,118.2,False
06b500000000002e8aed,7.9609375,HIGH,1,0.7615000009536743,6P58RRC8+73MQ,743.2,66.0,False
06b5000000000017463b,17.808168316831683,HIGH,1,0.9207000136375427,6P58RRG9+HF39,743.3,3326.9,False
06b500000000001a60a7,4.171875,HIGH,1,0.8302000164985657,6P58RR8G+8VQJ,743.7,72.7,False
06b5000000000036526a,6.6796875,HIGH,1,0.7695000171661377,6P58RR8G+CX29,744.0,164.3,False
06b500000000001aff3e,4.1484375,HIGH,1,0.8245000243186951,6P58RRC8+C3XR,744.0,95.8,False
06b50000000000359b56,6.1875,HIGH,1,0.739300012588501,6P58RR88+5PH3,744.1,188.7,False
06b5000000000005b5bf,5.7890625,HIGH,1,0.6739000082015991,6P58RRG9+HXWJ,744.2,27.2,False
06b5000000000002b92e,,NO_HEIGHT,0,0.6589000225067139,6P58RR98+Q3M7,744.3,17.7,False
06b500000000000ca978,4.078125,HIGH,1,0.758899986743927,6P58RR8G+4PM2,744.3,30.4,False
06b5000000000012973a,36.03125,HIGH,1,0.8697999715805054,6P58RRF8+JG42,744.5,408.1,False
06b5000000000026851d,5.7265625,LOW_RELAXED,1,0.8478000164031982,6P58RRGF+GPP7,744.6,49.7,False
06b50000000000266f6d,7.765625,HIGH,1,0.7922000288963318,6P58RR7F+HXM9,744.7,73.8,False
06b500000000003c9c73,8.8515625,HIGH,1,0.817799985408783,6P58RRF8+9957,744.8,165.3,False
06b5000000000014871d,7.5625,HIGH,1,0.8406999707221985,6P58RR79+P83M,744.9,85.7,False
06b5000000000024b0b6,3.609375,LOW_RELAXED,1,0.7505999803543091,6P58RR8H+P488,744.9,30.8,False
06b5000000000010b711,12.4296875,HIGH,1,0.7143999934196472,6P58RRFG+WP7H,745.0,174.6,False
06b500000000000539ce,4.1953125,HIGH,1,0.6816999912261963,6P58RRC8+22HW,745.1,31.8,False
06b500000000001b915d,5.6484375,HIGH,1,0.7093999981880188,6P58RRGC+M448,745.2,54.2,False
06b500000000000621cb,5.9296875,HIGH,1,0.840399980545044,6P58RRGC+QC44,745.7,815.8,False
06b5000000000017e454,5.8671875,HIGH,1,0.7975000143051147,6P58RRC8+9329,745.8,204.1,False
06b500000000000102df,6.9453125,HIGH,1,0.730400025844574,6P58RRG9+HV63,745.9,27.2,False
06b50000000000337312,6.8515625,HIGH,1,0.7426000237464905,6P58RR8G+2JFV,745.9,52.8,False
06b50000000000048f91,3.03125,MEDIUM,1,0.6888999938964844,6P58RR79+HH8H,745.9,20.7,False
06b50000000000250de9,8.3671875,MEDIUM,1,0.690500020980835,6P58RR88+JC43,746.0,46.0,False
06b5000000000037ea0c,3.0,MEDIUM,1,0.8334000110626221,6P58RRF8+893G,746.1,56.6,False
06b5000000000018743d,4.9453125,HIGH,1,0.7736999988555908,6P58RRC8+G3QV,746.2,142.1,False
06b500000000000a5076,5.3828125,MEDIUM,1,0.6624000072479248,6P58RR8G+3J9W,746.3,7.2,False
06b500000000000342cd,5.421875,HIGH,1,0.7128999829292297,6P58RR79+JF4X,746.4,30.4,False
06b5000000000006b535,21.2265625,HIGH,1,0.8847000002861023,6P58RRC8+W5W3,746.6,285.2,False
06b50000000000361b2d,4.7890625,HIGH,1,0.7967000007629395,6P58RR98+W2XG,746.8,98.6,False
06b500000000002a3e51,4.75,HIGH,1,0.7807999849319458,6P58RR98+R2X9,746.9,147.7,False
06b50000000000210b34,7.6953125,HIGH,1,0.8123000264167786,6P58RRC8+73J8,747.0,101.0,False
06b50000000000069eb1,5.2265625,HIGH,1,0.7028999924659729,6P58RR98+X2X7,747.2,87.8,False
06b50000000000320f2b,8.2421875,HIGH,1,0.7960000038146973,6P58RR7F+HW85,747.5,26.8,False
06b500000000001c5cfa,5.15625,HIGH,1,0.6521000266075134,6P58RR8G+4PXW,747.6,53.4,False
06b500000000003f5f2d,6.1171875,HIGH,1,0.7853000164031982,6P58RRGC+M6FP,747.9,67.8,False
06b500000000001807e9,4.3125,MEDIUM,1,0.73089998960495,6P58RR79+R53H,748.2,9.1,False
06b50000000000395cf4,4.265625,MEDIUM,1,0.6712999939918518,6P58RRGC+J4V3,748.2,8.5,False
06b50000000000008727,5.3515625,HIGH,1,0.7013999819755554,6P58RRGC+J2P8,748.3,38.5,False
06b5000000000037c92a,5.0078125,MEDIUM,1,0.7864999771118164,6P58RRGC+PX95,748.4,26.6,False
06b5000000000007fd1d,70.875,HIGH,1,0.9020000100135803,6P58RR9H+28GH,748.4,392.4,False
06b500000000000a30eb,4.5625,HIGH,1,0.6783999800682068,6P58RR8G+3PR3,748.5,81.8,False
06b500000000002903a5,4.265625,HIGH,1,0.7387999892234802,6P58RRGC+J3XQ,748.9,37.2,False
06b50000000000118637,7.046875,HIGH,1,0.7493000030517578,6P58RR7F+HX86,748.9,87.5,False
06b5000000000009c6c8,3.625,HIGH,1,0.7908999919891357,6P58RRC8+C2XH,749.0,320.3,False
06b5000000000005a53d,5.7265625,HIGH,1,0.7601000070571899,6P58RR8G+7V2F,749.1,100.5,False
06b50000000000213050,5.0,HIGH,1,0.7157999873161316,6P58RR98+V2QF,749.1,31.2,False
06b500000000003aaa78,4.4453125,HIGH,1,0.8289999961853027,6P58RRC8+J4JR,749.3,154.8,False
06b5000000000015af03,4.8359375,HIGH,1,0.739300012588501,6P58RRGC+J26M,749.3,12.3,False
06b50000000000356087,5.5703125,HIGH,1,0.7872999906539917,6P58RR79+CQVV,749.4,215.3,False
06b50000000000273c04,4.90625,MEDIUM,1,0.7006999850273132,6P58RRGC+J27R,749.4,5.7,False
06b50000000000253957,5.421875,HIGH,1,0.6507999897003174,6P58RR8G+3M68,749.4,13.0,False
06b5000000000028e2da,6.625,HIGH,1,0.849399983882904,6P58RRG9+HVMF,749.4,47.0,False
06b50000000000050de8,5.8671875,HIGH,1,0.8125,6P58RRG9+JW99,749.7,53.3,False
06b50000000000281c41,21.6640625,HIGH,1,0.79830002784729,6P58RR7C+84HJ,750.0,316.8,False
06b500000000002c2815,6.03125,HIGH,1,0.8001000285148621,6P58RR88+W658,750.2,148.8,False
06b5000000000028a600,3.921875,HIGH,1,0.805899977684021,6P58RR8G+8WM2,750.4,65.7,False
06b5000000000024cc6f,5.5546875,LOW_RELAXED,1,0.7268999814987183,6P58RRGF+HM9J,750.5,27.7,False
06b5000000000018f947,17.78125,HIGH,1,0.7080000042915344,6P58RR98+H3F4,750.5,32.0,False
06b5000000000040bf74,18.8984375,HIGH,1,0.7745000123977661,6P58RRC8+X5GG,751.0,92.1,False
06b500000000002a2550,6.3046875,HIGH,1,0.6998000144958496,6P58RR88+2RW5,751.1,234.2,False
06b500000000002e1523,5.359375,HIGH,1,0.8176000118255615,6P58RRC8+M4JM,751.2,87.7,False
06b500000000003ae9ac,4.953125,HIGH,1,0.7254999876022339,6P58RR79+JC9F,751.2,20.6,False
06b500000000003514e8,18.9453125,LOW,1,0.6722000241279602,6P58RRF8+26W5,751.3,27.0,False
06b5000000000005e40f,4.5625,MEDIUM,1,0.6661999821662903,6P58RR8G+3MP5,751.5,9.0,False
06b5000000000004d3cf,5.609375,HIGH,1,0.7817000150680542,6P58RR88+4Q6P,751.7,151.8,False
06b500000000003e1917,5.125,HIGH,1,0.840499997138977,6P58RRC8+Q466,751.8,253.7,False
06b500000000000b2928,5.6640625,HIGH,1,0.7488999962806702,6P58RRGC+M46F,751.9,77.3,False
06b50000000000339e02,13.5390625,HIGH,1,0.7559999823570251,6P58RR7G+J4M4,751.9,63.1,False
06b5000000000030083a,9.3359375,HIGH,1,0.9257000088691711,6P58RR88+Q7PP,752.1,370.0,False
06b500000000001baf17,6.0625,HIGH,1,0.7159000039100647,6P58RRGC+M5QF,752.2,46.1,False
06b5000000000040130e,16.7421875,HIGH,1,0.8636999726295471,6P58RR7G+H4VW,752.3,377.2,False
06b50000000000394c4d,6.046875,HIGH,1,0.7197999954223633,6P58RRGC+M6QX,752.6,17.6,False
06b500000000000dde42,5.046875,HIGH,1,0.8360999822616577,6P58RR8G+6R96,752.7,104.4,False
06b5000000000026c2eb,5.7890625,HIGH,1,0.7592999935150146,6P58RRC8+7288,752.8,51.9,False
06b50000000000062269,4.984375,HIGH,1,0.7782999873161316,6P58RRGC+J2V4,752.8,26.9,False
06b500000000003a95a0,4.0546875,HIGH,1,0.8652999997138977,6P58RR79+GH9R,753.0,115.6,False
06b500000000002ca860,11.7890625,HIGH,1,0.8691999912261963,6P58RR79+8XC7,753.0,588.0,False
06b500000000001b0703,6.3671875,LOW,1,0.6958000063896179,6P58RR79+M8G3,753.1,21.2,False
06b500000000003d96eb,5.4921875,HIGH,1,0.7829999923706055,6P58RRC8+P46P,753.2,91.4,False
06b500000000003312ef,3.8046875,LOW,1,0.7336999773979187,6P58RR79+GGXR,753.5,42.0,False
06b50000000000345a10,4.671875,HIGH,1,0.6912000179290771,6P58RR79+HFR6,753.8,47.4,False
06b50000000000036b2f,15.7890625,HIGH,1,0.8971999883651733,6P58RRF8+985H,753.8,249.3,False
06b500000000000eb6c9,5.984375,HIGH,1,0.7703999876976013,6P58RRGC+M5J8,753.9,54.6,False
06b5000000000005e595,,NO_HEIGHT,0,0.781000018119812,6P58RR7F+73CC,753.9,61.4,False
06b500000000001f719f,7.6015625,HIGH,1,0.7766000032424927,6P58RRC8+72WF,754.0,91.3,False
06b500000000002f9e9c,7.203125,HIGH,1,0.7418000102043152,6P58RRG9+JV3H,754.1,41.8,False
06b5000000000017d362,5.25,HIGH,1,0.7035999894142151,6P58RR8G+3PCJ,754.2,14.4,False
06b500000000003a0008,12.62890625,HIGH,1,0.8023999929428101,6P58RR7G+J5VC,754.3,73.3,False
06b5000000000034f846,4.3671875,HIGH,1,0.7107999920845032,6P58RR7F+FVVM,754.3,33.2,False
06b500000000000c22b2,,NO_HEIGHT,0,0.6711000204086304,6P58RR7F+74R8,754.4,9.3,False
06b500000000002f2d37,4.1484375,HIGH,1,0.7857000231742859,6P58RR8G+4P96,754.4,42.9,False
06b500000000003265be,5.421875,HIGH,1,0.7940999865531921,6P58RRC8+G3JV,754.7,180.0,False
06b5000000000008e28c,21.5859375,HIGH,1,0.9096999764442444,6P58RRF8+JFP5,754.8,543.3,False
06b500000000000bd228,6.234375,HIGH,1,0.6829000115394592,6P58RRG9+JWF3,754.8,34.4,False
06b500000000002e8ada,5.671875,HIGH,1,0.7829999923706055,6P58RR98+W24J,754.9,10.8,False
06b500000000002ba029,4.7265625,HIGH,1,0.7551000118255615,6P58RR88+6M45,755.0,39.1,False
06b500000000002295a1,5.828125,HIGH,1,0.7562000155448914,6P58RR98+X2V7,755.0,75.0,False
06b500000000003bfa94,5.015625,HIGH,1,0.7251999974250793,6P58RR8G+2MX2,755.3,131.0,False
06b5000000000007e9f9,5.5078125,MEDIUM,1,0.6539999842643738,6P58RR79+HG28,755.3,104.6,False
06b5000000000000adfd,5.1796875,HIGH,1,0.8212000131607056,6P58RRC8+82M4,755.4,135.5,False
06b500000000000dced6,13.2890625,HIGH,1,0.9368000030517578,6P58RR98+G2MC,755.5,641.9,False
06b5000000000013baea,5.1015625,HIGH,1,0.7986999750137329,6P58RR98+W2M2,755.9,27.6,False
06b50000000000122664,3.25,LOW_RELAXED,1,0.6927000284194946,6P58RR8H+P5GV,755.9,9.0,False
06b50000000000339fde,17.78125,HIGH,1,0.8449000120162964,6P58RRF8+25M2,756.0,460.0,False
06b5000000000020d3a6,5.8046875,HIGH,1,0.6761000156402588,6P58RR98+W272,756.2,17.6,False
06b5000000000033a3c1,5.9296875,MEDIUM,1,0.79339998960495,6P58RR7F+GXQR,756.5,82.8,False
06b500000000001f1089,5.296875,HIGH,1,0.8659999966621399,6P58RR88+2R58,756.6,129.7,False
06b500000000000bcb08,8.3046875,HIGH,1,0.6966999769210815,6P58RRF8+GFC9,757.0,48.2,False
06b50000000000027d37,6.2578125,HIGH,1,0.786300003528595,6P58RRC8+926V,757.0,247.2,False
06b500000000003f66ab,4.0234375,LOW,1,0.7425000071525574,6P58RRF8+572M,757.0,39.8,False
06b500000000002da0f4,4.2109375,HIGH,1,0.8201000094413757,6P58RRGC+M3FG,757.0,61.1,False
06b500000000001e7661,5.390625,HIGH,1,0.8001999855041504,6P58RR98+V2F6,757.1,59.6,False
06b50000000000264a8f,5.078125,HIGH,1,0.7538999915122986,6P58RR98+X236,757.1,32.7,False
06b5000000000031b7a4,3.6796875,HIGH,1,0.6963000297546387,6P58RR98+74CF,757.1,42.1,False
06b5000000000013d9f5,5.40625,HIGH,1,0.822700023651123,6P58RR88+4MPH,757.4,351.9,False
06b5000000000024b50f,5.2109375,HIGH,1,0.7728999853134155,6P58RRG9+MX35,757.6,38.9,False
06b50000000000235d70,6.0625,HIGH,1,0.7818999886512756,6P58RRG9+JWMH,757.7,53.7,False
06b5000000000034f5ea,4.3671875,HIGH,1,0.858299970626831,6P58RR79+HF2X,757.8,109.6,False
06b5000000000009e564,6.046875,MEDIUM,1,0.6636999845504761,6P58RR88+4PQM,757.8,9.9,False
06b500000000001153a7,5.828125,HIGH,1,0.7850000262260437,6P58RR78+VW9W,757.8,220.6,False
06b500000000002e5224,3.875,HIGH,1,0.724399983882904,6P58RRF8+56X5,758.0,221.3,False
06b50000000000315657,6.78125,HIGH,1,0.7670999765396118,6P58RRGC+P62X,758.0,49.0,False
06b500000000001d3a9c,4.578125,HIGH,1,0.8223999738693237,6P58RRC8+22RF,758.0,85.0,False
06b5000000000008a357,10.6796875,HIGH,1,0.8932999968528748,6P58RRF8+C96P,758.1,322.3,False
06b5000000000032fac5,,NO_HEIGHT,0,0.7549999952316284,6P58RR7C+79HG,758.1,35.3,False
06b50000000000310354,5.5546875,LOW_RELAXED,1,0.7217000126838684,6P58RRGF+HPR5,758.3,38.6,False
06b5000000000009013d,5.484375,HIGH,1,0.7955999970436096,6P58RRC8+J3VW,758.4,211.5,False
06b5000000000039f4b6,4.8203125,HIGH,1,0.7710000276565552,6P58RR8G+4Q2M,758.4,39.9,False
06b5000000000000b817,7.140625,HIGH,1,0.8866999745368958,6P58RR7F+FWXJ,758.5,210.4,False
06b50000000000176a63,7.640625,MEDIUM,1,0.6578999757766724,6P58RR8G+2M67,758.8,12.8,False
06b500000000000ec0a9,6.53125,HIGH,1,0.8608999848365784,6P58RR98+72P3,758.9,761.9,False
06b500000000000e0bf9,4.0,HIGH,1,0.7361000180244446,6P58RRGC+M2XX,759.2,139.6,False
06b50000000000097878,7.5703125,HIGH,1,0.7132999897003174,6P58RRG9+JVGF,759.2,37.8,False
06b50000000000149692,4.0234375,HIGH,1,0.70169997215271,6P58RRF8+46G3,759.2,73.6,False
06b500000000000a684a,5.6640625,HIGH,1,0.7656000256538391,6P58RR7G+P83W,759.3,169.5,False
06b50000000000312bb1,7.9296875,HIGH,1,0.7792999744415283,6P58RR7C+73QQ,759.6,193.9,False
06b5000000000016232d,4.8671875,MEDIUM,1,0.6812000274658203,6P58RRC8+62C7,759.7,51.7,False
06b50000000000305765,6.8359375,HIGH,1,0.8040000200271606,6P58RR88+V624,759.9,460.8,False
06b500000000003fe373,3.1328125,LOW,1,0.7250000238418579,6P58RR8G+5RGV,760.3,32.3,False
06b50000000000256801,3.5390625,MEDIUM,1,0.6643999814987183,6P58RR98+R26P,760.4,7.7,False
06b5000000000031e6d2,4.34375,HIGH,1,0.7052000164985657,6P58RR7F+FVGP,760.9,61.2,False
06b50000000000088eac,6.203125,HIGH,1,0.675000011920929,6P58RRC8+7262,761.1,55.8,False
06b500000000003fb225,8.5625,HIGH,1,0.8684999942779541,6P58RR79+9V2W,761.4,194.0,False
06b500000000002710f9,5.6484375,HIGH,1,0.8281999826431274,6P58RR97+XXQ7,761.6,84.7,False
06b5000000000027a23e,5.609375,HIGH,1,0.7458000183105469,6P58RR8G+3PH7,761.7,42.9,False
06b500000000000a762d,3.359375,HIGH,1,0.7157999873161316,6P58RR98+353R,761.9,16.8,False
06b500000000000bb43d,8.8828125,HIGH,1,0.7982000112533569,6P58RR79+8WR3,762.1,168.3,False
06b5000000000025f2bb,13.634171195652172,HIGH,1,0.8920999765396118,6P58RR9H+8FX8,762.1,1029.2,False
06b500000000001f6460,5.953125,HIGH,1,0.7897999882698059,6P58RR8G+6V33,762.1,86.3,False
06b500000000002268ad,5.640625,HIGH,1,0.8046000003814697,6P58RR88+4P7M,762.2,79.4,False
06b500000000002ffe17,5.2578125,HIGH,1,0.6557999849319458,6P58RR97+VXHH,762.3,17.1,False
06b500000000001e4693,5.578125,HIGH,1,0.7906000018119812,6P58RRGC+P56W,762.3,69.3,False
06b50000000000057253,5.2578125,HIGH,1,0.7817999720573425,6P58RR8G+2PJH,762.5,60.9,False
06b500000000002e3995,,NO_HEIGHT,0,0.6786999702453613,6P58RR88+3QMR,762.7,13.0,False
06b50000000000142a14,7.640625,LOW,1,0.6944000124931335,6P58RR8G+2M3P,762.9,12.9,False
06b500000000003dba61,2.75,LOW,1,0.6536999940872192,6P58RR8H+C23M,762.9,15.6,False
06b500000000001fc1c5,5.59375,HIGH,1,0.8375999927520752,6P58RRGC+P6MX,762.9,100.5,False
06b5000000000017e182,4.765625,HIGH,1,0.7027999758720398,6P58RR97+WXXJ,763.2,22.1,False
06b5000000000015c8ee,6.0,HIGH,1,0.8174999952316284,6P58RR78+VWMR,763.2,391.3,False
06b500000000003d519c,7.2578125,HIGH,1,0.7257999777793884,6P58RR79+CQ8P,763.2,12.1,False
06b500000000002397b2,6.0234375,HIGH,1,0.786300003528595,6P58RRG9+MW8X,763.2,115.6,False
06b50000000000228980,7.203125,HIGH,1,0.7989000082015991,6P58RRC7+7XQX,763.3,72.3,False
06b5000000000036065f,5.0859375,HIGH,1,0.7526999711990356,6P58RRC8+P3F7,763.4,129.9,False
06b5000000000002d7e5,6.9609375,HIGH,1,0.7350999712944031,6P58RRG9+JVXJ,763.5,58.0,False
06b500000000000f93c0,5.0234375,HIGH,1,0.840399980545044,6P58RRGC+P4F4,763.6,120.1,False
06b500000000001fce6e,7.3671875,HIGH,1,0.6557999849319458,6P58RR7G+M648,763.6,28.2,False
06b50000000000253436,3.28125,HIGH,1,0.8054999709129333,6P58RRGC+P8RM,763.6,51.3,False
06b500000000001f90a7,6.25,HIGH,1,0.8169000148773193,6P58RRF8+454H,763.7,89.6,False
06b500000000002e8d48,5.6171875,HIGH,1,0.6926000118255615,6P58RR97+RXQ7,763.8,54.3,False
06b5000000000001198c,4.4140625,HIGH,1,0.6672000288963318,6P58RRC7+3XWX,763.9,58.6,False
06b500000000000f4cd2,5.3984375,HIGH,1,0.7508000135421753,6P58RRGC+P23W,764.1,153.5,False
06b50000000000280027,4.875,MEDIUM,1,0.8112999796867371,6P58RR88+X5P7,764.2,17.8,False
06b5000000000008e1b8,4.7734375,HIGH,1,0.7910000085830688,6P58RRC7+2XW9,764.4,59.6,False
06b5000000000035e3a3,6.1640625,HIGH,1,0.8794999718666077,6P58RR8G+4Q5X,764.4,141.7,False
06b500000000000eca4c,4.03125,HIGH,1,0.7551000118255615,6P58RR88+X54M,764.5,90.9,False
06b500000000003d8007,83.03125,HIGH,1,0.8810999989509583,6P58RR9H+3CP4,764.7,999.9,False
06b500000000003d8da4,3.6640625,HIGH,1,0.8064000010490417,6P58RRC8+C2CV,764.8,111.1,False
06b500000000000be6db,3.6953125,MEDIUM,1,0.6650000214576721,6P58RR8G+8XX6,764.8,40.0,False
06b500000000001983dc,3.59375,HIGH,1,0.7800999879837036,6P58RR79+FHMJ,764.9,65.1,False
06b50000000000301c28,7.9921875,HIGH,1,0.8009999990463257,6P58RRF8+GCW2,765.3,87.5,False
06b50000000000177a65,5.5,HIGH,1,0.7415000200271606,6P58RR8G+7WHF,765.4,80.0,False
06b5000000000015748b,7.5390625,HIGH,1,0.838699996471405,6P58RRF8+45X6,765.4,270.1,False
06b50000000000108ef8,3.6171875,HIGH,1,0.8567000031471252,6P58RR7F+FV3G,765.5,50.5,False
06b50000000000226b70,5.984375,HIGH,1,0.7605999708175659,6P58RR78+VX75,765.6,81.5,False
06b500000000002124ea,5.2109375,HIGH,1,0.6944000124931335,6P58RR97+VXPW,765.7,50.7,False
06b5000000000014a44a,4.4296875,HIGH,1,0.6762999892234802,6P58RR98+24HG,765.8,104.4,False
06b5000000000033a833,5.8046875,HIGH,1,0.7950000166893005,6P58RR8G+3Q7Q,765.8,135.5,False
06b5000000000020429f,7.1875,HIGH,1,0.6832000017166138,6P58RR79+9RMG,765.8,35.5,False
06b5000000000022cf83,4.2109375,HIGH,1,0.7721999883651733,6P58RR88+2QM3,765.9,177.9,False
06b500000000002cb5bc,3.6796875,HIGH,1,0.7294999957084656,6P58RR98+34GW,766.1,68.9,False
06b5000000000009dd26,3.5,LOW,1,0.6822999715805054,6P58RR8G+8XFH,766.2,25.3,False
06b5000000000010f1af,4.8125,HIGH,1,0.6592000126838684,6P58RR7F+GX5M,766.4,51.3,False
06b500000000003e5984,4.40625,HIGH,1,0.7186999917030334,6P58RRGC+Q749,766.8,20.5,False
06b500000000003a3567,28.1328125,HIGH,1,0.7865999937057495,6P58RRF8+MGWJ,766.9,107.7,False
06b5000000000020ca14,12.484375,HIGH,1,0.7160999774932861,6P58RR79+9QMQ,767.1,112.8,False
06b50000000000139a9f,6.5078125,HIGH,1,0.8064000010490417,6P58RR88+4JQ5,767.3,277.1,False
06b50000000000138599,11.8671875,HIGH,1,0.866599977016449,6P58RRF8+F9MV,767.4,298.3,False
06b500000000003de295,10.1796875,HIGH,1,0.6894000172615051,6P58RR7G+H426,767.5,76.8,False
06b50000000000028a8e,12.6484375,HIGH,1,0.8172000050544739,6P58RRC8+X43W,767.7,220.1,False
06b500000000002c6829,7.359375,HIGH,1,0.7232999801635742,6P58RRG9+MVHX,767.8,139.7,False
06b500000000001a12f4,5.359375,HIGH,1,0.8077999949455261,6P58RR7F+FX7C,768.0,250.6,False
06b50000000000323a6b,6.0703125,HIGH,1,0.6978999972343445,6P58RR8G+6V52,768.0,53.6,False
06b5000000000019fd55,5.5234375,HIGH,1,0.7552000284194946,6P58RR97+VX3G,768.3,33.5,False
06b5000000000011757b,5.15625,HIGH,1,0.7023000121116638,6P58RRC7+2X33,768.4,64.3,False
06b500000000000daca0,4.7578125,MEDIUM,1,0.6904000043869019,6P58RRC7+6XG2,768.5,34.5,False
06b50000000000023beb,70.2332889573991,HIGH,1,0.9398999810218811,6P58RR7G+H93V,768.5,2905.5,False
06b500000000001cdb89,4.3515625,HIGH,1,0.7998999953269958,6P58RRC8+G278,768.5,30.8,False
06b500000000003edbca,5.234375,HIGH,1,0.8026999831199646,6P58RR79+Q2H8,768.7,343.8,False
06b500000000000ff44d,4.4921875,HIGH,1,0.6746000051498413,6P58RRC7+2XM7,768.8,50.3,False
06b5000000000012a8e4,5.34375,HIGH,1,0.7567999958992004,6P58RR97+RXFP,768.8,80.4,False
06b5000000000029439d,6.046875,HIGH,1,0.6741999983787537,6P58RRGC+P5XX,769.0,37.2,False
06b5000000000018d347,5.265625,HIGH,1,0.732699990272522,6P58RR78+WVCQ,769.1,215.9,False
06b50000000000075d62,6.0703125,HIGH,1,0.774399995803833,6P58RRGC+Q543,769.2,82.0,False
06b5000000000040987b,5.1796875,HIGH,1,0.7275999784469604,6P58RRC7+8XQ2,769.3,30.0,False
06b500000000000d0b36,7.9921875,HIGH,1,0.785099983215332,6P58RRC7+7W8Q,769.3,559.6,False
06b500000000002cef56,7.625,MEDIUM,1,0.753000020980835,6P58RR7G+M72H,769.3,18.5,False
06b5000000000003e2ea,3.2421875,HIGH,1,0.6935999989509583,6P58RRC7+3XRW,769.4,111.1,False
06b500000000003198df,4.4765625,MEDIUM,1,0.8270999789237976,6P58RR8G+5V74,769.5,79.1,False
06b5000000000021d419,43.2109375,HIGH,1,0.9291999936103821,6P58RR8H+H62X,769.5,917.7,False
06b500000000002ac2cd,8.484375,HIGH,1,0.9156000018119812,6P58RRF8+HCQR,769.6,116.4,False
06b500000000002ac45e,4.140625,HIGH,1,0.8644999861717224,6P58RRGC+Q8CQ,769.8,69.7,False
06b500000000000b7a96,4.3984375,HIGH,1,0.7156999707221985,6P58RRC8+F2R2,770.1,48.7,False
06b500000000000ad0c3,4.7265625,HIGH,1,0.7718999981880188,6P58RRGC+Q778,770.4,35.1,False
06b500000000002a3e55,7.7578125,HIGH,1,0.6527000069618225,6P58RR79+9R47,770.7,38.5,False
06b500000000003f4418,4.9296875,HIGH,1,0.7792999744415283,6P58RRG9+PX4M,770.8,58.3,False
06b5000000000026c6a2,3.25,HIGH,1,0.7163000106811523,6P58RR8H+924X,770.9,100.5,False
06b50000000000355339,2.546875,MEDIUM,1,0.7645999789237976,6P58RR8G+7XMJ,771.0,21.5,False
06b5000000000020d054,6.0390625,MEDIUM,1,0.7560999989509583,6P58RR88+FCCP,771.1,51.3,False
06b500000000000e1346,6.5703125,HIGH,1,0.769599974155426,6P58RRF8+56VR,771.2,73.8,False
06b500000000001b806b,4.71875,MEDIUM,1,0.7615000009536743,6P58RRC7+3X73,771.2,10.3,False
06b5000000000024b91c,5.140625,HIGH,1,0.7616999745368958,6P58RR8G+6WP5,771.3,90.2,False
06b5000000000040a424,8.1640625,HIGH,1,0.6808000206947327,6P58RR97+JX8P,771.3,34.8,False
06b5000000000008fe09,2.890625,HIGH,1,0.734000027179718,6P58RR79+H8P8,771.6,55.4,False
06b5000000000006c4b1,7.3671875,HIGH,1,0.8012999892234802,6P58RR79+9PV7,771.6,64.8,False
06b500000000001269dd,3.25,HIGH,1,0.7925999760627747,6P58RRC8+J27X,772.2,53.1,False
06b50000000000090db0,6.4375,HIGH,1,0.6801999807357788,6P58RR78+XQQH,772.3,61.4,False
06b5000000000012ffef,10.9453125,MEDIUM,1,0.7182000279426575,6P58RRGF+R2QR,772.4,488.2,False
06b500000000000922b3,4.5078125,HIGH,1,0.7806000113487244,6P58RR98+34CX,772.5,55.5,False
06b500000000003f1106,3.859375,MEDIUM,1,0.7382000088691711,6P58RR97+JXPQ,772.5,8.1,False
06b50000000000306acc,4.515625,HIGH,1,0.6876999735832214,6P58RR88+X4W8,772.8,53.7,False
06b5000000000027d25d,4.3125,HIGH,1,0.9077000021934509,6P58RR7F+CV98,772.9,262.8,False
06b5000000000007c3dc,4.75,MEDIUM,1,0.6840000152587891,6P58RR8G+7XC5,772.9,20.7,False
06b50000000000068d28,7.2109375,HIGH,1,0.8529999852180481,6P58RR88+R589,773.0,245.4,False
06b50000000000171931,8.6640625,HIGH,1,0.8907999992370605,6P58RR7G+VMVM,773.2,531.3,False
06b500000000000b094a,2.0,MEDIUM,1,0.7799000144004822,6P58RR8H+P7C2,773.3,16.7,False
06b5000000000000f58e,5.984375,HIGH,1,0.6844000220298767,6P58RRG9+PX6H,773.5,80.1,False
06b500000000003fe032,5.2734375,HIGH,1,0.777899980545044,6P58RR88+4JFW,773.8,226.6,False
06b5000000000015a5d7,5.4296875,HIGH,1,0.8061000108718872,6P58RR79+CHRX,773.9,96.3,False
06b500000000002c4287,4.5859375,HIGH,1,0.8313000202178955,6P58RRGC+Q6QW,774.0,117.5,False
06b500000000001b6e8c,4.5078125,MEDIUM,1,0.7809000015258789,6P58RR7G+XPV3,774.1,23.2,False
06b500000000000d6ee1,8.0390625,HIGH,1,0.779699981212616,6P58RR79+9MHJ,774.1,202.7,False
06b500000000002efe88,17.8125,HIGH,1,0.9067999720573425,6P58RR79+8Q78,774.3,494.6,False
06b500000000000f05d7,4.78125,HIGH,1,0.7304999828338623,6P58RRC8+P28M,774.6,96.7,False
06b50000000000305ec2,6.65625,MEDIUM,1,0.7645999789237976,6P58RRGF+MP42,774.6,49.6,False
06b500000000001f34db,3.8359375,HIGH,1,0.6514999866485596,6P58RRC7+2XR2,774.7,36.4,False
06b500000000003bcb78,5.796875,HIGH,1,0.9225999712944031,6P58RR98+43RG,774.7,142.0,False
06b50000000000001aba,9.041666666666666,HIGH,1,0.8981999754905701,6P58RRG9+MMWP,774.9,1188.3,False
06b500000000001c080a,5.0859375,HIGH,1,0.7971000075340271,6P58RRC8+R2CQ,775.0,391.6,False
06b500000000003d9b80,7.9921875,MEDIUM,1,0.6590999960899353,6P58RRF8+HC29,775.2,12.9,False
06b5000000000019632b,9.109375,HIGH,1,0.8267999887466431,6P58RRF8+MC9W,775.5,304.8,False
06b50000000000306c22,3.8515625,MEDIUM,1,0.7556999921798706,6P58RR8G+7XP3,775.5,13.7,False
06b50000000000314d26,12.0078125,HIGH,1,0.824400007724762,6P58RR7G+G3H5,775.5,73.7,False
06b5000000000023eb24,5.1015625,HIGH,1,0.7975000143051147,6P58RR78+XQMM,776.0,125.6,False
06b500000000000ce6cf,5.1484375,HIGH,1,0.7433000206947327,6P58RR97+WWXR,776.0,113.1,False
06b50000000000182d1e,7.375,HIGH,1,0.8112000226974487,6P58RR8G+3RW2,776.1,47.4,False
06b500000000002e16d9,5.40625,HIGH,1,0.6554999947547913,6P58RR97+RWX9,776.3,46.3,False
06b50000000000366cc5,11.8515625,HIGH,1,0.8741999864578247,6P58RR88+99M4,776.4,788.6,False
06b5000000000013ff57,3.1328125,MEDIUM,1,0.6858000159263611,6P58RR97+RW9H,776.4,30.4,False
06b50000000000409ade,4.9453125,HIGH,1,0.8166999816894531,6P58RR7G+PFX8,776.4,144.4,False
06b5000000000031ade8,4.890625,HIGH,1,0.7576000094413757,6P58RRC7+FX7R,776.5,155.9,False
06b5000000000012f6cc,7.3671875,HIGH,1,0.7840999960899353,6P58RR88+2PFJ,776.7,170.6,False
06b5000000000017f7dd,5.0,HIGH,1,0.7207000255584717,6P58RR88+W4X9,776.8,45.3,False
06b50000000000125405,12.5546875,HIGH,1,0.7620999813079834,6P58RRF8+34H2,776.9,53.1,False
06b5000000000002cb68,8.21875,HIGH,1,0.7551000118255615,6P58RRC7+8W8P,776.9,82.6,False
06b5000000000008c133,5.703125,HIGH,1,0.8163999915122986,6P58RR78+QXW4,776.9,126.3,False
06b5000000000010cb18,6.4765625,HIGH,1,0.8008000254631042,6P58RRGC+Q46X,777.1,73.4,False
06b5000000000017264d,,NO_HEIGHT,0,0.701200008392334,6P58RR7G+J8RV,777.2,13.5,False
06b50000000000215091,12.6796875,HIGH,1,0.6887000203132629,6P58RRF8+G9P8,777.2,25.4,False
06b50000000000076980,6.2890625,HIGH,1,0.8791000247001648,6P58RRF8+H9GF,777.4,271.9,False
06b50000000000272221,6.3125,HIGH,1,0.8492000102996826,6P58RRG9+PWFF,777.4,204.5,False
06b50000000000062ed2,5.9921875,HIGH,1,0.8184999823570251,6P58RR8G+5WWG,777.5,57.7,False
06b500000000002d3d5c,5.9140625,HIGH,1,0.739799976348877,6P58RR97+WW57,777.6,29.4,False
06b5000000000021426c,10.632610234627832,HIGH,1,0.9359999895095825,6P58RR79+H56F,777.6,1660.6,False
06b5000000000012fbd9,66.171875,HIGH,1,0.8884000182151794,6P58RRF8+WJP5,777.9,400.3,False
06b5000000000028bc87,6.8359375,HIGH,1,0.7138000130653381,6P58RRGC+Q38P,777.9,110.4,False
06b5000000000001eedc,5.234375,HIGH,1,0.9320999979972839,6P58RR79+CH58,778.1,245.0,False
06b500000000003a97f2,5.046875,HIGH,1,0.7940999865531921,6P58RRC7+GXCR,778.1,452.8,False
06b500000000002326ad,14.2421875,HIGH,1,0.8896999955177307,6P58RR79+7VHH,778.2,353.3,False
06b500000000002e3007,7.5078125,MEDIUM,1,0.7839000225067139,6P58RRG9+96JP,778.2,116.1,False
06b5000000000037cf44,3.4765625,LOW,1,0.7347999811172485,6P58RR88+W56M,778.3,18.3,False
06b5000000000032b4e5,4.1484375,HIGH,1,0.8531000018119812,6P58RRGC+R88C,778.3,97.7,False
06b50000000000091954,5.3828125,HIGH,1,0.7825999855995178,6P58RR78+RWGG,778.7,71.4,False
06b50000000000186732,4.796875,HIGH,1,0.7775999903678894,6P58RRC7+JXQF,778.7,132.1,False
06b500000000003514dc,52.71875,LOW,1,0.6827999949455261,6P58RR8H+X9HP,778.9,35.6,False
06b5000000000010102c,,NO_HEIGHT,0,0.6934000253677368,6P58RRG8+4WR7,779.0,17.3,False
06b500000000000783f1,4.859375,HIGH,1,0.8009999990463257,6P58RR88+4H88,779.0,388.2,False
06b500000000000e3188,6.453125,HIGH,1,0.6517999768257141,6P58RR79+G9Q4,779.0,34.5,False
06b50000000000364902,5.078125,HIGH,1,0.775600016117096,6P58RRGC+R677,779.2,157.8,False
06b50000000000072acf,4.46875,MEDIUM,1,0.6872000098228455,6P58RR8G+6XC4,779.6,40.5,False
06b500000000003f0477,6.7265625,HIGH,1,0.7477999925613403,6P58RRGC+Q3C6,779.7,129.3,False
06b500000000003d6993,0.5,LOW_RELAXED,1,0.7117999792098999,6P58RR9H+MHH6,779.7,174.1,False
06b500000000000b8047,5.171875,HIGH,1,0.871399998664856,6P58RR8G+5W83,780.1,166.1,False
06b500000000002e12d7,5.8671875,HIGH,1,0.6588000059127808,6P58RR8G+3R78,780.3,19.2,False
06b500000000002918cf,4.3046875,HIGH,1,0.9205999970436096,6P58RR79+G95G,780.7,291.3,False
06b500000000000a2143,4.140625,HIGH,1,0.6636999845504761,6P58RR98+33R9,780.9,76.7,False
06b5000000000021d270,5.515625,HIGH,1,0.7109000086784363,6P58RRGF+MPCF,780.9,19.3,False
06b500000000000e66dd,5.109375,HIGH,1,0.6829000115394592,6P58RR98+33FF,781.1,49.0,False
06b500000000002a2a49,11.015625,HIGH,1,0.7796000242233276,6P58RR79+9P3V,781.6,47.8,False
06b5000000000035b3e2,5.3984375,MEDIUM,1,0.7465999722480774,6P58RR97+GXFC,781.7,22.1,False
06b50000000000256bf7,3.8359375,HIGH,1,0.7397000193595886,6P58RRF8+24JC,781.7,108.3,False
06b500000000002773c0,4.9375,HIGH,1,0.7340999841690063,6P58RR88+W4W8,781.7,28.5,False
06b5000000000015f6f2,3.6875,HIGH,1,0.7825000286102295,6P58RR98+333V,781.8,67.0,False
06b5000000000039a8ae,7.0078125,HIGH,1,0.7071999907493591,6P58RR8G+3VV2,781.8,96.2,False
06b500000000002e0487,8.53125,HIGH,1,0.7871999740600586,6P58RR78+WR8R,782.4,35.0,False
06b50000000000084f0b,4.875,HIGH,1,0.6718999743461609,6P58RRGF+MMX4,782.4,27.6,False
06b5000000000014fb6f,4.2890625,HIGH,1,0.7361000180244446,6P58RR78+WRJW,782.4,20.9,False
06b50000000000276ab4,5.46875,HIGH,1,0.7439000010490417,6P58RRGC+Q5XW,782.5,52.1,False
06b500000000002fc450,3.5546875,MEDIUM,1,0.73089998960495,6P58RR97+RW3Q,782.7,11.7,False
06b5000000000033d56b,5.625,HIGH,1,0.7756999731063843,6P58RRC7+3W25,782.8,63.6,False
06b5000000000000efcf,,NO_HEIGHT,0,0.7960000038146973,6P58RR7C+64PG,782.8,14.0,False
06b500000000002ab7d2,5.8046875,HIGH,1,0.8572999835014343,6P58RRF8+44QC,782.9,117.9,False
06b500000000002f94f8,6.578125,HIGH,1,0.8202000260353088,6P58RRGC+Q2P2,782.9,145.9,False
06b500000000001e657d,57.5859375,HIGH,1,0.8343999981880188,6P58RR88+P34Q,783.1,2558.9,False
06b5000000000004d3e4,8.1640625,HIGH,1,0.805400013923645,6P58RR8H+62MC,783.4,185.9,False
06b50000000000281687,8.5703125,HIGH,1,0.8356000185012817,6P58RR79+7R9P,783.5,399.3,False
06b500000000003f395c,3.6171875,MEDIUM,1,0.7735000252723694,6P58RR8G+4WFC,783.5,92.5,False
06b50000000000098021,5.1015625,HIGH,1,0.7935000061988831,6P58RR78+XPPG,783.5,123.1,False
06b5000000000028f9f4,5.4609375,HIGH,1,0.8335000276565552,6P58RR8G+2R3Q,783.6,167.1,False
06b500000000002699ca,,NO_HEIGHT,0,0.7555999755859375,6P58RRCH+CHGW,783.7,69.3,False
06b5000000000011554e,5.3828125,HIGH,1,0.7490000128746033,6P58RR97+XW29,783.9,90.0,False
06b500000000003b0501,4.625,HIGH,1,0.7175999879837036,6P58RRF8+34WR,783.9,40.3,False
06b500000000003e07eb,3.34375,HIGH,1,0.7839999794960022,6P58RRF8+JCV2,784.4,67.1,False
06b5000000000021a3bb,5.671875,HIGH,1,0.6934999823570251,6P58RR79+9M6G,784.7,54.2,False
06b500000000003798bf,4.578125,MEDIUM,1,0.6643999814987183,6P58RR88+W439,785.1,64.9,False
06b500000000003b5504,6.8515625,HIGH,1,0.7910000085830688,6P58RRC7+9W3F,785.2,187.3,False
06b500000000001cfd4b,6.609375,HIGH,1,0.8766000270843506,6P58RR78+VR8R,785.3,252.2,False
06b50000000000306f93,5.0703125,HIGH,1,0.7811999917030334,6P58RR88+W3QQ,785.3,69.6,False
06b500000000001bc7da,5.2109375,HIGH,1,0.8021000027656555,6P58RR7F+CX9W,785.4,139.9,False
06b500000000001b874c,6.546875,HIGH,1,0.7222999930381775,6P58RR8G+3V66,785.5,24.2,False
06b500000000001a331a,3.828125,MEDIUM,1,0.7892000079154968,6P58RRC7+CW5F,785.6,9.0,False
06b5000000000036a774,6.8515625,LOW,1,0.8137999773025513,6P58RRC7+6W6X,785.7,32.1,False
06b500000000002e6f54,8.8203125,HIGH,1,0.8507999777793884,6P58RRG9+C3C2,785.8,1061.2,False
06b5000000000033c16c,29.2578125,LOW,1,0.6941999793052673,6P58RRF8+VH8Q,786.0,46.2,False
06b500000000002f2a55,4.265625,HIGH,1,0.7781999707221985,6P58RR7C+5G5C,786.1,37.4,False
06b500000000003f726f,6.3671875,HIGH,1,0.6797999739646912,6P58RR8G+3R5C,786.8,10.1,False
06b5000000000026c71b,10.296875,LOW,1,0.6549000144004822,6P58RR79+7X5V,786.8,10.4,False
06b500000000001947af,29.2578125,HIGH,1,0.6815000176429749,6P58RRF8+VHQ7,786.8,49.1,False
06b500000000002d5766,16.085233094262296,HIGH,1,0.8982999920845032,6P58RR9H+5JFH,787.2,4637.2,False
06b500000000000481fb,4.7734375,HIGH,1,0.7950000166893005,6P58RRC7+CWVM,787.4,346.0,False
06b500000000001e646c,6.0390625,HIGH,1,0.8794000148773193,6P58RR79+CCVR,787.4,365.1,False
06b500000000000f4c9b,5.140625,HIGH,1,0.6657999753952026,6P58RR78+VV2Q,787.6,53.7,False
06b5000000000001dc4a,6.25,HIGH,1,0.8070999979972839,6P58RR78+WPXR,787.7,136.6,False
06b500000000002106a9,6.6171875,HIGH,1,0.8651000261306763,6P58RRF8+2368,787.7,144.3,False
06b50000000000047010,5.8828125,HIGH,1,0.8061000108718872,6P58RRG9+QXHR,787.9,92.5,False
06b500000000000bd391,10.6171875,HIGH,1,0.8726000189781189,6P58RR9H+8H8P,788.0,875.1,False
06b500000000000b456d,8.78125,HIGH,1,0.8492000102996826,6P58RRC7+QXJP,788.3,447.8,False
06b500000000001e0e56,11.640625,HIGH,1,0.760200023651123,6P58RR7G+F475,788.4,139.7,False
06b50000000000392a16,4.9296875,HIGH,1,0.6592000126838684,6P58RR97+WW2F,788.5,13.1,False
06b50000000000183f95,5.3203125,HIGH,1,0.6571000218391418,6P58RRGC+R52W,788.5,34.9,False
06b5000000000040a828,10.3671875,HIGH,1,0.7250999808311462,6P58RR7C+4PGF,788.7,181.2,False
06b500000000000697b2,5.609375,HIGH,1,0.7150999903678894,6P58RR97+VVQF,789.0,39.7,False
06b5000000000027621c,13.484375,HIGH,1,0.815500020980835,6P58RR79+7PFR,789.0,494.3,False
06b5000000000006f902,4.125,HIGH,1,0.671500027179718,6P58RR8H+73W3,789.1,202.3,False
06b5000000000019a78d,5.78125,HIGH,1,0.9354000091552734,6P58RR97+FWR7,789.2,439.0,False
06b500000000003fc218,24.2890625,HIGH,1,0.7935000061988831,6P58RR7C+4V23,789.4,754.9,False
06b500000000002c7659,18.7734375,LOW,1,0.7156000137329102,6P58RRF8+97RC,789.5,25.5,False
06b500000000003eae1f,,NO_HEIGHT,0,0.8086000084877014,6P58RRFH+2CHJ,789.5,31.8,False
06b500000000003c48b1,3.84375,HIGH,1,0.6549000144004822,6P58RR98+5272,789.7,43.6,False
06b50000000000232f59,4.6640625,MEDIUM,1,0.6851999759674072,6P58RR88+3J5H,789.9,34.9,False
06b5000000000000df68,6.609375,HIGH,1,0.7116000056266785,6P58RR8G+3VG5,790.2,73.8,False
06b500000000000b950d,7.0703125,HIGH,1,0.804099977016449,6P58RR8H+52VJ,790.3,174.3,False
06b500000000001b891f,21.265625,HIGH,1,0.8514999747276306,6P58RRF8+954P,790.3,482.3,False
06b5000000000032c814,6.3046875,HIGH,1,0.7990000247955322,6P58RRC7+HWH6,790.6,59.5,False
06b50000000000279e62,3.83984375,LOW,1,0.7224000096321106,6P58RRC8+V2WF,790.6,33.6,False
06b50000000000139b76,5.734375,HIGH,1,0.7608000040054321,6P58RR97+XVGJ,790.7,115.3,False
06b500000000002d65fc,4.0625,HIGH,1,0.7073000073432922,6P58RR97+RV9C,790.7,65.1,False
06b500000000003312bf,5.0546875,HIGH,1,0.7265999913215637,6P58RR97+WV5F,790.8,28.5,False
06b50000000000086260,5.1875,HIGH,1,0.8319000005722046,6P58RRF8+J922,790.9,128.7,False
06b500000000000872b6,4.2734375,HIGH,1,0.8075000047683716,6P58RRC7+PXM7,790.9,85.0,False
06b5000000000016b6b5,5.46875,HIGH,1,0.6553000211715698,6P58RR78+QWQV,791.0,23.6,False
06b50000000000314719,7.7265625,HIGH,1,0.8215000033378601,6P58RR9H+6GPM,791.0,93.0,False
06b50000000000088fad,4.25,HIGH,1,0.7318000197410583,6P58RR7G+VPMW,791.2,116.8,False
06b5000000000038e53f,5.625,HIGH,1,0.822700023651123,6P58RR78+WQ6C,791.3,198.4,False
06b50000000000183522,5.8203125,HIGH,1,0.7811999917030334,6P58RR78+XMM5,791.4,262.7,False
06b500000000000641f1,4.265625,HIGH,1,0.8144999742507935,6P58RRC7+2VG4,791.7,70.5,False
06b5000000000021b583,2.328125,MEDIUM,1,0.8259999752044678,6P58RR97+QVHC,791.8,40.8,False
06b500000000000f3733,6.125,HIGH,1,0.728600025177002,6P58RR7F+9XPJ,792.2,131.8,False
06b5000000000020d4be,5.1796875,HIGH,1,0.6740000247955322,6P58RR97+XV35,792.2,52.3,False
06b500000000002bdbdd,6.1953125,HIGH,1,0.710099995136261,6P58RRF8+6487,792.2,184.7,False
06b500000000003b1309,5.8828125,HIGH,1,0.7888000011444092,6P58RR78+QVWR,792.2,196.2,False
06b50000000000171b67,5.890625,LOW,1,0.7353000044822693,6P58RRC7+6V9G,792.9,12.9,False
06b50000000000306a12,4.9453125,HIGH,1,0.678600013256073,6P58RR97+WVGW,792.9,36.6,False
06b5000000000006311c,11.1328125,HIGH,1,0.7439000010490417,6P58RR7F+43JW,792.9,44.9,False
06b500000000002bbf9a,5.84375,HIGH,1,0.753600001335144,6P58RR88+V3GW,793.0,183.7,False
06b5000000000030a183,5.8046875,HIGH,1,0.7150999903678894,6P58RR78+RVFR,793.3,44.7,False
06b500000000003f8009,5.140625,HIGH,1,0.6568999886512756,6P58RRGC+R5Q6,793.5,24.2,False
06b50000000000133847,1.9609375,LOW,1,0.7576000094413757,6P58RRF8+H847,793.8,14.2,False
06b50000000000113572,2.9609375,HIGH,1,0.8126999735832214,6P58RRF8+J9FQ,793.9,30.0,False
06b500000000000c6b81,6.2578125,HIGH,1,0.7875000238418579,6P58RR79+F8QQ,793.9,51.5,False
06b50000000000249d06,14.671875,HIGH,1,0.8589000105857849,6P58RR7C+3JWM,793.9,196.5,False
06b500000000003f0025,5.515625,HIGH,1,0.7950000166893005,6P58RRGC+R46R,794.0,47.8,False
06b5000000000016ab51,16.4765625,MEDIUM,1,0.6664999723434448,6P58RR7C+4MCW,794.1,19.7,False
06b500000000002a1f35,3.4921875,HIGH,1,0.677299976348877,6P58RR98+328W,794.2,52.6,False
06b5000000000023cf94,3.34375,HIGH,1,0.7954999804496765,6P58RRF8+M99J,794.4,43.8,False
06b50000000000403e4f,6.6484375,HIGH,1,0.8436999917030334,6P58RR8G+2VMQ,794.4,63.2,False
06b500000000002fceb2,4.2578125,HIGH,1,0.7103999853134155,6P58RR88+5GF9,794.5,57.2,False
06b500000000003a10b2,4.5625,HIGH,1,0.8016999959945679,6P58RR88+2JWR,794.6,69.5,False
06b5000000000008f1e8,3.484375,HIGH,1,0.7414000034332275,6P58RR97+4XHH,794.9,92.3,False
06b5000000000023ab38,,NO_HEIGHT,0,0.6766999959945679,6P58RRGG+G5JF,795.0,67.8,False
06b500000000001912dd,62.0390625,HIGH,1,0.8885999917984009,6P58RRF8+WGM7,795.0,1064.9,False
06b500000000001e246a,6.2890625,HIGH,1,0.6504999995231628,6P58RR79+8MJ4,795.6,38.7,False
06b500000000001b17d9,4.90625,HIGH,1,0.6603000164031982,6P58RR97+WV36,795.7,60.8,False
06b50000000000270904,22.578125,HIGH,1,0.8482000231742859,6P58RR7C+3HC2,796.0,677.7,False
06b5000000000011c93b,26.109375,HIGH,1,0.8565999865531921,6P58RR7C+3QF6,796.0,604.0,False
06b500000000003b7f9a,4.7421875,HIGH,1,0.8122000098228455,6P58RRGC+R3G4,796.1,39.2,False
06b5000000000026b5aa,6.09375,HIGH,1,0.7343000173568726,6P58RR7G+G628,796.1,36.5,False
06b500000000002908a3,6.8046875,HIGH,1,0.7439000010490417,6P58RRGF+PPM2,796.2,16.6,False
06b5000000000013a8d9,4.9140625,LOW,1,0.7116000056266785,6P58RRC8+V2J9,796.2,9.5,False
06b50000000000198101,6.890625,HIGH,1,0.8312000036239624,6P58RR7C+3CGW,796.4,554.3,False
06b500000000002a266d,10.0,HIGH,1,0.7817000150680542,6P58RRG9+F452,796.4,403.0,False
06b50000000000122e6e,5.046875,HIGH,1,0.7508000135421753,6P58RR8H+63MH,796.7,180.8,False
06b500000000002f25d7,6.671875,HIGH,1,0.840399980545044,6P58RR8G+3W69,796.8,80.7,False
06b5000000000004bef0,5.5234375,HIGH,1,0.8300999999046326,6P58RRC7+MWF8,796.9,355.0,False
06b500000000002e0c9e,10.5625,HIGH,1,0.9523000121116638,6P58RRG8+4P87,797.1,603.5,False
06b500000000001b7225,5.9140625,HIGH,1,0.8119000196456909,6P58RRC7+9V88,797.2,73.8,False
06b50000000000221e29,6.1015625,HIGH,1,0.92330002784729,6P58RRF8+P945,797.4,184.6,False
06b500000000000bc087,5.671875,HIGH,1,0.7193999886512756,6P58RR7G+WQHJ,797.5,69.1,False
06b500000000003d406d,6.0234375,HIGH,1,0.8682000041007996,6P58RR79+CC4G,797.5,254.4,False
06b500000000003ce647,7.0234375,HIGH,1,0.6894000172615051,6P58RR97+VVJW,798.0,22.2,False
06b500000000002923ba,5.84375,HIGH,1,0.7961000204086304,6P58RRC7+7V6M,798.2,174.8,False
06b50000000000091bb8,5.890625,LOW,1,0.6852999925613403,6P58RRC7+6V7Q,798.3,15.3,False
06b5000000000014f573,7.59375,HIGH,1,0.8934999704360962,6P58RR8G+4X8X,799.1,123.7,False
06b5000000000009cdcd,3.4609375,MEDIUM,1,0.8320000171661377,6P58RR97+RV7C,799.1,38.0,False
06b500000000002a9429,3.640625,HIGH,1,0.8064000010490417,6P58RR97+3XQ4,799.1,92.6,False
06b500000000000b7fc1,4.28125,HIGH,1,0.772599995136261,6P58RRF8+F6QP,799.2,124.4,False
06b50000000000105a75,5.9375,HIGH,1,0.7427999973297119,6P58RRC7+8V7W,799.2,55.8,False
06b50000000000403507,3.625,HIGH,1,0.7949000000953674,6P58RR78+RRGG,799.4,49.6,False
06b500000000000d613b,6.4140625,HIGH,1,0.784600019454956,6P58RRGC+R3FR,799.5,36.2,False
06b50000000000028d6d,5.46875,HIGH,1,0.7366999983787537,6P58RR88+W3J3,799.7,54.3,False
06b5000000000001e0a6,5.421875,HIGH,1,0.7353000044822693,6P58RR7F+8V95,800.1,111.9,False
06b500000000003e433e,20.6921875,HIGH,1,0.9574000239372253,6P58RR7F+2336,800.6,1198.7,False
06b500000000003537f7,4.5703125,HIGH,1,0.7613999843597412,6P58RR97+4XFV,800.6,177.7,False
06b5000000000005972f,5.234375,HIGH,1,0.8223000168800354,6P58RRC7+GV6X,800.7,540.0,False
06b5000000000011aac5,6.6171875,HIGH,1,0.6970000267028809,6P58RR8G+2VQ9,800.8,48.6,False
06b5000000000023f4c0,14.8125,HIGH,1,0.8565000295639038,6P58RR7C+4852,800.9,503.5,False
06b5000000000011db43,4.3671875,HIGH,1,0.6891999840736389,6P58RRC7+2RH3,801.2,26.6,False
06b500000000002e4afa,37.703125,LOW,1,0.6538000106811523,6P58RR88+J626,801.3,59.1,False
06b50000000000064687,5.1875,HIGH,1,0.7692999839782715,6P58RRGC+V298,801.3,161.6,False
06b50000000000257dfa,5.765625,HIGH,1,0.6604999899864197,6P58RRC7+8VMV,801.4,22.8,False
06b500000000003f89c4,6.8828125,HIGH,1,0.7182000279426575,6P58RR6C+XXV9,801.4,438.3,False
06b50000000000288615,5.578125,HIGH,1,0.6945000290870667,6P58RR7G+WQ48,801.5,65.6,False
06b5000000000000d651,6.53125,HIGH,1,0.7609999775886536,6P58RRGC+V35Q,801.6,126.2,False
06b500000000000266f8,13.3828125,HIGH,1,0.9126999974250793,6P58RRF8+C5X3,801.7,245.1,False
06b50000000000380751,,NO_HEIGHT,0,0.7014999985694885,6P58RR8H+WFJ8,801.8,11.5,False
06b500000000002447a7,5.6171875,HIGH,1,0.8443999886512756,6P58RR7G+XVCP,801.9,76.3,False
06b500000000002c48c9,3.859375,HIGH,1,0.8130000233650208,6P58RR97+3X5X,801.9,47.8,False
06b5000000000012132f,6.265625,HIGH,1,0.7124999761581421,6P58RRF8+F648,802.3,15.0,False
06b5000000000010d8a3,4.0,HIGH,1,0.7748000025749207,6P58RRC7+PWQ6,802.4,31.8,False
06b500000000000e59b5,4.5546875,HIGH,1,0.7603999972343445,6P58RR97+2XQ9,802.5,89.4,False
06b500000000003a8ee6,6.890625,HIGH,1,0.7488999962806702,6P58RR78+WMV4,802.6,161.4,False
06b50000000000209019,5.4375,HIGH,1,0.894599974155426,6P58RR7F+7VVM,802.7,97.2,False
06b5000000000000a50b,3.40234375,MEDIUM,1,0.75,6P58RR97+QRG4,803.6,69.4,False
06b50000000000132139,6.203125,HIGH,1,0.7501999735832214,6P58RRC7+9V2R,803.9,111.3,False
06b500000000003567da,4.921875,HIGH,1,0.720300018787384,6P58RR88+4GRJ,804.2,40.3,False
06b500000000001e8c01,5.0390625,HIGH,1,0.8392999768257141,6P58RR78+VP97,804.4,155.2,False
06b500000000003377e0,4.1875,HIGH,1,0.6618000268936157,6P58RR7G+RPWQ,804.5,54.9,False
06b50000000000310989,5.265625,HIGH,1,0.7961999773979187,6P58RR7F+7WX8,804.6,356.2,False
06b50000000000238c4f,4.875,HIGH,1,0.6589999794960022,6P58RRG9+RXHX,804.6,43.7,False
06b5000000000005ea9a,3.703125,MEDIUM,1,0.6517999768257141,6P58RR97+JVCH,804.7,40.5,False
06b5000000000012e27c,7.0546875,HIGH,1,0.7526999711990356,6P58RR8G+2WPR,804.7,92.4,False
06b50000000000252820,4.046875,HIGH,1,0.8974000215530396,6P58RRF8+32M7,804.9,257.0,False
06b5000000000029d0e6,4.984375,HIGH,1,0.875,6P58RR97+2X5C,805.3,122.6,False
06b50000000000042421,5.5703125,MEDIUM,1,0.7436000108718872,6P58RR78+QV5M,805.5,50.5,False
06b500000000003c6473,5.7578125,HIGH,1,0.7519999742507935,6P58RR7G+VRVR,805.9,143.5,False
06b500000000002b3d0e,12.5390625,HIGH,1,0.7597000002861023,6P58RRG9+JC7W,806.0,61.5,False
06b50000000000236dea,3.921875,HIGH,1,0.7041000127792358,6P58RRC7+JVQP,806.2,93.1,False
06b500000000001421df,4.234375,HIGH,1,0.8101999759674072,6P58RRF8+M8QJ,806.3,254.7,False
06b5000000000015d4ee,3.3125,HIGH,1,0.6801999807357788,6P58RR97+RR97,806.3,39.4,False
06b500000000001e0ea5,7.140625,HIGH,1,0.8324999809265137,6P58RR78+WM4X,806.4,146.7,False
06b5000000000014ffff,4.640625,HIGH,1,0.7056999802589417,6P58RRC7+QW67,806.7,212.5,False
06b500000000001ca012,3.1796875,LOW,1,0.8410999774932861,6P58RRF8+G7MJ,806.9,16.8,False
06b500000000001a8be4,33.3828125,HIGH,1,0.6705999970436096,6P58RR7C+37V6,807.2,125.2,False
06b5000000000003cba4,6.4609375,HIGH,1,0.8212000131607056,6P58RR7G+XVHM,807.3,180.7,False
06b50000000000119049,16.125,HIGH,1,0.8199999928474426,6P58RRGC+WWQ6,807.4,148.8,False
06b500000000000fbd00,14.9765625,MEDIUM,1,0.7828999757766724,6P58RRGC+WVP8,807.5,42.9,False
06b5000000000016369f,44.690625,HIGH,1,0.9150999784469604,6P58RRHC+3Q5P,807.6,2977.6,False
06b500000000000c5d76,,NO_HEIGHT,0,0.7472000122070312,6P58RRGF+W3C6,807.7,53.6,False
06b50000000000174335,5.15625,HIGH,1,0.8453999757766724,6P58RR88+X26W,807.8,95.9,False
06b500000000003bdb8c,5.9296875,HIGH,1,0.7296000123023987,6P58RRC7+7RPP,807.8,94.1,False
06b50000000000006e84,3.7109375,MEDIUM,1,0.7390999794006348,6P58RRC7+6R77,808.0,77.4,False
06b500000000002daf7b,5.6328125,HIGH,1,0.6762999892234802,6P58RRGC+V227,808.8,78.7,False
06b5000000000000dc7f,6.7578125,MEDIUM,1,0.7267000079154968,6P58RRF8+84QJ,808.8,27.5,False
06b50000000000165249,15.6875,HIGH,1,0.8427000045776367,6P58RR7C+3766,808.8,390.1,False
06b50000000000321a1f,4.640625,HIGH,1,0.7075999975204468,6P58RR88+5F6H,808.9,52.3,False
06b500000000003d1c12,4.6796875,HIGH,1,0.6851000189781189,6P58RR88+5F43,809.1,32.4,False
06b5000000000013b588,3.2109375,HIGH,1,0.8321999907493591,6P58RRC7+CR97,809.1,71.0,False
06b5000000000004e0c1,6.3984375,HIGH,1,0.7063000202178955,6P58RR97+VRFJ,809.2,119.5,False
06b500000000003a1692,5.921875,LOW,1,0.7364000082015991,6P58RR79+6QV4,809.3,22.8,False
06b500000000000cf65b,3.9609375,MEDIUM,1,0.72079998254776,6P58RR7G+RM59,809.3,15.0,False
06b500000000000be6ba,6.0,HIGH,1,0.8483999967575073,6P58RR79+98QG,809.4,349.8,False
06b500000000003f08df,6.1953125,HIGH,1,0.7875999808311462,6P58RR88+W2CG,809.5,134.0,False
06b500000000001c61c2,4.8828125,HIGH,1,0.8956000208854675,6P58RR88+5CFW,810.0,279.0,False
06b5000000000004e122,4.0625,HIGH,1,0.9164000153541565,6P58RR97+GRJQ,810.0,274.8,False
06b500000000002da1de,5.390625,HIGH,1,0.6700000166893005,6P58RR97+XRMX,810.3,30.9,False
06b50000000000238e07,5.3515625,HIGH,1,0.7633000016212463,6P58RRC7+CRQW,810.4,55.8,False
06b500000000003c329e,8.234375,HIGH,1,0.8086000084877014,6P58RRG9+VXMC,810.4,292.3,False
06b500000000003e9eb1,6.7578125,HIGH,1,0.7519999742507935,6P58RRF8+945M,810.7,36.3,False
06b50000000000007030,,NO_HEIGHT,0,0.810699999332428,6P58RR88+G62X,810.7,77.6,False
06b50000000000268b2d,5.796875,HIGH,1,0.8593000173568726,6P58RR78+VMHC,810.7,187.9,False
06b50000000000178d60,7.7421875,HIGH,1,0.867900013923645,6P58RR97+FR95,810.8,226.3,False
06b50000000000214133,4.3125,HIGH,1,0.7373999953269958,6P58RRF8+F6JV,810.8,78.3,False
06b500000000003ad027,6.5546875,HIGH,1,0.8525000214576721,6P58RR79+7GHQ,811.1,303.1,False
06b50000000000110e3d,5.4296875,HIGH,1,0.7645000219345093,6P58RR78+RQ6P,811.2,133.4,False
06b50000000000213e44,5.7734375,HIGH,1,0.7202000021934509,6P58RR88+V2VJ,811.3,72.2,False
06b50000000000190d40,4.7109375,LOW,1,0.6707000136375427,6P58RRC7+VXRR,811.6,16.1,False
06b5000000000026e4b5,5.40625,HIGH,1,0.6833000183105469,6P58RRC7+8RG4,811.6,29.0,False
06b5000000000027e780,4.359375,HIGH,1,0.769599974155426,6P58RR97+3WH5,811.8,102.4,False
06b5000000000029098c,9.3203125,HIGH,1,0.8093000054359436,6P58RR7C+359R,811.8,471.9,False
06b500000000000b78fe,5.5546875,HIGH,1,0.7599999904632568,6P58RR97+RRVF,811.9,20.8,False
06b500000000002021e4,3.5625,HIGH,1,0.7791000008583069,6P58RR97+RR7P,811.9,57.2,False
06b500000000002ca216,4.0859375,HIGH,1,0.8009999990463257,6P58RRC7+JV8C,812.2,40.7,False
06b500000000000a481f,3.9296875,HIGH,1,0.651199996471405,6P58RR7G+QPVV,812.3,22.3,False
06b5000000000017b646,4.5,HIGH,1,0.7810999751091003,6P58RR97+3X3J,812.7,28.2,False
06b5000000000019aa0d,9.6015625,HIGH,1,0.8165000081062317,6P58RR8H+4287,812.7,65.6,False
06b500000000001c334d,75.2890625,HIGH,1,0.8398000001907349,6P58RR8H+46CV,813.0,2099.5,False
06b500000000000d0ead,5.0703125,HIGH,1,0.7448999881744385,6P58RRC7+MVP3,813.0,120.5,False
06b500000000003660c7,7.53125,HIGH,1,0.8555999994277954,6P58RR88+3FM5,813.1,333.0,False
06b500000000003039c0,5.984375,HIGH,1,0.7111999988555908,6P58RRC7+8RJ3,813.1,211.2,False
06b50000000000135e4e,6.859375,HIGH,1,0.692799985408783,6P58RRC7+HVC6,813.2,42.1,False
06b5000000000024c7d4,3.765625,HIGH,1,0.8467000126838684,6P58RRC7+2QQG,813.4,74.5,False
06b50000000000023a15,5.65625,HIGH,1,0.8665000200271606,6P58RR78+PRW9,813.4,116.8,False
06b500000000001b93e4,6.4140625,HIGH,1,0.7044000029563904,6P58RR7G+WV2C,813.5,117.2,False
06b500000000003b9117,7.078125,HIGH,1,0.7084000110626221,6P58RR78+QRF9,813.7,21.5,False
06b500000000001f13e4,4.5546875,HIGH,1,0.7760000228881836,6P58RR97+5W24,813.7,195.2,False
06b500000000003cfd70,12.8125,HIGH,1,0.8885999917984009,6P58RR6C+XWMR,813.9,439.3,False
06b5000000000004e6fc,5.6875,HIGH,1,0.8051000237464905,6P58RRF8+H6H6,814.2,78.5,False
06b50000000000015f1f,5.6640625,HIGH,1,0.8375999927520752,6P58RR97+XQHV,814.3,173.5,False
06b500000000003d6e5e,41.109375,LOW,1,0.7670000195503235,6P58RR88+H5R9,814.3,32.8,False
06b500000000002ed50d,11.289001145287957,HIGH,1,0.8220000267028809,6P58RRHC+2WWX,814.4,1356.7,False
06b50000000000207fc1,5.6328125,HIGH,1,0.671500027179718,6P58RRGC+V2FW,814.5,59.8,False
06b500000000000631fe,4.8984375,HIGH,1,0.7232000231742859,6P58RR97+WR62,814.5,27.2,False
06b5000000000006b294,4.3671875,HIGH,1,0.763700008392334,6P58RR97+4WG9,814.6,22.4,False
06b5000000000029f1b3,8.6171875,MEDIUM,1,0.7311000227928162,6P58RRG8+4M74,814.6,57.8,False
06b5000000000027b3ac,6.9921875,LOW_RELAXED,1,0.6650999784469604,6P58RRG8+7VC7,815.0,27.5,False
06b500000000002f3882,21.765625,HIGH,1,0.8059999942779541,6P58RR7C+2RVH,815.2,64.4,False
06b50000000000021a3d,10.546875,HIGH,1,0.8086000084877014,6P58RR78+MWFV,815.2,123.8,False
06b500000000003bc1b6,4.0859375,MEDIUM,1,0.7565000057220459,6P58RRC7+JV7C,815.4,41.0,False
06b500000000000b7b5f,6.1015625,LOW,1,0.6561999917030334,6P58RR79+C7HV,815.5,61.2,False
06b50000000000105aba,2.7421875,MEDIUM,1,0.6877999901771545,6P58RRGG+4VMP,815.6,265.4,False
06b5000000000040ac30,5.0234375,HIGH,1,0.8026999831199646,6P58RRC7+6RJV,815.7,75.1,False
06b50000000000157a0d,6.09375,HIGH,1,0.6985999941825867,6P58RR7C+437V,816.4,44.3,False
06b50000000000195a08,5.921875,HIGH,1,0.8429999947547913,6P58RR78+QQCR,816.5,245.1,False
06b5000000000028f972,4.1328125,HIGH,1,0.7182999849319458,6P58RR7C+25F3,816.7,470.8,False
06b5000000000004d40d,11.3203125,HIGH,1,0.8371000289916992,6P58RR78+MW5F,816.8,48.6,False
06b500000000000e61ce,3.5625,HIGH,1,0.6674000024795532,6P58RR97+RR6J,817.1,56.1,False
06b500000000003e2b11,6.3125,HIGH,1,0.7972000241279602,6P58RRC7+7QHX,817.3,89.3,False
06b50000000000195467,6.140625,HIGH,1,0.8374000191688538,6P58RRC7+WWRQ,817.4,479.1,False
06b500000000002e1fc8,6.234375,HIGH,1,0.8424999713897705,6P58RR78+RMW9,817.4,178.7,False
06b5000000000012fbd4,6.7421875,HIGH,1,0.7468000054359436,6P58RRG9+VXQ4,817.5,59.4,False
06b50000000000218980,13.671875,HIGH,1,0.7835000157356262,6P58RR78+JXJH,817.6,88.0,False
06b500000000003773fd,2.421875,HIGH,1,0.7832000255584717,6P58RRF7+2X2J,817.6,77.5,False
06b50000000000279db9,6.5078125,HIGH,1,0.8650000095367432,6P58RR7G+RQ2H,818.1,46.3,False
06b50000000000061f81,7.59375,HIGH,1,0.894599974155426,6P58RRC7+QVJ4,818.1,508.9,False
06b5000000000033dfd4,5.6328125,HIGH,1,0.7996000051498413,6P58RRF8+C4GH,818.3,85.7,False
06b500000000003d3de8,6.0859375,HIGH,1,0.9133999943733215,6P58RR88+68GR,818.4,586.4,False
06b50000000000190967,6.2109375,HIGH,1,0.8331000208854675,6P58RRF8+939J,818.7,186.6,False
06b50000000000193e01,5.8125,HIGH,1,0.8684999942779541,6P58RR78+WHQ8,818.9,175.5,False
06b500000000002556de,8.171875,HIGH,1,0.885699987411499,6P58RRG8+8P8Q,819.0,1052.9,False
06b5000000000028804e,5.34375,HIGH,1,0.7540000081062317,6P58RR7G+RQQX,819.1,45.1,False
06b50000000000153917,6.125,HIGH,1,0.830299973487854,6P58RR7C+29RM,819.2,262.3,False
06b500000000000e57a7,5.9921875,HIGH,1,0.7200000286102295,6P58RR7G+RQP8,819.2,12.6,False
06b500000000001b5812,4.34375,HIGH,1,0.8242999911308289,6P58RRC7+JRH2,819.2,131.4,False
06b500000000003cf65c,5.96875,HIGH,1,0.8669000267982483,6P58RR8G+2XH8,819.2,137.8,False
06b50000000000347b59,3.6171875,LOW,1,0.7297000288963318,6P58RR97+QQ7W,819.3,86.8,False
06b5000000000013275a,8.7109375,MEDIUM,1,0.7800999879837036,6P58RR79+6M9Q,819.5,84.2,False
06b500000000001ac2ee,5.1640625,HIGH,1,0.8029999732971191,6P58RRC7+CRV3,819.5,41.7,False
06b5000000000017b20c,3.5546875,LOW,1,0.7537000179290771,6P58RR7G+PM62,819.8,26.6,False
06b5000000000034b3b2,5.84375,HIGH,1,0.7382000088691711,6P58RRC7+PV3F,820.0,47.3,False
06b5000000000012c81f,5.9765625,HIGH,1,0.8043000102043152,6P58RR7C+33G9,820.2,354.8,False
06b500000000002adbe4,5.21875,HIGH,1,0.817300021648407,6P58RRF8+G5WM,820.3,172.5,False
06b500000000003cee32,11.234375,HIGH,1,0.8683000206947327,6P58RR7G+956M,820.8,54.6,False
06b500000000000be8b8,6.109375,HIGH,1,0.7839999794960022,6P58RR7G+VVGV,821.1,269.9,False
06b5000000000021f51b,,NO_HEIGHT,0,0.8331999778747559,6P58RRFH+6FP7,821.1,76.6,False
06b50000000000239406,5.640625,HIGH,1,0.8323000073432922,6P58RR7G+QP9H,821.3,120.6,False
06b50000000000212f6a,,NO_HEIGHT,0,0.7720000147819519,6P58RR9H+PPGW,821.3,107.5,False
06b500000000003da62e,15.7421875,LOW,1,0.723800003528595,6P58RR7G+C73R,821.5,77.6,False
06b5000000000025fa92,7.109375,HIGH,1,0.7940999865531921,6P58RRC7+6QVX,821.5,194.5,False
06b50000000000163135,4.84375,HIGH,1,0.733299970626831,6P58RRC7+MRQ3,821.6,132.8,False
06b50000000000030767,3.4140625,MEDIUM,1,0.6972000002861023,6P58RR7F+6VMG,821.6,47.9,False
06b5000000000004ca58,5.8046875,LOW,1,0.7134000062942505,6P58RR78+PR8X,821.6,36.8,False
06b5000000000024e2c2,12.5234375,HIGH,1,0.8615999817848206,6P58RR7G+84M8,821.8,137.6,False
06b5000000000037a558,2.8828125,MEDIUM,1,0.6969000101089478,6P58RR7G+PMQW,822.1,17.3,False
06b5000000000002c838,5.9453125,HIGH,1,0.7585999965667725,6P58RR97+VQJG,822.1,219.6,False
06b500000000002e604d,3.7265625,HIGH,1,0.8209999799728394,6P58RR97+QPQH,822.3,131.7,False
06b5000000000022ba14,7.796875,HIGH,1,0.8251000046730042,6P58RRG8+5HHM,822.3,677.8,False
06b500000000001a934c,5.6875,HIGH,1,0.7968999743461609,6P58RR97+WQFV,822.6,86.7,False
06b5000000000034e467,4.0546875,MEDIUM,1,0.8198000192642212,6P58RR97+4W24,822.7,44.8,False
06b500000000003ce390,7.1953125,LOW,1,0.6823999881744385,6P58RRG8+6QV6,823.1,40.8,False
06b50000000000282e4c,4.90625,HIGH,1,0.8718000054359436,6P58RR78+RM92,823.1,204.8,False
06b50000000000291fbe,7.3984375,HIGH,1,0.8465999960899353,6P58RRF8+94RP,823.2,60.8,False
06b5000000000023613b,5.8203125,HIGH,1,0.7950999736785889,6P58RRC7+9Q5J,823.5,70.8,False
06b500000000002abfd3,5.1640625,HIGH,1,0.7275999784469604,6P58RR97+5VG8,823.5,54.5,False
06b5000000000004f6c7,6.8046875,HIGH,1,0.9035999774932861,6P58RRF8+H5P5,823.5,191.0,False
06b5000000000026e17f,5.4609375,HIGH,1,0.7961999773979187,6P58RR7G+VR45,823.6,39.2,False
06b50000000000360995,9.140625,HIGH,1,0.9065999984741211,6P58RR6C+XVW6,823.6,198.8,False
06b50000000000055b12,,NO_HEIGHT,0,0.7188000082969666,6P58RRFH+R4HC,823.6,44.6,False
06b5000000000026788e,6.859375,HIGH,1,0.7545999884605408,6P58RR7G+XXPX,823.9,106.5,False
06b500000000002c89ac,7.5859375,HIGH,1,0.9253000020980835,6P58RRG8+3HRX,824.2,454.6,False
06b500000000000e00b9,3.5625,HIGH,1,0.8255000114440918,6P58RR7F+6WX8,824.3,145.4,False
06b500000000004109b8,4.0546875,HIGH,1,0.6532999873161316,6P58RR97+3W43,824.3,8.6,False
06b5000000000011e949,8.5234375,HIGH,1,0.7480999827384949,6P58RR79+8F32,824.4,69.3,False
06b50000000000052f36,8.328125,HIGH,1,0.826200008392334,6P58RR88+3C3H,824.5,710.0,False
06b500000000003cada0,6.7578125,HIGH,1,0.8047000169754028,6P58RR7G+WXV4,824.6,352.2,False
06b5000000000009c63b,4.75,HIGH,1,0.7365999817848206,6P58RRC7+FQH9,824.7,76.6,False
06b500000000000e8950,15.5546875,HIGH,1,0.9157000184059143,6P58RRG9+J5H8,824.9,660.7,False
06b500000000000715a7,11.3203125,HIGH,1,0.9193000197410583,6P58RR6C+WPPJ,825.0,437.4,False
06b5000000000004c677,5.4765625,HIGH,1,0.8651999831199646,6P58RR7C+22X6,825.0,254.6,False
06b500000000003a0cf0,8.1953125,HIGH,1,0.8539000153541565,6P58RRF8+F43M,825.0,120.2,False
06b50000000000114ad2,3.21875,LOW,1,0.6747999787330627,6P58RR7G+PMHF,825.1,11.3,False
06b500000000002806af,2.8359375,LOW,1,0.7177000045776367,6P58RRC7+VVQ8,825.2,19.9,False
06b500000000001b8488,17.4296875,HIGH,1,0.8474000096321106,6P58RRF8+WCM4,825.3,348.7,False
06b5000000000008c9ce,11.765625,HIGH,1,0.9110999703407288,6P58RR6C+XMQC,825.5,183.2,False
06b5000000000008830c,6.8515625,HIGH,1,0.7752000093460083,6P58RR78+WHVJ,825.6,95.9,False
06b500000000003e8d35,5.7265625,HIGH,1,0.836899995803833,6P58RRF7+3WFM,825.7,765.0,False
06b500000000002e94b6,4.984375,HIGH,1,0.744700014591217,6P58RRC7+GR6Q,826.1,4.9,False
06b50000000000128b6b,6.0546875,HIGH,1,0.7556999921798706,6P58RR7G+QQXW,826.2,40.0,False
06b5000000000003629a,5.3828125,HIGH,1,0.8116999864578247,6P58RR6C+XJRR,826.4,149.9,False
06b500000000003ef906,4.1953125,HIGH,1,0.6643000245094299,6P58RR97+2WVH,826.4,9.3,False
06b500000000003b9b65,5.75,HIGH,1,0.7565000057220459,6P58RR87+WXFC,826.5,31.4,False
06b500000000003324a2,5.078125,HIGH,1,0.7426999807357788,6P58RRC7+GQQM,826.6,191.4,False
06b500000000001714db,16.8515625,HIGH,1,0.7542999982833862,6P58RRG9+QF9Q,826.8,176.9,False
06b500000000002dc77d,7.4609375,HIGH,1,0.7961000204086304,6P58RR78+PPVH,827.0,274.1,False
06b500000000003c6480,4.7734375,HIGH,1,0.8163999915122986,6P58RRC7+3PJQ,827.1,434.8,False
06b500000000000c2e47,4.828125,HIGH,1,0.7516999840736389,6P58RR87+WWWX,827.2,50.0,False
06b5000000000032e0da,13.78125,HIGH,1,0.6974999904632568,6P58RR7G+9666,827.6,63.5,False
06b5000000000008ea6c,4.8671875,HIGH,1,0.7978000044822693,6P58RR97+XPXG,827.9,140.6,False
06b500000000003f8c66,5.96875,MEDIUM,1,0.7239999771118164,6P58RR88+49WQ,827.9,78.2,False
06b5000000000028c9b5,5.2265625,HIGH,1,0.7702999711036682,6P58RR87+XWP8,828.1,34.1,False
06b500000000003b5f06,5.6953125,HIGH,1,0.8126999735832214,6P58RR7C+22RW,828.3,292.3,False
06b500000000003b1677,6.28125,HIGH,1,0.7961000204086304,6P58RR7G+RRQH,828.5,51.9,False
06b50000000000193671,5.7265625,HIGH,1,0.8324999809265137,6P58RRC7+CQV3,828.9,231.9,False
06b500000000003522f1,5.515625,HIGH,1,0.7875999808311462,6P58RRC7+JRRF,829.0,200.6,False
06b500000000002af374,4.8046875,HIGH,1,0.7978000044822693,6P58RR7C+2986,829.0,66.7,False
06b50000000000056722,14.78125,HIGH,1,0.7615000009536743,6P58RR7G+85CM,829.1,78.8,False
06b5000000000037117c,3.90625,HIGH,1,0.7598000168800354,6P58RR7C+2C5W,829.3,66.9,False
06b50000000000379157,6.7734375,HIGH,1,0.8245000243186951,6P58RR78+VH9C,829.5,375.2,False
06b500000000000af7a7,10.703125,HIGH,1,0.8694000244140625,6P58RR79+7F38,829.6,177.9,False
06b5000000000010974f,5.296875,HIGH,1,0.7932999730110168,6P58RR6C+XHRH,829.6,73.0,False
06b500000000003bba0f,6.328125,HIGH,1,0.8870999813079834,6P58RR6C+XRJM,829.6,164.6,False
06b5000000000017ee71,3.6484375,HIGH,1,0.7512000203132629,6P58RR97+RP4F,829.7,118.9,False
06b50000000000027be7,2.8359375,LOW,1,0.7914000153541565,6P58RRC7+VVMW,829.7,52.7,False
06b50000000000058e84,6.0234375,HIGH,1,0.9186000227928162,6P58RRF8+J58P,829.8,194.4,False
06b500000000002f5252,4.828125,HIGH,1,0.7904000282287598,6P58RR97+2W62,830.2,138.5,False
06b50000000000343c9e,5.1796875,HIGH,1,0.8303999900817871,6P58RR7C+2898,830.3,82.0,False
06b500000000001c03f6,6.421875,HIGH,1,0.9383000135421753,6P58RR9H+HQPW,830.7,600.7,False
06b5000000000019d134,6.296875,HIGH,1,0.8294000029563904,6P58RRG8+8QQX,831.0,229.1,False
06b500000000000b3f40,4.921875,HIGH,1,0.7487999796867371,6P58RR9H+FPQM,831.0,152.9,False
06b5000000000002a41f,4.453125,HIGH,1,0.7383999824523926,6P58RR97+4V42,831.1,27.4,False
06b500000000000c7b12,9.0546875,HIGH,1,0.8147000074386597,6P58RR79+7C4R,831.2,285.8,False
06b500000000000dc246,5.421875,HIGH,1,0.8004999756813049,6P58RR6C+XC3G,831.2,471.7,False
06b5000000000039c764,5.3671875,HIGH,1,0.7803000211715698,6P58RRG8+CWVH,831.2,280.5,False
06b500000000000fbef7,6.3359375,HIGH,1,0.8101000189781189,6P58RRF8+92P8,831.3,473.3,False
06b5000000000036fe6a,5.2109375,HIGH,1,0.805899977684021,6P58RR97+WPW5,831.3,122.3,False
06b50000000000295357,17.4140625,HIGH,1,0.7602999806404114,6P58RRHC+2WC3,831.4,143.6,False
06b500000000002ed173,7.0234375,HIGH,1,0.7595999836921692,6P58RR78+WGP3,831.9,196.3,False
06b5000000000004041f,4.2734375,HIGH,1,0.7993000149726868,6P58RR7G+PP9G,831.9,92.0,False
06b500000000000bd7dc,1.984375,HIGH,1,0.7646999955177307,6P58RRHC+2HW9,832.0,127.3,False
06b500000000000a34a0,5.9375,HIGH,1,0.7441999912261963,6P58RR7G+VW2P,832.2,96.6,False
06b500000000001b94fc,4.828125,HIGH,1,0.6769999861717224,6P58RR87+WWPG,832.2,20.4,False
06b500000000002e97a6,6.46875,HIGH,1,0.7847999930381775,6P58RRC7+7P5F,832.3,150.5,False
06b5000000000029ceb3,4.109375,HIGH,1,0.7616000175476074,6P58RR97+3VFH,832.6,98.9,False
06b50000000000159b79,25.8671875,HIGH,1,0.9293000102043152,6P58RR6F+WGFP,832.7,5830.3,False
06b50000000000380ba6,16.6484375,HIGH,1,0.8648999929428101,6P58RR7G+74HR,832.9,378.2,False
06b5000000000030765c,6.328125,HIGH,1,0.7524999976158142,6P58RR87+WW9J,833.1,28.2,False
06b500000000003dcd8d,7.6796875,MEDIUM,1,0.7736999988555908,6P58RR78+XFXF,833.2,36.3,False
06b5000000000031c75e,12.453125,HIGH,1,0.8004000186920166,6P58RR79+79H6,833.2,188.0,False
06b500000000003a3fbe,4.8359375,HIGH,1,0.8215000033378601,6P58RRC7+GP8X,833.6,261.3,False
06b500000000001fc1c3,10.546875,LOW,1,0.6966000199317932,6P58RR7F+4M7F,833.6,64.7,False
06b500000000002bc258,4.0625,HIGH,1,0.8547999858856201,6P58RR88+58G2,834.0,195.1,False
06b5000000000039aa0b,7.515625,HIGH,1,0.8439000248908997,6P58RRC7+WVCQ,834.0,155.8,False
06b500000000003d4c25,16.2265625,HIGH,1,0.78329998254776,6P58RR7G+8683,834.0,201.1,False
06b50000000000159541,6.984375,HIGH,1,0.7771000266075134,6P58RR9H+CPX9,834.1,83.9,False
06b5000000000017ede2,4.6171875,HIGH,1,0.8219000101089478,6P58RRF8+C3GR,834.2,59.8,False
06b5000000000010c6f8,5.6484375,HIGH,1,0.8255000114440918,6P58RRC7+GQFF,834.3,124.9,False
06b50000000000377740,5.8203125,HIGH,1,0.8219000101089478,6P58RRC7+JQMM,834.4,275.4,False
06b500000000000b7389,4.9140625,HIGH,1,0.8180999755859375,6P58RR6C+X78H,834.5,361.4,False
06b500000000003dadd6,2.6328125,HIGH,1,0.6851000189781189,6P58RR79+4V48,834.6,38.1,False
06b5000000000012f23d,3.6328125,LOW,1,0.6908000111579895,6P58RR79+87WV,834.6,68.0,False
06b5000000000010a650,6.3671875,HIGH,1,0.8550000190734863,6P58RR7G+VW4W,834.8,225.1,False
06b5000000000003c6fc,5.046875,HIGH,1,0.8919000029563904,6P58RR7G+MP2G,835.0,179.4,False
06b50000000000342f14,17.65625,HIGH,1,0.8593999743461609,6P58RR7G+8627,835.2,177.9,False
06b50000000000103d95,8.0625,HIGH,1,0.9107999801635742,6P58RR9H+9Q6R,835.4,510.2,False
06b500000000002d05f3,4.0625,HIGH,1,0.7642999887466431,6P58RR97+JQC6,835.5,37.3,False
06b500000000003debb4,6.3359375,HIGH,1,0.7092999815940857,6P58RR7G+QRX7,835.6,50.4,False
06b5000000000014c76b,6.4375,HIGH,1,0.809499979019165,6P58RRC7+9P5M,835.8,71.8,False
06b500000000001507e6,5.703125,MEDIUM,1,0.66839998960495,6P58RRF7+4WQW,835.9,13.3,False
06b500000000000b54e9,3.0,LOW,1,0.7519000172615051,6P58RR7G+62V8,836.1,36.6,False
06b500000000000bec42,6.0703125,HIGH,1,0.7384999990463257,6P58RR7G+PQFF,836.6,36.9,False
06b50000000000226510,6.1875,HIGH,1,0.7700999975204468,6P58RR7G+QVVJ,836.6,124.4,False
06b500000000002a4452,6.0390625,HIGH,1,0.6901000142097473,6P58RR7G+RVFQ,836.6,18.4,False
06b500000000001ee8b9,6.203125,HIGH,1,0.8313000202178955,6P58RR79+2XM6,836.8,388.2,False
06b500000000000d17d1,7.3125,HIGH,1,0.6567999720573425,6P58RR7G+JMMR,836.9,29.9,False
06b500000000002b1ff3,4.6953125,HIGH,1,0.6632999777793884,6P58RR97+2VV5,837.1,26.1,False
06b50000000000110e4a,7.4140625,HIGH,1,0.8942000269889832,6P58RR7H+X3V2,837.2,233.0,False
06b500000000001434d4,,NO_HEIGHT,0,0.6700999736785889,6P58RRGF+RRXF,837.3,21.4,False
06b500000000000cb598,5.8359375,HIGH,1,0.8241000175476074,6P58RRF8+G4VC,837.4,169.5,False
06b50000000000050f3f,3.8203125,HIGH,1,0.7160000205039978,6P58RR7C+264G,837.5,74.4,False
06b50000000000314533,4.6015625,HIGH,1,0.6894999742507935,6P58RR6C+XH94,837.5,105.6,False
06b50000000000376b5f,4.5859375,HIGH,1,0.6797000169754028,6P58RR6C+XHC9,837.9,39.1,False
06b500000000000f0a1c,58.71875,MEDIUM,1,0.6638000011444092,6P58RR7G+HH89,838.0,68.7,False
06b5000000000031e35a,5.8515625,HIGH,1,0.7497000098228455,6P58RR87+WW82,838.2,18.5,False
06b50000000000148a28,6.1484375,HIGH,1,0.7710999846458435,6P58RR97+VPJQ,838.5,128.2,False
06b500000000000630d8,9.1875,HIGH,1,0.8454999923706055,6P58RR79+78WM,838.5,158.2,False
06b500000000003cf529,4.375,HIGH,1,0.7483999729156494,6P58RRC7+PQ58,838.6,42.1,False
06b5000000000026456e,5.5625,HIGH,1,0.78329998254776,6P58RRC7+CPH8,838.6,71.0,False
06b500000000001889aa,8.21875,HIGH,1,0.7017999887466431,6P58RR7G+JMCG,838.9,20.0,False
06b50000000000087651,3.7265625,LOW,1,0.7455999851226807,6P58RR97+QP7C,839.1,47.2,False
06b50000000000110036,5.3125,HIGH,1,0.8148000240325928,6P58RR6C+X9C3,839.4,258.4,False
06b500000000002fe4d3,14.5546875,HIGH,1,0.8790000081062317,6P58RR79+793P,839.5,222.2,False
06b500000000002fbfff,6.40625,HIGH,1,0.7753999829292297,6P58RR7G+PQ9V,839.5,100.7,False
06b500000000001a2aea,7.40625,HIGH,1,0.8981000185012817,6P58RRG9+WQHQ,839.5,223.0,False
06b500000000003b0a85,7.28125,HIGH,1,0.817300021648407,6P58RRF8+H4GP,839.6,75.9,False
06b500000000001eff66,5.734375,MEDIUM,1,0.8323000073432922,6P58RR6C+XM68,839.6,22.9,False
06b500000000002a25ca,6.8828125,HIGH,1,0.6947000026702881,6P58RR78+XG22,839.9,30.5,False
06b500000000003a539f,4.1484375,HIGH,1,0.7768999934196472,6P58RR7H+W2M7,840.2,131.5,False
06b50000000000056103,5.6171875,HIGH,1,0.7505000233650208,6P58RR87+VWM3,840.7,55.0,False
06b5000000000031f222,4.65625,HIGH,1,0.7196999788284302,6P58RR87+RWP5,840.8,147.2,False
06b50000000000233bc3,8.7265625,HIGH,1,0.8761000037193298,6P58RRF8+P5Q8,840.8,415.0,False
06b500000000002a0ae5,4.296875,HIGH,1,0.7317000031471252,6P58RR87+VW75,840.8,37.0,False
06b500000000002688f1,3.7421875,LOW,1,0.6694999933242798,6P58RR78+XFR8,841.2,27.9,False
06b500000000003a25e2,4.9375,HIGH,1,0.8077999949455261,6P58RR6C+X72F,841.6,171.1,False
06b500000000002141a4,,NO_HEIGHT,0,0.6891000270843506,6P58RR97+PP7X,841.6,10.7,False
06b5000000000032dbf2,5.3671875,MEDIUM,1,0.6766999959945679,6P58RRF7+2V73,841.7,45.2,False
06b5000000000027ed09,4.3984375,HIGH,1,0.7452999949455261,6P58RR88+6739,842.0,95.0,False
06b5000000000001cdf0,5.8046875,HIGH,1,0.7612000107765198,6P58RR97+WMPQ,842.2,186.7,False
06b5000000000037840e,6.265625,HIGH,1,0.8410000205039978,6P58RRC7+7PRM,842.3,113.9,False
06b500000000002c27da,6.328125,HIGH,1,0.7419000267982483,6P58RR88+4968,842.3,24.0,False
06b5000000000004b634,6.0078125,HIGH,1,0.6687999963760376,6P58RR6C+XH27,842.3,60.8,False
06b5000000000033448b,5.09375,HIGH,1,0.7493000030517578,6P58RR87+XVR6,842.4,203.5,False
06b50000000000242882,6.2578125,HIGH,1,0.6808000206947327,6P58RR7G+VXCH,842.5,49.6,False
06b500000000000221a7,6.4921875,HIGH,1,0.6983000040054321,6P58RR7G+PRPW,842.7,105.4,False
06b500000000003b6af7,6.1796875,HIGH,1,0.6547999978065491,6P58RR7G+QVWP,842.9,34.6,False
06b500000000001c42af,3.609375,HIGH,1,0.7041000127792358,6P58RRC7+PQ3W,843.1,112.4,False
06b500000000003d4b06,4.625,HIGH,1,0.7486000061035156,6P58RR79+4Q42,843.2,51.5,False
06b500000000002a53d1,3.0859375,HIGH,1,0.6718000173568726,6P58RR88+67FJ,843.3,18.2,False
06b50000000000225f9f,6.4140625,HIGH,1,0.7814000248908997,6P58RRC7+9P3M,843.5,41.0,False
06b500000000000058c3,7.28125,MEDIUM,1,0.6524999737739563,6P58RR78+XF4Q,843.6,13.8,False
06b500000000002a4363,,NO_HEIGHT,0,0.6581000089645386,6P58RRF8+R7XW,843.8,80.1,False
06b50000000000177acb,7.828125,HIGH,1,0.7139999866485596,6P58RR78+WF9Q,843.9,98.8,False
06b5000000000024591f,34.59375,LOW,1,0.7114999890327454,6P58RR7G+GHMF,844.0,19.5,False
06b50000000000124566,6.2578125,HIGH,1,0.6757000088691711,6P58RRG8+4GM3,844.1,99.3,False
06b5000000000019bd55,5.5859375,HIGH,1,0.8206999897956848,6P58RRC7+CPMW,844.6,144.7,False
06b500000000002596ee,5.1328125,HIGH,1,0.760200023651123,6P58RR7G+MQW2,844.6,51.1,False
06b5000000000019fd70,65.421875,HIGH,1,0.8813999891281128,6P58RR87+HXH7,844.6,622.8,False
06b500000000001b4a60,6.640625,HIGH,1,0.9240999817848206,6P58RRG8+FVFR,844.7,592.6,False
06b500000000001449a6,6.9609375,HIGH,1,0.8101000189781189,6P58RR78+VG77,844.7,337.2,False
06b500000000000920b8,4.4921875,HIGH,1,0.8434000015258789,6P58RRC7+QPG9,844.7,578.5,False
06b5000000000040a620,2.75,LOW,1,0.7567999958992004,6P58RR8H+QH27,844.9,20.7,False
06b5000000000029302d,6.0,HIGH,1,0.8442999720573425,6P58RR7G+QWR6,844.9,104.8,False
06b5000000000014ba53,15.40625,HIGH,1,0.8944000005722046,6P58RR9H+6QC8,844.9,613.5,False
06b50000000000182b90,16.2265625,LOW,1,0.7318999767303467,6P58RR7G+876M,845.0,83.8,False
06b5000000000010f7ad,30.59375,HIGH,1,0.8264999985694885,6P58RRF8+F3R8,845.4,111.7,False
06b500000000000a894c,11.859375,HIGH,1,0.7548999786376953,6P58RR6C+WMQF,845.4,56.8,False
06b5000000000026d9da,4.0625,HIGH,1,0.855400025844574,6P58RRC7+QQGG,845.4,96.6,False
06b500000000002cf7f3,5.4453125,HIGH,1,0.7727000117301941,6P58RR7G+VXG2,845.8,78.0,False
06b50000000000155055,2.796875,LOW,1,0.6545000076293945,6P58RR97+MPJP,846.0,20.3,False
06b500000000003910d6,16.84375,HIGH,1,0.8100000023841858,6P58RRG8+3FCV,846.1,250.0,False
06b5000000000011ee8d,4.28125,HIGH,1,0.7074000239372253,6P58RRF7+9XPM,846.2,457.3,False
06b50000000000085639,5.65625,HIGH,1,0.8614000082015991,6P58RRF8+J47X,846.7,137.9,False
06b5000000000036f974,3.953125,HIGH,1,0.6708999872207642,6P58RR79+2VGR,847.0,53.4,False
06b50000000000013e8b,13.1875,HIGH,1,0.8195000290870667,6P58RRG9+RF2F,847.1,80.3,False
06b500000000000f91a9,20.688619820828666,HIGH,1,0.9642000198364258,6P58RR6F+XRV8,847.1,3124.0,False
06b5000000000040d1a4,5.0,HIGH,1,0.7746999859809875,6P58RR79+2PXG,847.3,367.4,False
06b5000000000004e7a2,10.2265625,HIGH,1,0.8547000288963318,6P58RR88+3898,847.4,140.2,False
06b500000000001d8c32,8.8984375,HIGH,1,0.7236999869346619,6P58RR7G+FG8W,847.5,143.8,False
06b5000000000016c4b2,3.7734375,HIGH,1,0.7289000153541565,6P58RRG8+GX2F,848.0,39.7,False
06b5000000000010b090,7.03125,HIGH,1,0.8353000283241272,6P58RR78+QH5R,848.0,488.6,False
06b50000000000181c24,53.09375,HIGH,1,0.8198000192642212,6P58RR7G+89H9,848.3,816.5,False
06b5000000000021bdb4,5.03125,HIGH,1,0.8086000084877014,6P58RR97+3R8C,848.6,80.8,False
06b50000000000193893,4.40625,MEDIUM,1,0.6656000018119812,6P58RR97+9PXF,848.6,30.5,False
06b50000000000193909,6.6015625,HIGH,1,0.8277999758720398,6P58RR7G+PVJQ,848.7,109.2,False
06b5000000000040654e,5.953125,HIGH,1,0.8794999718666077,6P58RR6C+WH9M,848.8,170.0,False
06b500000000003609fe,16.390625,HIGH,1,0.781000018119812,6P58RRF8+G3JQ,848.9,170.2,False
06b500000000001d56b1,9.390625,HIGH,1,0.7890999913215637,6P58RR7G+HJ59,849.3,105.1,False
06b500000000000b32f8,29.5625,HIGH,1,0.9415000081062317,6P58RRG9+Q63C,849.3,1017.1,False
06b500000000003dec1a,3.3984375,HIGH,1,0.7714999914169312,6P58RR97+RM43,849.4,53.7,False
06b5000000000022f2d4,8.979166666666666,HIGH,1,0.9316999912261963,6P58RRG8+8JR5,849.4,1578.2,False
06b50000000000131bc2,5.8671875,HIGH,1,0.692300021648407,6P58RR87+VV85,849.5,93.4,False
06b50000000000118ac1,3.7890625,HIGH,1,0.7771000266075134,6P58RR97+QM77,849.6,71.3,False
06b5000000000004b037,4.609375,HIGH,1,0.7685999870300293,6P58RR7G+RW5H,849.8,126.9,False
06b500000000001f8662,6.6640625,HIGH,1,0.8064000010490417,6P58RRC7+8MHJ,850.3,41.3,False
06b5000000000036abb0,6.6875,HIGH,1,0.9243000149726868,6P58RR7G+JQP4,850.5,236.4,False
06b50000000000177212,5.71875,HIGH,1,0.7856000065803528,6P58RR7G+MQQQ,850.5,29.3,False
06b5000000000005427b,4.609375,HIGH,1,0.654699981212616,6P58RR6C+X4Q6,850.6,22.8,False
06b500000000003fc77f,4.2265625,MEDIUM,1,0.762499988079071,6P58RR87+RWCM,850.8,27.4,False
06b5000000000015b1a0,5.5703125,HIGH,1,0.6507999897003174,6P58RR97+2RFQ,850.9,51.4,False
06b50000000000134563,2.5859375,LOW,1,0.7508999705314636,6P58RR8H+FFVG,851.0,114.1,False
06b500000000001a3a44,5.734375,HIGH,1,0.8307999968528748,6P58RR7G+RX8Q,851.0,232.5,False
06b5000000000014ed72,2.578125,LOW,1,0.7102000117301941,6P58RRC7+3M3Q,851.1,10.6,False
06b5000000000025d96e,4.2265625,HIGH,1,0.6894000172615051,6P58RR87+RVQF,851.3,30.3,False
06b50000000000216685,6.0546875,HIGH,1,0.7630000114440918,6P58RRC7+CMXC,851.3,152.2,False
06b50000000000396ab6,6.3828125,LOW,1,0.6615999937057495,6P58RR79+6C48,851.7,63.0,False
06b500000000003aa3c8,12.96484375,HIGH,1,0.8057000041007996,6P58RR8H+XMXM,851.7,91.8,False
06b50000000000285b2d,9.765625,HIGH,1,0.9369999766349792,6P58RR7H+X4P6,851.7,212.8,False
06b5000000000022bc25,5.796875,HIGH,1,0.7936000227928162,6P58RR6C+V92V,852.2,798.8,False
06b500000000000cb729,14.8046875,HIGH,1,0.7145000100135803,6P58RR79+84QR,852.2,284.3,False
06b500000000003d6e00,3.8125,MEDIUM,1,0.7832000255584717,6P58RRC7+JP8C,852.4,26.4,False
06b50000000000392d7e,10.4140625,HIGH,1,0.7069000005722046,6P58RR79+68PR,852.5,86.7,False
06b500000000003cab1b,11.140625,HIGH,1,0.8938999772071838,6P58RR8H+JHWR,852.5,558.2,False
06b500000000003b3b6c,20.5,HIGH,1,0.8356999754905701,6P58RRG8+39Q7,852.6,677.2,False
06b50000000000047d4b,12.078125,HIGH,1,0.9049000144004822,6P58RR6C+VMPP,852.8,179.8,False
06b50000000000151482,6.9765625,HIGH,1,0.751800000667572,6P58RR79+858V,852.9,125.1,False
06b500000000001f313d,2.734375,LOW,1,0.6593000292778015,6P58RR97+HMHM,853.0,20.5,False
06b500000000002e5fea,16.015625,HIGH,1,0.808899998664856,6P58RR79+93VC,853.0,167.5,False
06b500000000002f36fe,4.203125,HIGH,1,0.73089998960495,6P58RRC7+WQ47,853.0,136.5,False
06b500000000003d8805,6.046875,MEDIUM,1,0.722000002861023,6P58RRF8+M49G,853.1,23.9,False
06b50000000000155763,2.3203125,LOW,1,0.696399986743927,6P58RRHC+4H4V,853.1,160.3,False
06b5000000000003249a,3.4921875,HIGH,1,0.6664999723434448,6P58RRF8+J4WC,853.4,29.1,False
06b500000000002670cb,14.328125,HIGH,1,0.9168000221252441,6P58RR88+28G3,853.4,361.2,False
06b500000000002762f4,5.875,HIGH,1,0.7124999761581421,6P58RRF7+4V78,853.6,11.3,False
06b50000000000013e77,5.890625,HIGH,1,0.7174000144004822,6P58RR78+XC5J,853.7,11.6,False
06b500000000001cf728,6.0859375,LOW,1,0.7878000140190125,6P58RR7G+65M8,853.7,118.6,False
06b5000000000028c2d5,6.7265625,HIGH,1,0.7962999939918518,6P58RRC7+7J48,853.7,470.0,False
06b5000000000023060e,4.03125,HIGH,1,0.6836000084877014,6P58RR79+3MJX,853.8,163.6,False
06b5000000000010ef6e,5.7890625,HIGH,1,0.7829999923706055,6P58RRC7+8MFF,854.3,178.6,False
06b50000000000362efe,,NO_HEIGHT,0,0.7142999768257141,6P58RRF8+W8XW,854.4,16.8,False
06b500000000000a74bd,4.453125,HIGH,1,0.7045999765396118,6P58RR78+RHC3,854.5,22.3,False
06b50000000000196f24,,NO_HEIGHT,0,0.6500999927520752,6P58RRHC+4J8H,854.5,106.7,False
06b5000000000027219c,6.5234375,HIGH,1,0.8780999779701233,6P58RRC7+4J55,854.7,226.0,False
06b500000000003962a2,4.1484375,HIGH,1,0.794700026512146,6P58RR79+2PJV,855.0,280.6,False
06b5000000000010c22f,3.7734375,LOW,1,0.7127000093460083,6P58RR97+MMR7,855.1,54.3,False
06b50000000000146e1f,6.6484375,HIGH,1,0.6859999895095825,6P58RR9H+8QHV,855.3,96.7,False
06b500000000003dd652,26.625,HIGH,1,0.8154000043869019,6P58RRF8+G27H,855.4,201.0,False
06b500000000001624f7,5.796875,MEDIUM,1,0.6593000292778015,6P58RRF7+4V7C,855.6,9.9,False
06b500000000003a47f7,4.2421875,HIGH,1,0.8230000138282776,6P58RR7H+V28M,855.7,124.4,False
06b5000000000033da69,9.625,MEDIUM,1,0.7080000042915344,6P58RR79+773M,855.8,109.1,False
06b500000000000671af,7.140625,MEDIUM,1,0.8364999890327454,6P58RR78+JQ39,856.0,61.6,False
06b500000000000d08c7,,NO_HEIGHT,0,0.804099977016449,6P58RRGF+VWW3,856.4,60.7,False
06b500000000002dd27a,4.4453125,HIGH,1,0.7215999960899353,6P58RR87+WV2C,856.5,40.9,False
06b500000000001ffe41,5.046875,HIGH,1,0.7738999724388123,6P58RR69+XXP4,856.6,157.9,False
06b500000000003b126f,5.25,HIGH,1,0.7656000256538391,6P58RRC7+JPR6,856.6,177.8,False
06b500000000003e3e1d,4.859375,HIGH,1,0.654699981212616,6P58RR87+WRH8,856.6,27.4,False
06b5000000000006b922,4.40625,MEDIUM,1,0.8303999900817871,6P58RRG9+J3FW,856.8,67.5,False
06b500000000001d3298,2.734375,LOW,1,0.713699996471405,6P58RR97+JM42,856.9,25.5,False
06b5000000000033c4c5,10.0703125,HIGH,1,0.8427000045776367,6P58RRF8+P43C,857.1,335.0,False
06b50000000000318319,6.6171875,HIGH,1,0.7723000049591064,6P58RR7G+PV27,857.2,42.6,False
06b50000000000332774,,NO_HEIGHT,0,0.9016000032424927,6P58RRGF+WVP6,857.3,241.5,False
06b500000000001a08d9,5.0625,HIGH,1,0.8125,6P58RRC7+2J94,857.6,83.9,False
06b5000000000033052a,5.8359375,HIGH,1,0.8079000115394592,6P58RRF7+4R4M,857.6,161.2,False
06b500000000003d2a1f,7.5,HIGH,1,0.7567999958992004,6P58RR78+XC3F,857.7,17.7,False
06b50000000000364c93,5.8046875,HIGH,1,0.8137000203132629,6P58RR7G+PVQQ,857.9,38.5,False
06b500000000001a929d,3.78125,MEDIUM,1,0.7912999987602234,6P58RR78+RGF6,857.9,78.1,False
06b500000000001c1109,5.421875,HIGH,1,0.830299973487854,6P58RR6C+W3XV,858.3,128.2,False
06b500000000002ad3b2,3.78125,LOW,1,0.6784999966621399,6P58RR87+RV8W,858.4,13.4,False
06b500000000003a3614,4.96875,HIGH,1,0.771399974822998,6P58RR97+WJXQ,858.4,59.2,False
06b50000000000267511,5.7265625,HIGH,1,0.746999979019165,6P58RR97+VJW5,858.4,99.2,False
06b50000000000182147,4.9453125,HIGH,1,0.809499979019165,6P58RR78+VF3R,859.0,180.0,False
06b50000000000271679,3.4296875,MEDIUM,1,0.8507000207901001,6P58RR7H+W38P,859.2,65.4,False
06b500000000003625d7,6.5859375,HIGH,1,0.7301999926567078,6P58RR97+VJ8Q,859.2,49.7,False
06b500000000003e9510,6.1171875,HIGH,1,0.7789000272750854,6P58RR7G+MRH7,859.4,77.3,False
06b5000000000028ce89,2.984375,MEDIUM,1,0.7807000279426575,6P58RR9H+FRPP,859.6,17.8,False
06b500000000003d0513,6.28125,HIGH,1,0.8267999887466431,6P58RRF7+9W7X,859.8,262.4,False
06b500000000001a30aa,8.9453125,HIGH,1,0.8605999946594238,6P58RR78+JP5G,859.9,90.6,False
06b50000000000028a06,3.7890625,LOW,1,0.8357999920845032,6P58RR97+PJX4,860.1,63.2,False
06b500000000003f62ce,5.6875,HIGH,1,0.8169999718666077,6P58RR7G+PWM6,860.2,85.9,False
06b50000000000010c32,4.9609375,HIGH,1,0.7797999978065491,6P58RR87+RVRR,860.3,68.5,False
06b50000000000041dee,5.1796875,HIGH,1,0.6797000169754028,6P58RR87+VVJ2,860.6,12.2,False
06b5000000000010629d,5.4765625,HIGH,1,0.8378999829292297,6P58RRC7+GMJQ,860.8,299.8,False
06b500000000001ec589,5.46875,HIGH,1,0.7301999926567078,6P58RRG8+CQ64,860.9,40.4,False
06b50000000000205738,7.8125,HIGH,1,0.6782000064849854,6P58RR78+XC2F,861.1,14.4,False
06b5000000000010f0b5,5.921875,HIGH,1,0.710099995136261,6P58RRG9+J2QC,861.2,122.2,False
06b500000000003464d7,15.296875,HIGH,1,0.7734000086784363,6P58RR78+9XPG,861.6,256.6,False
06b5000000000009ee9d,5.21875,HIGH,1,0.7055000066757202,6P58RRG8+JX47,861.6,141.0,False
06b5000000000008a2e9,5.7734375,HIGH,1,0.7712000012397766,6P58RRC7+4JF4,862.0,249.3,False
06b500000000000178d8,11.8671875,HIGH,1,0.909500002861023,6P58RR8H+WPWR,862.1,234.1,False
06b5000000000004b564,4.1953125,HIGH,1,0.8367000222206116,6P58RRC7+FJXF,862.2,122.1,False
06b50000000000082e77,4.8828125,HIGH,1,0.7311999797821045,6P58RRC7+CJXQ,862.3,134.2,False
06b5000000000024222c,6.765625,HIGH,1,0.8180000185966492,6P58RR6C+VCP8,862.3,207.3,False
06b5000000000000f890,5.6953125,HIGH,1,0.7534000277519226,6P58RRC7+2J3P,862.4,191.8,False
06b500000000001e52aa,5.640625,HIGH,1,0.7483000159263611,6P58RR97+WJW4,862.5,59.6,False
06b50000000000108d6f,6.1796875,HIGH,1,0.7494999766349792,6P58RRC7+8J5F,862.6,51.8,False
06b5000000000011e80d,5.546875,HIGH,1,0.8539999723434448,6P58RRH9+2Q4Q,862.6,189.9,False
06b5000000000003df2e,5.1796875,MEDIUM,1,0.6585999727249146,6P58RR87+VRHP,862.7,5.6,False
06b5000000000025813b,4.2265625,HIGH,1,0.7080000042915344,6P58RR87+WR86,862.8,71.7,False
06b50000000000299a8d,6.296875,HIGH,1,0.7980999946594238,6P58RR7H+R2F2,863.3,69.8,False
06b500000000000d5dc9,7.515625,HIGH,1,0.816100001335144,6P58RR97+4PGX,863.4,87.9,False
06b5000000000036e514,6.015625,HIGH,1,0.7797999978065491,6P58RRC7+9J5G,863.4,49.0,False
06b500000000002e6625,6.8671875,HIGH,1,0.8001999855041504,6P58RR97+3PXG,863.7,164.4,False
06b500000000003ca50f,9.734375,HIGH,1,0.8287000060081482,6P58RR78+W9C9,863.8,425.3,False
06b5000000000021c1b6,6.4140625,HIGH,1,0.8083999752998352,6P58RR78+MJCP,864.0,310.3,False
06b50000000000184c9c,6.7578125,LOW,1,0.7229999899864197,6P58RR88+83H7,864.1,108.9,False
06b50000000000315513,5.890625,MEDIUM,1,0.6689000129699707,6P58RR6C+VWHV,864.1,23.9,False
06b5000000000027d8a1,,NO_HEIGHT,0,0.8176000118255615,6P58RR79+59RR,864.5,24.7,False
06b500000000000338e9,4.4921875,LOW,1,0.7914000153541565,6P58RRF7+2Q9C,864.5,31.2,False
06b500000000003a6dbd,5.6171875,HIGH,1,0.853600025177002,6P58RR79+68C6,864.7,46.0,False
06b50000000000087536,6.1171875,MEDIUM,1,0.6685000061988831,6P58RR97+9MW3,864.8,26.8,False
06b50000000000334445,6.8671875,HIGH,1,0.8064000010490417,6P58RR78+QF5F,864.9,690.3,False
06b5000000000005aeb6,4.9453125,HIGH,1,0.7573999762535095,6P58RR87+RRPR,865.6,135.7,False
06b500000000000e6be2,3.7890625,HIGH,1,0.7885000109672546,6P58RR97+QJ7G,865.8,44.1,False
06b500000000003e9174,4.078125,HIGH,1,0.8048999905586243,6P58RRF8+M33W,865.8,98.0,False
06b500000000003c8a50,9.0078125,HIGH,1,0.857200026512146,6P58RR78+HP72,866.1,400.6,False
06b500000000002b09df,5.359375,HIGH,1,0.7939000129699707,6P58RR87+WQQ5,866.2,60.1,False
06b500000000001be5a2,3.734375,LOW,1,0.786899983882904,6P58RR9H+9RHR,866.2,33.1,False
06b500000000000e4d4f,8.609375,HIGH,1,0.7752000093460083,6P58RR8H+GHWJ,866.2,136.6,False
06b5000000000036908b,7.4453125,HIGH,1,0.7483000159263611,6P58RR79+3H5W,866.3,185.4,False
06b50000000000164381,5.2578125,HIGH,1,0.8773000240325928,6P58RRHC+5FR6,866.3,1055.8,False
06b50000000000134f8d,3.5078125,HIGH,1,0.8267999887466431,6P58RR9H+FVJP,866.4,35.0,False
06b50000000000340a7c,,NO_HEIGHT,0,0.90420001745224,6P58RRGF+XRRQ,866.8,281.6,False
06b500000000003f39eb,4.640625,HIGH,1,0.7840999960899353,6P58RR69+XVHG,866.8,60.1,False
06b500000000003e353f,5.625,HIGH,1,0.7991999983787537,6P58RRC7+8HQ9,866.9,449.2,False
06b50000000000116fb0,9.4375,HIGH,1,0.8611000180244446,6P58RR78+JM56,867.0,186.0,False
06b500000000003e67a1,24.8828125,HIGH,1,0.9124000072479248,6P58RR78+9VQP,867.0,997.5,False
06b500000000000373a9,7.0625,HIGH,1,0.6970999836921692,6P58RR79+3GWX,867.0,55.5,False
06b50000000000029fc7,6.6015625,HIGH,1,0.7301999926567078,6P58RR7G+MVHV,867.2,84.9,False
06b500000000003e9c44,5.6015625,HIGH,1,0.8532000184059143,6P58RR78+VC73,867.2,254.6,False
06b5000000000034ec50,6.0078125,HIGH,1,0.7659000158309937,6P58RR97+WJV6,867.3,49.6,False
06b5000000000010f904,5.578125,HIGH,1,0.781000018119812,6P58RR7H+Q2RH,867.5,62.7,False
06b50000000000036e48,4.6328125,HIGH,1,0.8942000269889832,6P58RR87+WR22,867.5,96.9,False
06b5000000000001c090,9.953125,HIGH,1,0.8805000185966492,6P58RRG8+5CMC,867.6,607.7,False
06b50000000000205b5c,13.1015625,HIGH,1,0.8367000222206116,6P58RRG9+W96Q,867.6,1296.8,False
06b5000000000040a248,3.8125,HIGH,1,0.6996999979019165,6P58RRC7+9JHJ,867.8,10.4,False
06b500000000002de265,5.3125,HIGH,1,0.8564000129699707,6P58RRC7+MM25,867.9,227.3,False
06b50000000000142fea,6.7578125,LOW,1,0.7784000039100647,6P58RR88+83V5,868.0,73.6,False
06b500000000003a5d80,6.734375,HIGH,1,0.8403000235557556,6P58RR8H+JJW8,868.3,484.4,False
06b500000000002bae1f,13.5390625,HIGH,1,0.8258000016212463,6P58RR79+74W7,868.3,159.8,False
06b500000000002d5e8e,6.375,HIGH,1,0.8985999822616577,6P58RR6C+V65W,868.4,241.7,False
06b500000000003fd9c4,8.796875,HIGH,1,0.7609999775886536,6P58RR7H+W5RH,868.4,170.2,False
06b500000000001366e8,5.078125,HIGH,1,0.8192999958992004,6P58RR6C+W399,868.4,88.3,False
06b5000000000001796c,7.2734375,HIGH,1,0.7900000214576721,6P58RR79+7537,868.4,147.5,False
06b50000000000003524,3.6796875,MEDIUM,1,0.741100013256073,6P58RRC7+6J2G,868.5,62.9,False
06b5000000000006d6c8,6.78125,HIGH,1,0.7886000275611877,6P58RR7G+PXC6,868.5,94.6,False
06b50000000000352bd9,6.15625,HIGH,1,0.8547999858856201,6P58RR69+XQHJ,868.6,331.2,False
06b500000000002a927e,3.6796875,HIGH,1,0.7247999906539917,6P58RRC7+9JW6,868.7,33.5,False
06b500000000002761bd,9.609375,HIGH,1,0.8406000137329102,6P58RR9H+3Q3M,869.0,51.5,False
06b500000000000ae5d0,5.9453125,HIGH,1,0.7736999988555908,6P58RR97+RJ65,869.3,80.8,False
06b500000000003b31d5,,NO_HEIGHT,0,0.7290999889373779,6P58RRF8+V6MV,869.4,58.0,False
06b50000000000388bdb,5.7109375,HIGH,1,0.6546000242233276,6P58RR87+VR7P,869.5,25.6,False
06b500000000003096de,5.4609375,HIGH,1,0.9351999759674072,6P58RRH9+2RRW,869.5,307.1,False
06b5000000000003b86f,9.1875,HIGH,1,0.9124000072479248,6P58RRC7+XP65,869.6,300.2,False
06b500000000000ca2b2,6.6328125,HIGH,1,0.65829998254776,6P58RR97+RJR7,869.7,21.0,False
06b500000000002a3bb7,6.0703125,HIGH,1,0.8054999709129333,6P58RR6C+V665,869.7,251.1,False
06b5000000000018bd56,4.7421875,HIGH,1,0.7631999850273132,6P58RR7G+MV3W,869.8,28.8,False
06b500000000000d320b,2.75,LOW,1,0.763700008392334,6P58RR7G+GPPH,870.1,35.5,False
06b5000000000029ddb9,4.828125,HIGH,1,0.8149999976158142,6P58RR69+WWVQ,870.3,163.3,False
06b500000000001fb14a,3.7109375,LOW,1,0.7929999828338623,6P58RR87+QV2F,870.4,55.0,False
06b50000000000146a81,,NO_HEIGHT,0,0.7461000084877014,6P58RR97+PJ3W,870.4,14.9,False
06b5000000000021b3f3,,NO_HEIGHT,0,0.6783999800682068,6P58RR97+MJV7,870.5,18.8,False
06b5000000000020c893,5.4296875,HIGH,1,0.8048999905586243,6P58RR97+VHQP,870.8,107.3,False
06b50000000000028526,7.484375,HIGH,1,0.7807999849319458,6P58RR79+3FX7,870.8,131.6,False
06b500000000001b9b32,5.28125,HIGH,1,0.6850000023841858,6P58RR6C+W38R,871.0,16.7,False
06b500000000003d0a95,4.734375,HIGH,1,0.7663999795913696,6P58RRG9+M2H4,871.1,43.9,False
06b500000000002ff501,4.390625,HIGH,1,0.7670999765396118,6P58RRF7+4Q7H,871.6,230.1,False
06b500000000000b3b22,2.53125,MEDIUM,1,0.7141000032424927,6P58RR9H+FVPG,871.7,45.8,False
06b5000000000014a779,6.9140625,HIGH,1,0.8014000058174133,6P58RRC7+4H8C,871.7,467.8,False
06b500000000001e4a9e,4.859375,HIGH,1,0.6797000169754028,6P58RR6C+RHHX,871.8,114.0,False
06b500000000000f98fb,3.921875,MEDIUM,1,0.6636000275611877,6P58RRF8+J2QF,872.0,28.1,False
06b500000000001844b0,7.3046875,MEDIUM,1,0.6916999816894531,6P58RRG8+CP6J,872.2,33.3,False
06b5000000000025e532,6.171875,HIGH,1,0.7925000190734863,6P58RR9H+JWMH,872.6,146.3,False
06b50000000000222697,6.6328125,HIGH,1,0.830299973487854,6P58RR79+2HRH,872.8,197.3,False
06b50000000000018aa5,4.015625,LOW,1,0.90829998254776,6P58RR9H+9VFM,872.9,60.4,False
06b50000000000087344,4.078125,HIGH,1,0.8471999764442444,6P58RR6C+RVM7,873.0,201.9,False
06b50000000000097ff8,6.2578125,HIGH,1,0.7307999730110168,6P58RR6C+RHJQ,873.1,28.2,False
06b5000000000001f81d,6.296875,HIGH,1,0.6840000152587891,6P58RR97+VH95,873.1,22.0,False
06b5000000000017f31e,5.84375,HIGH,1,0.8144999742507935,6P58RR6C+V523,873.2,411.0,False
06b500000000003278aa,6.078125,HIGH,1,0.6851999759674072,6P58RRG8+MX5C,873.3,118.7,False
06b500000000002890a3,6.0,HIGH,1,0.7957000136375427,6P58RR87+VR2R,873.3,65.4,False
06b500000000001ca2ac,6.8125,HIGH,1,0.697700023651123,6P58RR7G+PXF3,873.4,62.0,False
06b500000000002dc732,5.2890625,HIGH,1,0.8046000003814697,6P58RR7H+Q269,873.5,70.2,False
06b5000000000007ef63,5.734375,HIGH,1,0.8087999820709229,6P58RR97+WHW4,873.5,135.2,False
06b500000000000aa208,10.8125,HIGH,1,0.8860999941825867,6P58RRHC+5WG7,873.7,105.6,False
06b50000000000068308,5.4140625,HIGH,1,0.6916000247001648,6P58RR6C+RGPQ,873.7,67.9,False
06b50000000000128fc2,5.96875,HIGH,1,0.733299970626831,6P58RR6C+RHPJ,873.9,35.6,False
06b50000000000061906,5.4140625,HIGH,1,0.8058000206947327,6P58RR78+MHFM,874.1,172.7,False
06b50000000000204893,5.84375,HIGH,1,0.8069000244140625,6P58RR7H+Q3JF,874.1,194.3,False
06b50000000000394cbb,3.7578125,HIGH,1,0.7439000010490417,6P58RRC7+QMGC,874.2,106.6,False
06b50000000000328a33,7.203125,HIGH,1,0.8402000069618225,6P58RR7G+MW7P,874.2,95.8,False
06b50000000000116cd0,4.6953125,HIGH,1,0.7062000036239624,6P58RR69+XV49,874.2,30.5,False
06b500000000002f7389,14.6640625,HIGH,1,0.8392000198364258,6P58RR9H+3RG8,874.3,426.7,False
06b5000000000025667c,8.6953125,HIGH,1,0.800599992275238,6P58RRF8+P3XQ,874.3,54.4,False
06b50000000000404600,5.9296875,HIGH,1,0.7279999852180481,6P58RR6C+RHJM,874.4,12.7,False
06b5000000000007dfd8,4.09375,HIGH,1,0.84170001745224,6P58RR6C+RCRC,874.5,61.0,False
06b500000000000c49c7,10.2265625,HIGH,1,0.8457000255584717,6P58RRF8+P234,874.7,400.8,False
06b5000000000036633b,10.40625,HIGH,1,0.7462000250816345,6P58RRF8+H2JJ,875.0,29.5,False
06b500000000002f6092,4.984375,HIGH,1,0.833299994468689,6P58RRG8+HRCX,875.1,445.4,False
06b500000000000fb6d2,5.8671875,HIGH,1,0.8695999979972839,6P58RRG9+M2J7,875.2,149.7,False
06b500000000001b919a,7.6015625,HIGH,1,0.7875000238418579,6P58RR7H+X599,875.6,66.2,False
06b5000000000007d6c0,5.9921875,HIGH,1,0.847100019454956,6P58RR97+RH8Q,875.6,105.0,False
06b5000000000019154e,3.0546875,HIGH,1,0.7390999794006348,6P58RR97+QH8F,875.6,52.8,False
06b500000000002d97f2,17.640625,HIGH,1,0.7608000040054321,6P58RR79+829G,875.7,129.8,False
06b500000000000ba362,5.0859375,HIGH,1,0.8479999899864197,6P58RR7H+R3XQ,876.3,51.5,False
06b500000000001d101f,6.3125,HIGH,1,0.8061000108718872,6P58RR7G+PX8Q,876.6,99.9,False
06b5000000000001fc37,4.65625,HIGH,1,0.809499979019165,6P58RRC7+JJF6,876.9,172.0,False
06b500000000001e2807,5.046875,HIGH,1,0.8701000213623047,6P58RRC7+CH5M,876.9,135.5,False
06b5000000000020217e,4.8125,HIGH,1,0.8389000296592712,6P58RR6C+V4JM,877.0,62.5,False
06b500000000000549cc,8.6328125,HIGH,1,0.732200026512146,6P58RR79+64X2,877.4,83.7,False
06b50000000000325e0b,6.4453125,HIGH,1,0.6527000069618225,6P58RR97+VH4H,877.4,23.4,False
06b500000000003bf25d,4.5078125,HIGH,1,0.8622999787330627,6P58RR87+QRFF,877.9,47.2,False
06b500000000002bfda6,3.03125,HIGH,1,0.7660999894142151,6P58RR69+WRX2,878.3,75.0,False
06b500000000001d424e,6.078125,HIGH,1,0.6777999997138977,6P58RRF7+9VWQ,878.4,50.8,False
06b500000000000889dc,7.2109375,HIGH,1,0.7799000144004822,6P58RR78+GP39,878.4,395.3,False
06b5000000000012685b,7.3828125,HIGH,1,0.8098999857902527,6P58RRC7+6HPR,878.5,84.2,False
06b500000000002c73b5,7.1484375,HIGH,1,0.8531000018119812,6P58RR7H+W5HF,878.8,79.6,False
06b5000000000018086d,5.6328125,HIGH,1,0.8417999744415283,6P58RR7H+R47P,879.2,290.7,False
06b50000000000316b91,5.578125,HIGH,1,0.8070999979972839,6P58RRC7+HJ2J,879.4,195.3,False
06b500000000001dde3d,9.078125,HIGH,1,0.682699978351593,6P58RRF8+Q4J8,879.4,18.7,False
06b5000000000006e90f,9.34375,HIGH,1,0.7753999829292297,6P58RRHC+6Q2H,879.5,75.5,False
06b5000000000037d243,5.5703125,HIGH,1,0.8651000261306763,6P58RRG8+MWC8,879.7,645.5,False
06b500000000003b170e,14.5390625,HIGH,1,0.7682999968528748,6P58RRF7+HXR9,879.7,133.3,False
06b500000000003c271f,5.421875,HIGH,1,0.8919000029563904,6P58RRH9+4WQQ,879.7,309.3,False
06b500000000003716aa,7.1171875,HIGH,1,0.7674000263214111,6P58RR7G+MW93,879.8,71.1,False
06b500000000003e955e,,NO_HEIGHT,0,0.6894000172615051,6P58RR97+PH4X,879.8,17.3,False
06b5000000000009ff41,8.140625,HIGH,1,0.8113999962806702,6P58RR78+MGGX,880.0,157.7,False
06b500000000000737b8,5.34375,HIGH,1,0.8072999715805054,6P58RRC7+2H3V,880.2,53.7,False
06b50000000000001ea6,8.3828125,HIGH,1,0.7454000115394592,6P58RRC7+7HCP,880.3,114.7,False
06b50000000000217776,8.0,HIGH,1,0.7930999994277954,6P58RR79+3F29,880.3,333.7,False
06b500000000002bd368,5.484375,LOW,1,0.7842000126838684,6P58RRG9+P3GR,880.5,41.4,False
06b500000000001d2a35,3.3125,LOW,1,0.7784000039100647,6P58RRHC+5JVF,880.8,14.9,False
06b500000000003a5885,4.859375,HIGH,1,0.6541000008583069,6P58RR69+WRV3,880.9,53.7,False
06b500000000003acb4c,11.953125,LOW,1,0.7688999772071838,6P58RR79+6665,880.9,17.2,False
06b500000000003f8606,6.65625,HIGH,1,0.7840999960899353,6P58RRG9+P3XW,881.0,72.7,False
06b500000000003b2bf6,5.6171875,HIGH,1,0.8790000081062317,6P58RR97+3P62,881.0,123.5,False
06b500000000001b8fdf,9.1796875,HIGH,1,0.732200026512146,6P58RR7G+JV8Q,881.0,30.2,False
06b500000000001c89de,5.09375,HIGH,1,0.8209999799728394,6P58RRC7+FH8H,881.1,56.9,False
06b50000000000360894,63.421875,HIGH,1,0.8847000002861023,6P58RR8H+JMQG,881.2,776.5,False
06b5000000000011df36,4.8828125,HIGH,1,0.6866999864578247,6P58RR97+VHJ8,881.3,51.7,False
06b500000000002c3ace,12.21875,HIGH,1,0.7742000222206116,6P58RR79+64JV,881.4,192.5,False
06b500000000003fd607,7.4765625,HIGH,1,0.7329000234603882,6P58RR6C+RH3V,881.4,70.0,False
06b5000000000003b475,2.5859375,HIGH,1,0.7825999855995178,6P58RRF7+2PVX,881.4,99.4,False
06b50000000000144a58,,NO_HEIGHT,0,0.8585000038146973,6P58RRF8+V5VG,881.6,45.7,False
06b50000000000045598,3.9609375,HIGH,1,0.7202000021934509,6P58RRF7+CVV9,881.7,244.1,False
06b5000000000020302a,6.125,HIGH,1,0.7080000042915344,6P58RR97+VH64,881.8,49.4,False
06b5000000000038360c,8.328125,HIGH,1,0.8720999956130981,6P58RR8H+8F52,881.9,245.0,False
06b5000000000011bbef,91.9765625,HIGH,1,0.9232000112533569,6P58RR87+CVWV,882.1,1232.9,False
06b5000000000019c19a,5.671875,HIGH,1,0.8320000171661377,6P58RR7H+V5VQ,882.1,54.1,False
06b5000000000005a935,5.6171875,HIGH,1,0.8048999905586243,6P58RR97+2P76,882.2,38.7,False
06b5000000000034fd03,7.0703125,HIGH,1,0.6577000021934509,6P58RRF7+JXHM,882.4,44.0,False
06b50000000000262294,6.3125,HIGH,1,0.8619999885559082,6P58RR7H+R35C,882.5,47.1,False
06b500000000003c19e7,4.40625,HIGH,1,0.7069000005722046,6P58RRF8+Q3QQ,882.5,12.9,False
06b50000000000067b8f,6.234375,HIGH,1,0.6820999979972839,6P58RR97+RH7V,882.8,22.7,False
06b5000000000026740b,4.7265625,LOW,1,0.7763000130653381,6P58RR79+6592,882.8,45.0,False
06b500000000001d577d,5.46875,HIGH,1,0.7378000020980835,6P58RR7G+GR6F,883.1,88.4,False
06b500000000002ce5a7,4.15625,HIGH,1,0.6730999946594238,6P58RR69+XJRR,883.1,120.7,False
06b50000000000381569,5.6171875,LOW,1,0.705299973487854,6P58RR87+XPV6,883.3,28.9,False
06b500000000001d1c6a,7.9609375,HIGH,1,0.9038000106811523,6P58RRF7+2P2J,883.3,114.1,False
06b500000000002f7dab,5.9296875,HIGH,1,0.6929000020027161,6P58RR97+XHCQ,883.3,18.3,False
06b500000000000d04fb,5.453125,HIGH,1,0.761900007724762,6P58RR69+WQW6,883.7,113.8,False
06b500000000002f282d,5.703125,HIGH,1,0.9054999947547913,6P58RRHC+6RVW,883.8,498.7,False
06b50000000000385d2a,5.8515625,HIGH,1,0.7710000276565552,6P58RR97+WHR3,883.8,58.1,False
06b5000000000020ecfe,18.0078125,HIGH,1,0.7631000280380249,6P58RR79+72PP,883.8,131.0,False
06b500000000001f5345,4.90625,HIGH,1,0.6503000259399414,6P58RRC7+RMC8,883.9,26.7,False
06b500000000002b2516,7.6171875,HIGH,1,0.795799970626831,6P58RR6C+R8C5,883.9,63.6,False
06b5000000000016621e,5.0,LOW,1,0.7279000282287598,6P58RRHF+6254,884.3,28.7,False
06b5000000000033382f,6.5703125,HIGH,1,0.7021999955177307,6P58RRG9+Q4MJ,884.3,158.6,False
06b500000000003c58c6,8.390625,HIGH,1,0.7099999785423279,6P58RR6C+QF9R,884.4,144.5,False
06b500000000001e043a,5.578125,HIGH,1,0.7926999926567078,6P58RR6C+R3Q7,884.5,303.4,False
06b500000000001e2845,8.2265625,HIGH,1,0.8474000096321106,6P58RRC7+6GQX,884.5,142.5,False
06b500000000001bc79c,16.9375,LOW_RELAXED,1,0.7810999751091003,6P58RR7G+69QM,884.9,34.9,False
06b50000000000362f5d,4.1953125,HIGH,1,0.7501999735832214,6P58RR87+RQ6X,885.0,130.0,False
06b5000000000019c989,4.609375,HIGH,1,0.8191999793052673,6P58RR78+R9P2,885.1,112.9,False
06b50000000000213e84,6.1796875,HIGH,1,0.791100025177002,6P58RR97+RG9W,885.3,122.4,False
06b5000000000022a6a5,6.3359375,HIGH,1,0.7440999746322632,6P58RR69+WV87,885.3,23.2,False
06b5000000000005c586,10.46875,HIGH,1,0.9218999743461609,6P58RR6C+QRFX,885.6,450.6,False
06b50000000000055fcc,13.6484375,HIGH,1,0.9110999703407288,6P58RRF7+MWQQ,885.7,1085.1,False
06b5000000000005fd87,10.6171875,HIGH,1,0.8615000247955322,6P58RR7G+HVH6,885.7,157.3,False
06b500000000003ca2cd,5.1484375,HIGH,1,0.8517000079154968,6P58RRC7+GH4F,886.1,90.2,False
06b50000000000215221,4.9375,MEDIUM,1,0.6872000098228455,6P58RR78+X7CM,886.1,56.4,False
06b500000000000dcef3,6.7890625,HIGH,1,0.7903000116348267,6P58RR78+MGCQ,886.3,99.2,False
06b500000000002f3df2,4.0390625,HIGH,1,0.7178999781608582,6P58RRF7+5Q2V,886.4,35.6,False
06b5000000000002df8a,11.3046875,HIGH,1,0.7081000208854675,6P58RR8H+WQ9W,886.5,92.7,False
06b500000000001a13c5,7.3515625,HIGH,1,0.7989000082015991,6P58RRF7+GVQ9,886.5,175.8,False
06b500000000003acd5a,6.0078125,HIGH,1,0.8447999954223633,6P58RR78+R8XJ,886.6,205.9,False
06b500000000003ba44c,4.75,HIGH,1,0.8367000222206116,6P58RR69+VWMH,886.8,136.3,False
06b5000000000005ad8d,4.484375,HIGH,1,0.845300018787384,6P58RRF7+6QMF,886.8,170.8,False
06b50000000000333419,5.828125,HIGH,1,0.7876999974250793,6P58RR7H+Q3GW,887.0,30.6,False
06b5000000000031dc72,45.0078125,HIGH,1,0.7584999799728394,6P58RRF7+HW9V,887.0,29.1,False
06b5000000000026ee68,2.9140625,HIGH,1,0.8526999950408936,6P58RRHC+7V38,887.2,144.2,False
06b5000000000025b796,6.328125,HIGH,1,0.7904999852180481,6P58RRC7+8HCR,887.3,111.8,False
06b5000000000005afc7,6.21875,HIGH,1,0.711899995803833,6P58RR7H+V5PP,887.3,29.6,False
06b500000000001e4d7e,5.4453125,HIGH,1,0.8848000168800354,6P58RRHC+6WXG,887.3,646.4,False
06b5000000000004274a,4.5078125,LOW,1,0.6553999781608582,6P58RR87+QQ8P,887.5,32.3,False
06b5000000000020231e,8.9375,HIGH,1,0.8914999961853027,6P58RR8H+6FVG,887.6,144.9,False
06b500000000000bd0a7,4.6484375,HIGH,1,0.7092999815940857,6P58RRC7+2G9V,887.7,22.2,False
06b500000000000e5efc,15.1796875,HIGH,1,0.8980000019073486,6P58RR6F+Q3PG,887.7,102.6,False
06b500000000003c12ee,7.2734375,HIGH,1,0.7986999750137329,6P58RR7H+P2HJ,887.8,31.1,False
06b500000000000400a5,7.296875,MEDIUM,1,0.6633999943733215,6P58RR6C+QJCR,888.0,77.1,False
06b500000000000c5014,9.6796875,HIGH,1,0.8051999807357788,6P58RR8H+287Q,888.1,171.2,False
06b50000000000376c8a,7.1796875,HIGH,1,0.7781999707221985,6P58RR6C+Q9GH,888.4,175.1,False
06b500000000002f5bfb,12.65625,LOW,1,0.7928000092506409,6P58RRF8+W443,888.4,126.3,False
06b500000000000a0849,9.203125,HIGH,1,0.8349999785423279,6P58RR6F+WQQP,888.5,127.7,False
06b500000000001683ef,6.3828125,HIGH,1,0.7215999960899353,6P58RR7G+MX4M,888.5,61.2,False
06b50000000000015771,13.3046875,HIGH,1,0.8226000070571899,6P58RR79+62QJ,888.5,353.2,False
06b500000000003e6f0d,6.078125,MEDIUM,1,0.8650000095367432,6P58RR8H+FJCW,888.7,52.6,False
06b50000000000096055,2.7265625,LOW,1,0.8580999970436096,6P58RRC7+5GWW,888.8,57.0,False
06b5000000000014f33d,47.5703125,HIGH,1,0.8463000059127808,6P58RR87+WM6H,889.0,1176.7,False
06b500000000000c543e,3.2265625,LOW,1,0.7063000202178955,6P58RRF7+8Q9X,889.0,94.3,False
06b500000000003086eb,67.6328125,HIGH,1,0.6956999897956848,6P58RR8H+PP77,889.0,39.5,False
06b500000000002ae758,7.9375,HIGH,1,0.7426000237464905,6P58RR7H+W67P,889.1,43.9,False
06b500000000002a98fe,4.0390625,HIGH,1,0.7354999780654907,6P58RRF7+5P5C,889.2,58.0,False
06b500000000002059bb,5.1640625,LOW,1,0.7971000075340271,6P58RR6C+QXJG,889.2,37.3,False
06b50000000000136439,20.6875,HIGH,1,0.8440999984741211,6P58RR78+7VQ4,889.5,1105.9,False
06b50000000000352854,6.5390625,HIGH,1,0.6504999995231628,6P58RR97+2MVP,889.5,116.4,False
06b500000000001c9156,6.296875,HIGH,1,0.8352000117301941,6P58RR7H+P242,889.5,62.5,False
06b5000000000020ceb8,2.7734375,HIGH,1,0.8486999869346619,6P58RRC7+3F9G,889.7,214.6,False
06b500000000002a07d2,7.4453125,HIGH,1,0.8093000054359436,6P58RR78+Q93M,889.8,664.4,False
06b50000000000263638,5.6875,HIGH,1,0.8144999742507935,6P58RR7H+V6GJ,889.8,231.5,False
06b5000000000034d096,5.2578125,HIGH,1,0.8826000094413757,6P58RR7H+Q348,889.9,72.2,False
06b500000000001d7787,3.421875,HIGH,1,0.6725000143051147,6P58RRC7+2GPP,890.0,8.4,False
06b50000000000149565,7.6796875,HIGH,1,0.8080000281333923,6P58RRC7+4G3X,890.3,134.2,False
06b500000000002e428a,8.2890625,HIGH,1,0.7741000056266785,6P58RR6C+QH7V,890.5,92.1,False
06b500000000001751e8,5.1171875,HIGH,1,0.6761999726295471,6P58RR7H+R5JV,890.5,30.7,False
06b5000000000027f078,6.0,HIGH,1,0.7853000164031982,6P58RR87+HVFJ,890.7,17.3,False
06b500000000003e90c3,6.8828125,HIGH,1,0.8432000279426575,6P58RR9H+FW98,890.9,54.4,False
06b500000000003babf4,8.5703125,HIGH,1,0.6536999940872192,6P58RR7H+W6X2,890.9,13.4,False
06b500000000003ec794,6.3671875,HIGH,1,0.7918999791145325,6P58RR7H+X734,890.9,112.0,False
06b5000000000009f142,,NO_HEIGHT,0,0.6707000136375427,6P58RR97+MGX8,891.0,7.1,False
06b5000000000013c2d7,5.2109375,HIGH,1,0.8747000098228455,6P58RRG8+9G7H,891.1,107.9,False
06b50000000000263b53,4.34375,HIGH,1,0.8238000273704529,6P58RRH9+4R3F,891.2,35.4,False
06b500000000002e36dc,17.96875,HIGH,1,0.8640999794006348,6P58RR7G+356F,891.3,234.3,False
06b500000000002edd78,8.1640625,HIGH,1,0.7257000207901001,6P58RR87+JR52,891.5,43.9,False
06b500000000002256a5,12.546875,HIGH,1,0.8112000226974487,6P58RR7G+462V,891.7,38.7,False
06b5000000000031f090,5.4453125,HIGH,1,0.8870999813079834,6P58RRF7+9QH9,892.0,289.3,False
06b5000000000032c409,6.546875,HIGH,1,0.7892000079154968,6P58RR7H+M226,892.1,120.3,False
06b500000000000433f1,5.3203125,HIGH,1,0.7985000014305115,6P58RR7G+CPQF,892.3,73.8,False
06b500000000002ca752,6.9453125,HIGH,1,0.8467000126838684,6P58RRG8+8C84,892.4,300.0,False
06b5000000000016d495,,NO_HEIGHT,0,0.6883999705314636,6P58RR79+54X7,892.4,40.7,False
06b50000000000057a25,,NO_HEIGHT,0,0.8712999820709229,6P58RR7G+7F52,892.6,109.3,False
06b500000000003782a2,6.3828125,HIGH,1,0.8206999897956848,6P58RR7H+W762,892.7,141.8,False
06b500000000003f962a,7.1640625,HIGH,1,0.6636000275611877,6P58RR78+PCP9,892.7,79.6,False
06b50000000000246ddc,6.828125,HIGH,1,0.8159000277519226,6P58RRC7+8GM9,892.8,197.1,False
06b50000000000257625,10.6171875,HIGH,1,0.8068000078201294,6P58RR7G+HWF3,892.8,84.1,False
06b50000000000028230,,NO_HEIGHT,0,0.7214999794960022,6P58RRHC+677J,892.9,92.4,False
06b5000000000032290a,,NO_HEIGHT,0,0.7875000238418579,6P58RRCH+5XX7,893.0,27.0,False
06b50000000000057e00,5.5859375,HIGH,1,0.6823999881744385,6P58RR97+XG26,893.8,247.6,False
06b5000000000029663e,8.734375,HIGH,1,0.8312000036239624,6P58RR7G+FR83,893.9,401.4,False
06b500000000002f6a74,12.484375,HIGH,1,0.8281999826431274,6P58RR78+V787,893.9,259.8,False
06b50000000000101b8e,6.59375,HIGH,1,0.6891000270843506,6P58RRG9+XCG7,894.0,47.7,False
06b500000000002edb2c,8.2109375,HIGH,1,0.836899995803833,6P58RR6C+QF34,894.1,94.1,False
06b50000000000386bb7,,NO_HEIGHT,0,0.6732000112533569,6P58RR7G+7HCR,894.1,134.4,False
06b500000000001be8d5,3.53125,HIGH,1,0.8572999835014343,6P58RRG8+25VH,894.2,440.4,False
06b5000000000001d403,5.46875,MEDIUM,1,0.7871000170707703,6P58RR7G+GV6J,894.3,65.2,False
06b50000000000279159,6.9375,HIGH,1,0.7662000060081482,6P58RR69+XGMC,894.3,116.2,False
06b50000000000243b2b,5.73046875,HIGH,1,0.6833999752998352,6P58RRG8+PX8J,894.4,14.3,False
06b5000000000008a410,3.8203125,HIGH,1,0.6639000177383423,6P58RR78+FPJ5,894.6,26.9,False
06b500000000001fe9e8,6.609375,HIGH,1,0.7279000282287598,6P58RR69+XGG9,895.1,113.8,False
06b500000000001711f7,4.8671875,HIGH,1,0.6787999868392944,6P58RR69+XH3X,895.2,88.9,False
06b5000000000003ad5b,4.5703125,HIGH,1,0.6747000217437744,6P58RR97+WG25,895.3,34.3,False
06b5000000000026bed5,6.9375,HIGH,1,0.8300999999046326,6P58RR78+CPJ5,895.5,379.8,False
06b5000000000001de7e,7.6640625,HIGH,1,0.7681000232696533,6P58RR6C+Q6CV,895.6,120.3,False
06b500000000000f3ea5,14.921875,HIGH,1,0.7148000001907349,6P58RR7G+9MQ7,895.7,58.7,False
06b50000000000044a9e,5.2421875,HIGH,1,0.8133999705314636,6P58RR78+MF82,895.7,124.9,False
06b50000000000362262,6.40625,HIGH,1,0.83160001039505,6P58RRG9+R323,895.9,151.5,False
06b500000000003bab4e,6.7265625,HIGH,1,0.8220000267028809,6P58RR8H+3C64,896.0,405.2,False
06b500000000003827fd,3.6796875,HIGH,1,0.8708000183105469,6P58RRC7+9GWV,896.0,70.1,False
06b500000000002546f5,5.6015625,HIGH,1,0.8083999752998352,6P58RRG8+JQ2F,896.2,151.3,False
06b500000000000b22a7,7.90625,HIGH,1,0.7595000267028809,6P58RR79+2C4Q,896.6,219.5,False
06b500000000003a6406,3.359375,HIGH,1,0.847100019454956,6P58RRH9+4RPC,896.6,56.6,False
06b5000000000034c063,4.625,HIGH,1,0.8091999888420105,6P58RRC7+FG43,896.8,105.8,False
06b5000000000000f216,9.7890625,HIGH,1,0.7178000211715698,6P58RR6C+PRVG,896.8,66.6,False
06b500000000002981d8,4.4453125,HIGH,1,0.6937000155448914,6P58RR78+FMGV,897.2,111.3,False
06b500000000001094da,5.140625,HIGH,1,0.8659999966621399,6P58RRC7+FGVV,897.6,186.3,False
06b500000000001f4fc9,6.734375,HIGH,1,0.7627000212669373,6P58RR78+MCQ8,897.7,178.3,False
06b50000000000322343,6.265625,HIGH,1,0.7786999940872192,6P58RR7H+M3RG,897.7,45.4,False
06b50000000000277827,4.5078125,HIGH,1,0.6600000262260437,6P58RRC7+GG5V,898.0,34.6,False
06b500000000001bac60,3.2734375,HIGH,1,0.7782999873161316,6P58RRF7+FR3H,898.1,123.3,False
06b500000000001494c0,7.953125,HIGH,1,0.6833999752998352,6P58RR87+HRP6,898.1,18.5,False
06b500000000000a3347,7.5703125,HIGH,1,0.8622000217437744,6P58RR6C+P8XM,898.2,147.8,False
06b50000000000063217,5.3515625,HIGH,1,0.7702000141143799,6P58RRG8+PW86,898.3,44.0,False
06b500000000001bd281,7.4296875,HIGH,1,0.8518000245094299,6P58RR6C+PVMP,898.3,203.2,False
06b50000000000339c1d,10.15625,HIGH,1,0.7419999837875366,6P58RR7G+CP56,898.6,70.0,False
06b50000000000110d01,38.1171875,HIGH,1,0.7405999898910522,6P58RR79+2967,898.8,325.7,False
06b5000000000003a80c,5.96875,HIGH,1,0.7531999945640564,6P58RR7H+Q4HM,898.8,40.7,False
06b5000000000017ce61,,NO_HEIGHT,0,0.6549999713897705,6P58RRHC+65F5,899.0,58.5,False
06b500000000000dbba0,10.7578125,HIGH,1,0.8378999829292297,6P58RRC7+4F5X,899.1,82.2,False
06b5000000000006f72d,43.76802884615385,HIGH,1,0.7497000098228455,6P58RR7G+268P,899.1,992.2,False
06b500000000000a3712,3.953125,HIGH,1,0.8468000292778015,6P58RRF7+6PFR,899.4,141.3,False
06b50000000000033e7f,6.140625,MEDIUM,1,0.6534000039100647,6P58RR9H+4WR7,899.4,32.1,False
06b500000000004100d2,6.9800478497164455,HIGH,1,0.8661999702453613,6P58RR9H+5X7R,899.5,1254.2,False
06b50000000000155b2b,16.5859375,MEDIUM,1,0.8823000192642212,6P58RRF8+X4P9,899.6,164.6,False
06b5000000000014c50b,5.203125,LOW,1,0.7727000117301941,6P58RRG9+R4WP,899.7,58.9,False
06b500000000003bf305,,NO_HEIGHT,0,0.7246999740600586,6P58RRHC+634G,900.1,29.5,False
06b5000000000005f7fb,4.0546875,MEDIUM,1,0.7311000227928162,6P58RR8H+9H47,900.2,72.9,False
06b500000000003ffcbb,5.0,HIGH,1,0.8702999949455261,6P58RR97+RFRC,900.2,538.4,False
06b5000000000014cbe5,7.71875,HIGH,1,0.9379000067710876,6P58RRHC+8GP6,900.3,842.2,False
06b5000000000032e4d0,5.0078125,MEDIUM,1,0.7706000208854675,6P58RR78+R7HV,900.6,114.8,False
06b5000000000038362f,3.9453125,HIGH,1,0.857200026512146,6P58RR9J+P3C9,900.7,421.5,False
06b5000000000034cd8d,7.2109375,HIGH,1,0.7879999876022339,6P58RRG9+X9VX,900.7,201.3,False
06b500000000000a6f13,5.0546875,HIGH,1,0.7174999713897705,6P58RR8H+7GQF,900.8,97.4,False
06b5000000000039fc22,9.21875,HIGH,1,0.7394000291824341,6P58RR6C+Q5PJ,900.9,33.1,False
06b50000000000161814,4.3828125,HIGH,1,0.8711000084877014,6P58RRC7+PGG3,900.9,413.6,False
06b5000000000002f05c,5.765625,HIGH,1,0.8312000036239624,6P58RR6F+VRVR,901.2,128.9,False
06b500000000003529f8,4.09375,HIGH,1,0.7231000065803528,6P58RRC7+RH48,901.3,64.1,False
06b50000000000133281,21.2109375,HIGH,1,0.7315000295639038,6P58RR7G+GVQ3,901.3,12.0,False
06b500000000001ed1a5,6.65625,HIGH,1,0.8881000280380249,6P58RRHC+7QR7,901.4,235.4,False
06b5000000000002dd22,5.4765625,LOW,1,0.7099999785423279,6P58RR6C+PHQ4,901.7,67.0,False
06b50000000000356600,7.3359375,HIGH,1,0.7925999760627747,6P58RR69+QWXV,901.8,256.1,False
06b5000000000019e4c3,6.8984375,HIGH,1,0.6733999848365784,6P58RR7H+Q5V5,901.8,25.3,False
06b500000000003d069f,37.765625,HIGH,1,0.6696000099182129,6P58RR7G+37VX,902.0,46.1,False
06b5000000000031de01,3.671875,LOW,1,0.7250999808311462,6P58RRH9+5XW3,902.2,34.2,False
06b5000000000001dc83,3.75,HIGH,1,0.7480000257492065,6P58RR6C+Q6H5,902.3,58.2,False
06b5000000000020dd26,3.828125,LOW,1,0.7846999764442444,6P58RRC7+VJJC,902.3,45.0,False
06b500000000000d0205,5.765625,HIGH,1,0.7878000140190125,6P58RRC7+8FCM,902.3,596.9,False
06b50000000000384226,3.546875,HIGH,1,0.767300009727478,6P58RRG8+JM9V,902.3,490.7,False
06b500000000002992a4,3.9453125,MEDIUM,1,0.6514999866485596,6P58RR6C+Q782,902.4,21.4,False
06b500000000000847e6,3.3671875,LOW,1,0.7523999810218811,6P58RRHF+727H,902.6,17.8,False
06b500000000002948b2,22.28125,HIGH,1,0.6902999877929688,6P58RR7G+9PM4,902.7,35.1,False
06b5000000000036464d,6.0,HIGH,1,0.8184999823570251,6P58RR7H+W8JQ,902.8,84.9,False
06b50000000000232e20,,NO_HEIGHT,0,0.678600013256073,6P58RRF8+V3P7,902.8,7.4,False
06b5000000000025789d,,NO_HEIGHT,0,0.6697999835014343,6P58RRHC+625M,903.0,48.2,False
06b5000000000025c0c0,,NO_HEIGHT,0,0.6891000270843506,6P58RRHC+65V7,903.1,157.9,False
06b5000000000016f07d,5.6640625,HIGH,1,0.8661999702453613,6P58RRF7+GQ55,903.3,260.5,False
06b5000000000040c8fd,3.4140625,LOW,1,0.7110999822616577,6P58RRHF+4QJ2,903.3,52.3,False
06b50000000000110d0a,7.0078125,HIGH,1,0.8198000192642212,6P58RR8H+FM3P,903.3,123.1,False
06b500000000001f4f50,3.296875,HIGH,1,0.7541999816894531,6P58RRC7+JGQC,903.5,39.2,False
06b500000000001a04aa,6.0,HIGH,1,0.8382999897003174,6P58RRG9+Q2VX,903.6,61.8,False
06b500000000002762c4,7.15625,HIGH,1,0.7639999985694885,6P58RR8H+298M,903.6,153.1,False
06b50000000000200612,5.546875,HIGH,1,0.7221999764442444,6P58RR7H+Q5FG,903.7,57.7,False
06b5000000000000fc3b,5.78125,HIGH,1,0.8418999910354614,6P58RR6C+Q47X,903.7,178.5,False
06b500000000001ec772,37.40625,HIGH,1,0.6692000031471252,6P58RR7G+GWC7,903.8,19.3,False
06b5000000000009284d,4.65625,HIGH,1,0.7753999829292297,6P58RRG8+PWPW,903.8,51.4,False
06b500000000003afc85,5.828125,HIGH,1,0.7354000210762024,6P58RR7H+J3RM,903.9,78.4,False
06b5000000000025f4ca,6.890625,HIGH,1,0.7366999983787537,6P58RR8H+6GFF,904.0,78.9,False
06b500000000002fac7c,7.0,HIGH,1,0.8569999933242798,6P58RRC7+6FVQ,904.2,234.0,False
06b50000000000039a27,15.6484375,HIGH,1,0.8834999799728394,6P58RR8H+MQ5F,904.3,656.5,False
06b50000000000237427,43.40625,HIGH,1,0.727400004863739,6P58RR7G+37XH,904.4,82.3,False
06b500000000003713c9,3.578125,HIGH,1,0.8252000212669373,6P58RRC7+HFH2,904.4,180.0,False
06b50000000000126b07,6.1953125,HIGH,1,0.8813999891281128,6P58RR8H+9JF7,904.4,182.6,False
06b500000000001271e5,8.2890625,HIGH,1,0.8148000240325928,6P58RR69+XFM8,904.6,45.6,False
06b50000000000371c62,5.390625,HIGH,1,0.7730000019073486,6P58RRC7+CF5Q,904.7,72.4,False
06b500000000001fab4f,10.5703125,HIGH,1,0.8583999872207642,6P58RR79+282P,904.8,418.7,False
06b500000000000436d6,5.6484375,HIGH,1,0.6962000131607056,6P58RR7H+M3QR,904.8,36.5,False
06b500000000002421b3,6.6875,HIGH,1,0.7864000201225281,6P58RRG9+V4F4,905.0,189.8,False
06b50000000000070dc2,,NO_HEIGHT,0,0.7997999787330627,6P58RR7G+6GX8,905.1,56.0,False
06b500000000000a0141,7.578125,HIGH,1,0.7358999848365784,6P58RR69+XFG9,905.3,28.0,False
06b500000000000c713b,,NO_HEIGHT,0,0.7414000034332275,6P58RRCH+QX6M,905.5,30.8,False
06b500000000003b6026,3.4921875,LOW,1,0.6976000070571899,6P58RRC7+XJ29,905.5,32.8,False
06b5000000000017241d,6.3671875,HIGH,1,0.8982999920845032,6P58RRF7+9QRJ,905.5,341.6,False
06b500000000002ddb31,13.421875,HIGH,1,0.6518999934196472,6P58RR8H+JPQ7,905.6,41.9,False
06b500000000000e2a63,,NO_HEIGHT,0,0.7365999817848206,6P58RR79+53MQ,905.6,15.2,False
06b5000000000026cc43,7.109375,HIGH,1,0.7896000146865845,6P58RR87+GR6J,905.6,182.4,False
06b5000000000034833c,6.1015625,HIGH,1,0.8313999772071838,6P58RR7H+R68C,905.7,124.2,False
06b500000000003bfac1,17.875,HIGH,1,0.7840999960899353,6P58RR88+52RC,905.8,97.5,False
06b500000000000904fd,5.328125,HIGH,1,0.6607999801635742,6P58RRG8+463C,905.8,62.7,False
06b500000000001ae5e0,4.3046875,HIGH,1,0.772599995136261,6P58RR8H+7HFC,905.9,137.8,False
06b50000000000076bf0,6.4453125,HIGH,1,0.7418000102043152,6P58RR7H+W79H,906.1,28.1,False
06b500000000001979a9,6.921875,HIGH,1,0.8391000032424927,6P58RRG8+GHG4,906.1,246.7,False
06b500000000002bfcfa,5.5,HIGH,1,0.8374000191688538,6P58RRC7+QHJJ,906.2,176.7,False
06b50000000000102d3d,4.5546875,HIGH,1,0.7980999946594238,6P58RRC7+2F7H,906.4,38.4,False
06b500000000002fefa2,3.78125,HIGH,1,0.6884999871253967,6P58RRF7+QXX2,906.7,35.4,False
06b5000000000029ba77,3.453125,LOW,1,0.7555999755859375,6P58RRG8+QXF8,906.7,28.7,False
06b500000000001d7743,81.6953125,HIGH,1,0.8090000152587891,6P58RR7G+FXCP,906.8,627.0,False
06b500000000000e75ef,6.0390625,HIGH,1,0.7267000079154968,6P58RR97+XFM4,906.8,31.6,False
06b500000000003cf6c2,5.7578125,HIGH,1,0.7279000282287598,6P58RRC7+FG62,906.9,14.6,False
06b500000000003fbc3c,7.484375,HIGH,1,0.7160999774932861,6P58RR79+36GJ,907.0,111.7,False
06b500000000002f99bb,4.375,HIGH,1,0.725600004196167,6P58RR6C+P6XR,907.0,73.5,False
06b5000000000026b91b,8.25,HIGH,1,0.8733000159263611,6P58RR8H+GPFF,907.4,207.3,False
06b50000000000055a0d,3.28125,HIGH,1,0.8705000281333923,6P58RRHC+78GF,907.8,52.8,False
06b5000000000017f99b,7.5,HIGH,1,0.892300009727478,6P58RRF7+MVWC,907.8,597.9,False
06b5000000000037ff89,8.8203125,HIGH,1,0.786899983882904,6P58RRC7+4F2X,908.1,141.5,False
06b5000000000004a596,3.8515625,HIGH,1,0.8772000074386597,6P58RR7G+8QGQ,908.2,754.5,False
06b500000000001d70f6,7.2890625,HIGH,1,0.8363000154495239,6P58RRH9+6W46,908.2,66.7,False
06b500000000002c0491,5.4921875,HIGH,1,0.8319000005722046,6P58RR8H+5GCM,908.4,69.6,False
06b5000000000014f7a6,7.546875,HIGH,1,0.7976999878883362,6P58RR7H+V7Q2,908.5,62.9,False
06b500000000002171e1,6.6484375,HIGH,1,0.7530999779701233,6P58RR6F+VR8G,908.5,324.4,False
06b5000000000003e0d8,6.5,HIGH,1,0.8133000135421753,6P58RR78+MCFC,908.6,66.1,False
06b500000000003e58d5,5.828125,HIGH,1,0.691100001335144,6P58RR7H+P4QX,908.7,15.2,False
06b500000000000e8c9f,3.984375,HIGH,1,0.9108999967575073,6P58RRHC+8W2J,908.8,456.0,False
06b50000000000142b21,8.5390625,HIGH,1,0.8579000234603882,6P58RR6C+Q388,908.8,122.6,False
06b5000000000023d095,5.984375,HIGH,1,0.6876000165939331,6P58RR7H+P5VV,908.8,16.2,False
06b500000000003883b7,7.796875,HIGH,1,0.9251999855041504,6P58RRG8+453C,909.1,379.2,False
06b50000000000378c2b,6.546875,HIGH,1,0.833899974822998,6P58RR8H+4F7X,909.1,95.8,False
06b5000000000006f9c6,7.1484375,HIGH,1,0.8511999845504761,6P58RR6C+Q544,909.1,68.1,False
06b50000000000382a3e,11.6171875,HIGH,1,0.7926999926567078,6P58RR78+P8F4,909.2,477.9,False
06b50000000000337e71,7.5546875,HIGH,1,0.8177000284194946,6P58RRC7+5F32,909.6,29.9,False
06b5000000000015cd74,5.765625,HIGH,1,0.8521000146865845,6P58RRG8+RXG9,909.6,229.5,False
06b500000000000db991,4.1953125,MEDIUM,1,0.7731000185012817,6P58RR9J+C2C6,909.9,25.9,False
06b50000000000138f16,6.4765625,HIGH,1,0.8093000054359436,6P58RR7H+M34Q,910.2,48.0,False
06b500000000001f0436,,NO_HEIGHT,0,0.8252000212669373,6P58RRGG+FWQG,910.4,31.2,False
06b5000000000028abd1,6.0625,HIGH,1,0.8105000257492065,6P58RR8H+2C9M,910.4,429.7,False
06b500000000002a6e3e,5.03125,HIGH,1,0.8223999738693237,6P58RR87+PPR7,910.5,29.0,False
06b50000000000382949,5.3203125,HIGH,1,0.7311000227928162,6P58RR97+XFJP,910.6,29.1,False
06b5000000000032f855,4.1328125,HIGH,1,0.7833999991416931,6P58RRHC+8867,910.7,419.7,False
06b5000000000038e55c,9.2578125,HIGH,1,0.8125,6P58RR69+RJP4,910.7,732.8,False
06b5000000000010972a,2.7578125,HIGH,1,0.8501999974250793,6P58RRHC+77P7,910.7,90.1,False
06b500000000003d3bfd,3.65625,HIGH,1,0.8651999831199646,6P58RR9J+H297,910.8,210.8,False
06b50000000000196913,5.0234375,HIGH,1,0.6941999793052673,6P58RR8H+6GH2,910.9,37.8,False
06b50000000000378364,6.0234375,HIGH,1,0.786899983882904,6P58RR8H+CM7V,910.9,91.3,False
06b5000000000018507b,6.4765625,HIGH,1,0.6510999798774719,6P58RR7H+M3HG,911.1,6.5,False
06b50000000000244726,9.421875,HIGH,1,0.9035000205039978,6P58RR6C+JMHH,911.2,469.2,False
06b5000000000002a617,6.5546875,HIGH,1,0.6690999865531921,6P58RRHC+8Q87,911.3,40.7,False
06b50000000000244130,4.1953125,MEDIUM,1,0.7287999987602234,6P58RR7G+7JG2,911.4,38.7,False
06b500000000001ff791,5.5390625,HIGH,1,0.7351999878883362,6P58RR7H+P49P,911.5,24.5,False
06b500000000002af18e,6.1640625,HIGH,1,0.8294000029563904,6P58RR7H+V748,911.5,84.3,False
06b5000000000032b3fe,2.6953125,LOW,1,0.7350999712944031,6P58RRC7+VH6Q,911.6,29.1,False
06b500000000000a2fdd,10.7265625,HIGH,1,0.8716999888420105,6P58RR6C+MMC8,911.6,181.3,False
06b50000000000206f1c,8.1640625,HIGH,1,0.8118000030517578,6P58RR6C+Q293,911.6,154.8,False
06b5000000000035899b,5.171875,HIGH,1,0.8855000138282776,6P58RRC7+WHR7,911.7,300.8,False
06b500000000000f5fd6,6.1640625,HIGH,1,0.7795000076293945,6P58RR7H+P5M2,912.0,31.9,False
06b50000000000102e6f,4.34375,HIGH,1,0.86080002784729,6P58RRC7+FFVM,912.0,216.2,False
06b500000000000f7d23,3.9375,HIGH,1,0.8504999876022339,6P58RRF7+FQ7F,912.0,122.6,False
06b500000000000ac03d,7.421875,LOW,1,0.7214999794960022,6P58RR78+R7CM,912.6,52.1,False
06b50000000000275685,7.7734375,HIGH,1,0.8212000131607056,6P58RR7H+W897,912.7,104.9,False
06b500000000000fa397,3.0078125,MEDIUM,1,0.7013000249862671,6P58RRC7+VHMM,912.7,29.3,False
06b5000000000001ed24,9.34375,HIGH,1,0.8622000217437744,6P58RR6C+MQM8,912.8,222.8,False
06b500000000001735d4,6.6484375,HIGH,1,0.8091999888420105,6P58RRG9+V3F2,912.9,116.8,False
06b50000000000395e49,11.15625,LOW_RELAXED,1,0.7425000071525574,6P58RR88+42RP,913.0,47.0,False
06b50000000000316a93,4.1171875,LOW,1,0.6726999878883362,6P58RRF7+3JMQ,913.1,37.6,False
06b500000000001a7319,4.125,LOW,1,0.7135999798774719,6P58RR6C+P8CM,913.1,15.6,False
06b50000000000147d18,5.8984375,HIGH,1,0.7430999875068665,6P58RR69+WH34,913.2,53.8,False
06b500000000003fbe4d,43.40625,HIGH,1,0.7735000252723694,6P58RR7G+27X4,913.2,123.7,False
06b5000000000024695d,6.21875,HIGH,1,0.8266000151634216,6P58RR69+WG9J,913.2,60.8,False
06b50000000000248e7b,8.609375,HIGH,1,0.8098999857902527,6P58RR7H+H22H,913.4,121.9,False
06b50000000000123452,5.8515625,MEDIUM,1,0.8133000135421753,6P58RR69+RV64,913.4,46.7,False
06b5000000000040eabf,10.34375,HIGH,1,0.9233999848365784,6P58RR8H+9M37,913.5,296.7,False
06b50000000000368745,4.1015625,HIGH,1,0.6884999871253967,6P58RRF7+3J2G,913.6,83.2,False
06b500000000001cf437,3.8203125,LOW,1,0.6726999878883362,6P58RR7H+X9P2,913.8,9.7,False
06b500000000000ece02,6.96875,HIGH,1,0.6557999849319458,6P58RR69+WGFX,914.1,24.1,False
06b5000000000003dc4c,4.171875,HIGH,1,0.7267000079154968,6P58RRC7+MG6J,914.2,95.1,False
06b5000000000007a6d4,5.546875,HIGH,1,0.8781999945640564,6P58RRC7+XHRF,914.3,319.9,False
06b500000000001891fd,5.78125,HIGH,1,0.7271000146865845,6P58RRC7+6CQP,914.4,123.2,False
06b5000000000007b28c,10.03125,HIGH,1,0.8873000144958496,6P58RR6C+MVFM,914.5,218.8,False
06b500000000002d06b7,5.9375,HIGH,1,0.7354999780654907,6P58RR69+WGJG,914.6,17.4,False
06b5000000000005bfaf,6.53125,HIGH,1,0.7469000220298767,6P58RR7H+Q6M4,914.7,26.6,False
06b500000000002342ba,6.5703125,HIGH,1,0.8295999765396118,6P58RR8H+4F98,914.8,100.7,False
06b500000000002ef7a2,5.2109375,MEDIUM,1,0.7080000042915344,6P58RR7H+J3PG,914.8,23.9,False
06b5000000000038d256,7.1875,HIGH,1,0.77920001745224,6P58RR78+HFF8,914.9,104.6,False
06b500000000002dea2d,73.75,HIGH,1,0.6575999855995178,6P58RR7G+CVGV,915.1,173.8,False
06b5000000000009c753,6.5,HIGH,1,0.772599995136261,6P58RR78+8Q92,915.2,155.8,False
06b5000000000002a5c8,12.109375,HIGH,1,0.7634000182151794,6P58RR69+WCQ9,915.2,239.2,False
06b50000000000044196,5.3203125,HIGH,1,0.7641000151634216,6P58RRC7+2C4P,915.4,125.7,False
06b50000000000305469,8.421875,HIGH,1,0.7724999785423279,6P58RR7H+H2Q5,915.4,119.1,False
06b50000000000210de1,5.8984375,HIGH,1,0.826200008392334,6P58RR7H+M4QV,915.6,33.3,False
06b5000000000020f681,11.5703125,HIGH,1,0.8582000136375427,6P58RR9J+22J6,915.6,812.3,False
06b50000000000089406,4.7578125,HIGH,1,0.8385999798774719,6P58RRC7+QGJC,916.3,295.8,False
06b500000000004093bd,17.03125,HIGH,1,0.6938999891281128,6P58RR7G+39GV,916.4,112.9,False
06b5000000000013bb84,3.90625,MEDIUM,1,0.7031000256538391,6P58RRC7+GFPF,916.5,11.7,False
06b500000000002a78ef,9.6875,HIGH,1,0.7757999897003174,6P58RR6G+X435,916.6,106.4,False
06b500000000003d6256,9.1796875,HIGH,1,0.8938999772071838,6P58RRF7+MQFJ,916.9,1091.1,False
06b50000000000248c84,4.2890625,MEDIUM,1,0.7533000111579895,6P58RR6C+P5M7,917.2,36.1,False
06b50000000000044fcc,2.8515625,LOW,1,0.6823999881744385,6P58RR8H+6HMQ,917.3,22.3,False
06b5000000000021896a,5.9140625,HIGH,1,0.6747000217437744,6P58RR97+XC4C,917.3,65.2,False
06b5000000000008365d,3.1953125,HIGH,1,0.7095000147819519,6P58RR97+WCP3,917.4,27.6,False
06b50000000000064a6b,4.9921875,MEDIUM,1,0.7264999747276306,6P58RRGG+HVPF,917.5,86.4,False
06b500000000001a0945,6.21875,HIGH,1,0.9038000106811523,6P58RRF7+4HQC,917.5,388.0,False
06b500000000000e8c21,5.4921875,HIGH,1,0.7918000221252441,6P58RR8H+5H67,917.6,196.2,False
06b500000000002f0113,11.140625,HIGH,1,0.8208000063896179,6P58RR78+M8FH,917.7,253.5,False
06b50000000000275a7a,4.1875,HIGH,1,0.808899998664856,6P58RRG8+PQ5F,917.9,44.4,False
06b5000000000012798d,6.953125,HIGH,1,0.8830000162124634,6P58RR7H+J4MR,917.9,71.7,False
06b500000000001c84ea,7.9921875,HIGH,1,0.8906999826431274,6P58RR8H+GQ6W,918.1,211.9,False
06b500000000000370d6,6.5078125,HIGH,1,0.8608999848365784,6P58RR7H+Q7CR,918.3,112.1,False
06b500000000002fe2fe,5.40625,HIGH,1,0.8194000124931335,6P58RR78+X3Q7,918.4,148.2,False
06b5000000000006606b,4.484375,HIGH,1,0.8417999744415283,6P58RR8H+FQ2R,918.5,179.0,False
06b50000000000180ace,5.03125,HIGH,1,0.7379999756813049,6P58RR7H+R8RW,918.5,74.4,False
06b500000000001f8b3c,5.515625,HIGH,1,0.7871999740600586,6P58RRG9+W4XH,918.6,117.5,False
06b500000000000a9546,5.5,HIGH,1,0.6809999942779541,6P58RR7H+P59W,918.8,52.9,False
06b500000000000af85b,6.7421875,HIGH,1,0.7577999830245972,6P58RR78+J9W5,919.0,100.5,False
06b5000000000008f2eb,9.1796875,LOW,1,0.727400004863739,6P58RR88+3253,919.0,44.5,False
06b50000000000165a15,5.5703125,MEDIUM,1,0.6690999865531921,6P58RR6C+P4P7,919.1,27.9,False
06b500000000002ced2c,13.96875,HIGH,1,0.701200008392334,6P58RR6G+X5CF,919.1,38.4,False
06b5000000000026c2bc,3.0859375,MEDIUM,1,0.6550999879837036,6P58RRC7+VGX3,919.1,37.7,False
06b500000000002b5a8b,4.8125,MEDIUM,1,0.7585999965667725,6P58RRC7+8C45,919.4,36.4,False
06b500000000002fa715,4.4375,LOW,1,0.6599000096321106,6P58RRC7+5CW3,919.6,27.4,False
06b50000000000197023,4.0859375,HIGH,1,0.832099974155426,6P58RRC7+JFFQ,919.6,122.8,False
06b5000000000013eb96,2.5703125,MEDIUM,1,0.6546000242233276,6P58RR9J+G3J5,919.6,23.8,False
06b5000000000023b537,5.0390625,HIGH,1,0.8335000276565552,6P58RR69+QR9W,919.8,247.4,False
06b50000000000310d82,3.9140625,MEDIUM,1,0.7217000126838684,6P58RR69+WG2M,920.1,30.6,False
06b500000000003372c5,9.2734375,HIGH,1,0.8201000094413757,6P58RR78+HC9M,920.2,198.0,False
06b500000000000f090b,4.3828125,HIGH,1,0.7621999979019165,6P58RR8H+3F9F,920.3,114.8,False
06b50000000000230ee9,4.1328125,MEDIUM,1,0.6672999858856201,6P58RR97+WC7P,920.3,37.6,False
06b500000000003613b5,7.21875,HIGH,1,0.8691999912261963,6P58RR8H+CP5J,920.5,461.9,False
06b500000000002434c0,17.7578125,HIGH,1,0.9174000024795532,6P58RR6G+X9JR,920.6,944.1,False
06b5000000000027b863,6.21875,HIGH,1,0.7590000033378601,6P58RRG8+24RC,920.6,55.2,False
06b500000000001f2332,7.3203125,HIGH,1,0.8761000037193298,6P58RRG9+W3GC,920.6,216.8,False
06b500000000003df7ca,4.078125,HIGH,1,0.788100004196167,6P58RRC7+GFRH,920.8,42.1,False
06b50000000000197f1c,5.1640625,HIGH,1,0.7943000197410583,6P58RRF7+3H8P,920.9,106.3,False
06b500000000001a6100,5.875,HIGH,1,0.8313999772071838,6P58RRG8+QR9M,921.3,125.8,False
06b50000000000294d58,6.5078125,HIGH,1,0.7282999753952026,6P58RRG9+V2X2,921.4,74.8,False
06b500000000000cbe3d,6.7578125,HIGH,1,0.6912000179290771,6P58RR7H+M44H,921.4,34.5,False
06b500000000003f3c18,17.2890625,MEDIUM,1,0.6712999939918518,6P58RR69+VGVM,921.6,21.4,False
06b50000000000241797,4.375,MEDIUM,1,0.6832000017166138,6P58RRG8+QVGG,921.6,27.8,False
06b500000000001b4f77,7.015625,HIGH,1,0.7892000079154968,6P58RR6C+JHR6,921.7,408.2,False
06b500000000001bc171,9.671875,HIGH,1,0.7261000275611877,6P58RR7H+V9VV,921.7,104.7,False
06b5000000000005af46,2.8671875,LOW,1,0.6872000098228455,6P58RRC7+VGG8,922.0,12.5,False
06b5000000000020343a,10.4140625,HIGH,1,0.7623000144958496,6P58RR7G+4C42,922.0,42.5,False
06b5000000000029464b,9.1640625,HIGH,1,0.7178999781608582,6P58RR7H+G2QW,922.3,151.2,False
06b500000000000151ef,5.21875,HIGH,1,0.6919999718666077,6P58RRG8+JMW4,922.4,47.2,False
06b5000000000002e150,5.3828125,HIGH,1,0.7936000227928162,6P58RR7H+M5PH,922.4,124.0,False
06b50000000000328ab5,,NO_HEIGHT,0,0.7727000117301941,6P58RR8H+6HX5,922.4,20.2,False
06b5000000000018708a,6.109375,HIGH,1,0.9041000008583069,6P58RRF7+PR8C,922.6,485.9,False
06b50000000000232690,3.859375,HIGH,1,0.7976999878883362,6P58RRC7+PFX6,922.7,62.2,False
06b5000000000033702d,10.765625,HIGH,1,0.7506999969482422,6P58RR69+VGP8,922.8,45.9,False
06b500000000001115f5,4.7421875,HIGH,1,0.7325000166893005,6P58RRC7+MF8V,922.9,38.1,False
06b5000000000036d486,5.6875,HIGH,1,0.8862000107765198,6P58RRF7+5HWH,923.0,309.2,False
06b5000000000010be89,4.65625,HIGH,1,0.6908000111579895,6P58RRF7+CP3P,923.0,11.6,False
06b5000000000017fc28,6.4140625,HIGH,1,0.774399995803833,6P58RR6C+MF35,923.4,109.5,False
06b500000000002b41d2,4.0625,HIGH,1,0.8902000188827515,6P58RRG8+JJ3J,923.6,158.1,False
06b500000000003dc79f,7.9140625,HIGH,1,0.8015000224113464,6P58RR6G+W5R4,923.7,135.9,False
06b50000000000378956,6.15625,LOW,1,0.7573000192642212,6P58RR6G+V2RP,923.8,16.7,False
06b5000000000020aabc,5.0,HIGH,1,0.8228999972343445,6P58RRG8+RVH4,923.9,148.2,False
06b500000000003070ca,6.4296875,HIGH,1,0.7418000102043152,6P58RRG8+3399,924.0,47.5,False
06b50000000000267d60,5.375,HIGH,1,0.8655999898910522,6P58RR78+V5FG,924.0,164.2,False
06b500000000003eda8d,7.578125,HIGH,1,0.7831000089645386,6P58RRH9+7W4P,924.1,23.5,False
06b50000000000219afe,10.734375,HIGH,1,0.7398999929428101,6P58RR78+GF84,924.2,198.7,False
06b500000000001d390f,5.4765625,LOW,1,0.6560999751091003,6P58RRF7+VXQR,924.3,10.4,False
06b50000000000385ad8,6.5546875,HIGH,1,0.8173999786376953,6P58RR7H+R8GR,924.3,81.3,False
06b50000000000375918,9.0234375,HIGH,1,0.7879999876022339,6P58RR78+7Q6H,924.4,161.2,False
06b5000000000017487f,,NO_HEIGHT,0,0.6823999881744385,6P58RRHF+6P7P,924.5,21.9,False
06b500000000002c27d4,8.265625,HIGH,1,0.8834999799728394,6P58RRHC+9WH4,924.6,295.9,False
06b500000000001fab21,3.1171875,HIGH,1,0.8492000102996826,6P58RRC7+C95P,924.6,208.7,False
06b50000000000195c18,6.5390625,HIGH,1,0.7824000120162964,6P58RR7H+M52V,924.6,25.0,False
06b500000000000cfceb,6.75,HIGH,1,0.8805999755859375,6P58RR6C+M937,924.7,266.8,False
06b5000000000028e39c,6.3203125,HIGH,1,0.7178000211715698,6P58RR8H+3GVV,924.7,32.7,False
06b5000000000006bac5,4.8828125,HIGH,1,0.6934000253677368,6P58RR79+34C7,924.7,63.3,False
06b50000000000120604,4.8359375,HIGH,1,0.8199999928474426,6P58RRC7+F955,925.1,383.1,False
06b500000000000c5954,3.203125,HIGH,1,0.7534999847412109,6P58RRC7+VGJQ,925.2,102.8,False
06b5000000000012ac20,5.65625,LOW,1,0.7674999833106995,6P58RR69+W9QP,925.2,21.7,False
06b500000000001ca2d6,5.125,HIGH,1,0.6563000082969666,6P58RRC7+2C6P,925.2,20.9,False
06b500000000001e9ed7,7.0,HIGH,1,0.7954999804496765,6P58RR7H+J4GH,925.3,64.0,False
06b50000000000333b9d,5.578125,HIGH,1,0.7847999930381775,6P58RR7H+R867,925.7,31.8,False
06b500000000001698d2,4.1796875,MEDIUM,1,0.7768999934196472,6P58RR69+PXR5,925.7,32.3,False
06b5000000000010a768,9.765625,HIGH,1,0.6514999866485596,6P58RR6F+RWRG,925.7,38.8,False
06b500000000002f5b19,7.234375,HIGH,1,0.7800999879837036,6P58RR6C+M83G,925.8,176.5,False
06b500000000002e909c,13.4765625,HIGH,1,0.8144000172615051,6P58RR69+RGHF,925.9,533.1,False
06b500000000002daf18,6.0546875,HIGH,1,0.8550000190734863,6P58RRC7+F9XX,926.1,276.1,False
06b5000000000006cb08,8.3359375,HIGH,1,0.7157999873161316,6P58RR69+VF2M,926.1,279.5,False
06b50000000000407765,5.890625,HIGH,1,0.7785000205039978,6P58RR69+W96W,926.3,159.3,False
06b50000000000250319,5.453125,HIGH,1,0.7843999862670898,6P58RR6C+H8WX,926.4,593.2,False
06b5000000000016649c,2.1875,LOW,1,0.6776999831199646,6P58RRH9+27F2,926.5,28.2,False
06b50000000000218d8d,5.96875,HIGH,1,0.8258000016212463,6P58RR6C+M55J,926.6,494.4,False
06b500000000003d6a45,4.4375,MEDIUM,1,0.755299985408783,6P58RRC7+59QW,926.7,55.5,False
06b50000000000255f6a,4.9609375,HIGH,1,0.6952000260353088,6P58RR6F+VXG5,926.9,39.5,False
06b5000000000033b1ae,3.296875,HIGH,1,0.7129999995231628,6P58RRC7+WG78,926.9,19.4,False
06b500000000000fb240,5.4453125,HIGH,1,0.7602999806404114,6P58RR97+X98R,926.9,249.4,False
06b500000000003af132,8.140625,HIGH,1,0.8292999863624573,6P58RRC7+GCFQ,927.0,73.6,False
06b50000000000171f6d,6.46875,HIGH,1,0.6535999774932861,6P58RRHC+9W66,927.0,13.2,False
06b50000000000179b55,8.3359375,HIGH,1,0.8776000142097473,6P58RRF7+WXJ9,927.1,363.0,False
06b500000000002cfb11,6.4375,HIGH,1,0.8884000182151794,6P58RRG9+X4HW,927.1,124.7,False
06b50000000000343e66,5.7734375,HIGH,1,0.7188000082969666,6P58RR78+M926,927.2,24.8,False
06b50000000000150cc7,,NO_HEIGHT,0,0.7578999996185303,6P58RRCJ+M36P,927.2,30.8,False
06b50000000000386b18,8.09375,HIGH,1,0.7946000099182129,6P58RR6C+JCV8,927.3,190.9,False
06b500000000001034f5,4.1796875,LOW,1,0.7071999907493591,6P58RR69+PWXG,927.4,11.9,False
06b5000000000039cc06,6.25,HIGH,1,0.7937999963760376,6P58RRC7+GCVH,927.4,68.4,False
06b500000000001cad31,9.609375,HIGH,1,0.8345000147819519,6P58RR78+7P4M,927.4,378.8,False
06b500000000000f8b0f,5.78125,HIGH,1,0.7479000091552734,6P58RRC7+29F4,927.6,143.9,False
06b50000000000220022,4.9921875,HIGH,1,0.7954000234603882,6P58RRC7+MCHJ,927.7,230.8,False
06b5000000000015f65c,7.671875,HIGH,1,0.9031999707221985,6P58RRG8+4395,927.7,215.7,False
06b50000000000134c8b,4.8828125,HIGH,1,0.8335000276565552,6P58RR79+24HM,927.8,181.1,False
06b500000000003f289b,6.984375,HIGH,1,0.7642999887466431,6P58RR6C+M73G,927.8,80.3,False
06b5000000000017059f,6.15625,HIGH,1,0.7494999766349792,6P58RRG9+X43F,927.9,49.8,False
06b50000000000079ab9,7.9921875,HIGH,1,0.7976999878883362,6P58RR6F+RW9P,927.9,369.8,False
06b50000000000222efd,9.203125,HIGH,1,0.7243000268936157,6P58RRF8+X2RX,928.0,227.3,False
06b5000000000030d111,3.75,HIGH,1,0.7218000292778015,6P58RR69+W7V3,928.1,115.2,False
06b500000000000ef53d,5.90625,HIGH,1,0.7645999789237976,6P58RRG8+PQM6,928.5,59.7,False
06b5000000000025f9ca,5.40625,HIGH,1,0.7024999856948853,6P58RR7H+M53H,928.5,29.4,False
06b5000000000039c593,4.6953125,HIGH,1,0.845300018787384,6P58RRF7+6JRJ,928.6,165.0,False
06b5000000000030c582,5.8125,HIGH,1,0.8560000061988831,6P58RR7H+R9RM,928.6,73.7,False
06b50000000000411417,5.7890625,HIGH,1,0.7667999863624573,6P58RRG9+W22Q,928.8,119.8,False
06b500000000003c5be8,50.5,LOW,1,0.6988000273704529,6P58RR7G+CWHP,928.9,110.0,False
06b500000000000e70bc,10.2265625,HIGH,1,0.7630000114440918,6P58RR78+6RRQ,928.9,50.8,False
06b50000000000260072,6.5,HIGH,1,0.86080002784729,6P58RR6C+M4P3,929.0,137.0,False
06b5000000000018c99a,5.40625,HIGH,1,0.8120999932289124,6P58RR7H+H4QR,929.2,100.9,False
06b500000000003230cd,5.375,HIGH,1,0.8141999840736389,6P58RRG8+VW5X,929.2,51.1,False
06b50000000000218bc0,6.71875,HIGH,1,0.7936000227928162,6P58RR7H+Q8CF,929.5,72.3,False
06b50000000000314951,7.7890625,HIGH,1,0.7592999935150146,6P58RRC7+69W2,929.6,232.2,False
06b500000000003623de,5.390625,HIGH,1,0.8007000088691711,6P58RRC7+HCC6,929.7,206.5,False
06b50000000000220ab1,6.390625,HIGH,1,0.7407000064849854,6P58RR6C+M3H9,929.8,106.4,False
06b50000000000356bc0,5.0,HIGH,1,0.7968000173568726,6P58RRC7+QC5J,929.8,412.9,False
06b5000000000028a021,6.21875,HIGH,1,0.6966000199317932,6P58RR8H+2F8H,930.0,48.0,False
06b500000000001314aa,3.5234375,HIGH,1,0.7398999929428101,6P58RRF7+7JG6,930.0,24.8,False
06b5000000000037c210,5.4453125,HIGH,1,0.7387999892234802,6P58RRF7+3HVJ,930.1,31.9,False
06b500000000000ab186,4.6796875,HIGH,1,0.847100019454956,6P58RRF7+7JVJ,930.3,184.3,False
06b50000000000325412,17.125,HIGH,1,0.7810999751091003,6P58RR6G+XCR3,930.4,231.2,False
06b500000000002873ab,5.9921875,HIGH,1,0.7684999704360962,6P58RR6C+J6XP,930.4,109.0,False
06b5000000000003dd6f,11.8671875,HIGH,1,0.8217999935150146,6P58RR78+8MG5,930.5,116.0,False
06b500000000002f674d,7.1875,HIGH,1,0.7827000021934509,6P58RR6F+RV49,930.6,74.3,False
06b5000000000039e8d9,8.3828125,HIGH,1,0.8237000107765198,6P58RR7H+G3PP,931.1,106.3,False
06b5000000000006f416,6.453125,HIGH,1,0.7475000023841858,6P58RR7H+P656,931.2,44.9,False
06b50000000000185006,5.03125,HIGH,1,0.8504999876022339,6P58RR69+W87F,931.2,287.9,False
06b500000000002cf07c,,NO_HEIGHT,0,0.733299970626831,6P58RRF7+9MM4,931.4,36.0,False
06b5000000000012e30d,7.0546875,HIGH,1,0.7282000184059143,6P58RR78+9M29,931.4,35.6,False
06b50000000000320c9d,6.3515625,HIGH,1,0.8414999842643738,6P58RRG8+QQ3X,931.6,94.5,False
06b500000000002213c6,3.71875,LOW,1,0.7103999853134155,6P58RR6G+V2F9,931.7,18.9,False
06b500000000002ca7c0,8.0859375,HIGH,1,0.7894999980926514,6P58RR6C+P249,931.7,35.2,False
06b50000000000358b48,25.296875,MEDIUM,1,0.8260999917984009,6P58RR6F+M55G,932.0,24.8,False
06b500000000001decae,10.6875,HIGH,1,0.7034000158309937,6P58RR78+CH73,932.0,104.0,False
06b5000000000009e43a,5.625,HIGH,1,0.7311000227928162,6P58RRC7+4898,932.1,467.5,False
06b500000000003e6843,4.9453125,HIGH,1,0.8748999834060669,6P58RRG8+754H,932.2,238.7,False
06b500000000002b64cd,4.765625,HIGH,1,0.8015999794006348,6P58RR8H+FQX4,932.4,107.1,False
06b5000000000035c769,4.2578125,HIGH,1,0.6963000297546387,6P58RRF7+7J6H,932.5,38.0,False
06b500000000002c697d,7.8828125,HIGH,1,0.7825999855995178,6P58RR78+FCXX,932.7,147.3,False
06b5000000000004002c,6.4296875,HIGH,1,0.8051999807357788,6P58RRH9+2528,933.1,71.3,False
06b5000000000013e089,,NO_HEIGHT,0,0.8083000183105469,6P58RRF7+CM75,933.1,68.0,False
06b50000000000268910,6.1328125,HIGH,1,0.7753000259399414,6P58RR8H+7M53,933.2,355.9,False
06b500000000001e3fce,7.296875,HIGH,1,0.7960000038146973,6P58RRC7+885G,933.3,269.7,False
06b50000000000305280,15.828125,HIGH,1,0.770799994468689,6P58RR7G+2CG8,933.4,215.6,False
06b500000000002ab866,5.8046875,HIGH,1,0.8493000268936157,6P58RR6F+RX9J,933.5,171.7,False
06b5000000000001f7fa,3.6484375,HIGH,1,0.6820999979972839,6P58RRC7+WGJV,933.5,31.6,False
06b500000000000fd0ca,7.953125,HIGH,1,0.6904000043869019,6P58RR6F+RW6P,933.6,29.1,False
06b500000000002a558a,6.5,HIGH,1,0.8321999907493591,6P58RR6C+M369,933.6,244.3,False
06b50000000000283920,4.96875,HIGH,1,0.703499972820282,6P58RRF7+8HQM,933.8,129.9,False
06b5000000000006ca36,8.0625,LOW,1,0.6589999794960022,6P58RR69+V9XX,933.9,24.7,False
06b50000000000216503,5.984375,HIGH,1,0.7441999912261963,6P58RR7H+M669,934.1,42.2,False
06b500000000001287b0,7.3125,HIGH,1,0.8737999796867371,6P58RRG9+W2PM,934.1,81.1,False
06b5000000000007ee49,3.390625,MEDIUM,1,0.7791000008583069,6P58RRC7+VFPV,934.3,67.9,False
06b500000000002a1a82,25.484375,HIGH,1,0.8855999708175659,6P58RR7G+7RGW,934.5,331.9,False
06b500000000000fbcba,8.625,HIGH,1,0.689300000667572,6P58RR69+PX2R,934.5,54.6,False
06b500000000003a4774,5.8203125,HIGH,1,0.7962999939918518,6P58RR7H+R942,934.5,278.1,False
06b500000000003da36b,5.015625,HIGH,1,0.7955999970436096,6P58RRC7+89VG,934.6,148.4,False
06b5000000000022f6c5,5.828125,HIGH,1,0.7002000212669373,6P58RRG8+JHMG,934.9,199.4,False
06b5000000000025bf5b,5.390625,HIGH,1,0.6664999723434448,6P58RRC7+RFF6,934.9,28.5,False
06b500000000003e1e60,5.84375,HIGH,1,0.84579998254776,6P58RR79+24JF,935.1,54.6,False
06b50000000000266c35,6.3203125,MEDIUM,1,0.7053999900817871,6P58RR7H+J573,935.2,32.5,False
06b500000000003076ee,7.7578125,HIGH,1,0.8899000287055969,6P58RRH9+9X5W,935.2,413.4,False
06b500000000000cb7c3,6.0234375,HIGH,1,0.8536999821662903,6P58RRH9+25MP,935.3,137.7,False
06b5000000000002ee37,7.2890625,HIGH,1,0.776199996471405,6P58RR6C+JC4W,935.4,72.9,False
06b500000000001587da,4.9140625,HIGH,1,0.8737999796867371,6P58RRG8+RRP7,935.7,170.1,False
06b5000000000001db98,4.625,HIGH,1,0.7904000282287598,6P58RR78+M827,935.8,38.9,False
06b500000000002df2f0,5.375,HIGH,1,0.8021000027656555,6P58RRG8+VV3X,935.9,186.4,False
06b500000000001fce21,11.3984375,HIGH,1,0.8043000102043152,6P58RR78+GCRR,936.1,56.3,False
06b500000000000a7c37,4.125,MEDIUM,1,0.7378000020980835,6P58RRC7+59MJ,936.2,44.8,False
06b50000000000405889,8.0625,HIGH,1,0.8144000172615051,6P58RR69+MX94,936.7,368.2,False
06b500000000001e1caf,3.2890625,MEDIUM,1,0.7095000147819519,6P58RR69+PPXX,936.8,101.2,False
06b50000000000128d86,18.2890625,HIGH,1,0.758899986743927,6P58RR69+RFWH,936.9,50.9,False
06b50000000000129155,7.7734375,HIGH,1,0.7177000045776367,6P58RR7H+G48J,937.0,311.7,False
06b500000000000fcf9f,3.640625,HIGH,1,0.786899983882904,6P58RRC7+WFGF,937.3,59.1,False
06b5000000000025f7a6,4.9453125,HIGH,1,0.7390999794006348,6P58RR6C+JF3C,937.4,128.9,False
06b500000000001eec00,4.9609375,HIGH,1,0.6983000040054321,6P58RRC7+XGJ6,937.5,24.0,False
06b50000000000224c80,7.625,HIGH,1,0.6671000123023987,6P58RR7H+H472,937.6,4.6,False
06b5000000000017f013,9.65625,HIGH,1,0.7674999833106995,6P58RR78+9GXR,937.8,75.1,False
06b500000000002e2f33,25.8515625,HIGH,1,0.8313000202178955,6P58RR6G+XGWP,938.2,2096.5,False
06b5000000000021655d,5.390625,HIGH,1,0.7626000046730042,6P58RR7H+M683,938.3,43.4,False
06b50000000000026219,11.828125,HIGH,1,0.8137000203132629,6P58RR6C+HMCM,938.3,231.9,False
06b500000000000db163,3.2421875,LOW,1,0.7146000266075134,6P58RRH9+3683,938.4,78.2,False
06b50000000000191013,8.6484375,HIGH,1,0.836899995803833,6P58RR78+GC78,938.5,85.0,False
06b500000000003695c4,7.4375,HIGH,1,0.7997000217437744,6P58RRG9+X285,938.5,98.5,False
06b50000000000388217,5.6015625,HIGH,1,0.7282000184059143,6P58RR97+W9JJ,938.7,76.9,False
06b50000000000291fd3,4.6640625,HIGH,1,0.8337000012397766,6P58RRF7+9J3R,938.8,138.8,False
06b500000000001217de,8.78125,HIGH,1,0.8367999792098999,6P58RR78+8JJH,938.9,152.8,False
06b500000000002c9bc0,5.984375,HIGH,1,0.9230999946594238,6P58RRG8+QPVQ,939.0,614.4,False
06b500000000001731fa,6.421875,HIGH,1,0.7450000047683716,6P58RR7H+XGFX,939.0,279.4,False
06b500000000001cf23c,15.9921875,HIGH,1,0.8668000102043152,6P58RR78+7MP3,939.0,151.8,False
06b500000000001e8e4f,6.9609375,HIGH,1,0.7127000093460083,6P58RRG9+X3PJ,939.2,104.6,False
06b50000000000360e2e,8.9765625,HIGH,1,0.8166000247001648,6P58RR6C+HRMJ,939.6,489.0,False
06b5000000000025fd3c,6.5234375,HIGH,1,0.7753000259399414,6P58RR7H+Q845,939.6,175.1,False
06b50000000000018225,10.7109375,HIGH,1,0.8705999851226807,6P58RR8H+3HQ7,939.6,177.7,False
06b5000000000023ba4a,70.33214804817275,HIGH,1,0.8920000195503235,6P58RR9J+G739,939.9,2275.2,False
06b5000000000003c1ba,25.9921875,HIGH,1,0.8001000285148621,6P58RR7G+3GG7,940.0,109.8,False
06b500000000000e8862,8.8203125,LOW,1,0.6578999757766724,6P58RR7H+F3V9,940.2,56.6,False
06b500000000002a10df,8.46875,HIGH,1,0.7325999736785889,6P58RR69+MWX3,940.5,56.3,False
06b5000000000033c2f9,9.8515625,HIGH,1,0.8623999953269958,6P58RRC7+68PW,940.7,379.0,False
06b500000000001045b1,8.5,HIGH,1,0.8069999814033508,6P58RRC7+G9PW,940.7,82.8,False
06b5000000000030da2e,6.4140625,HIGH,1,0.6621999740600586,6P58RR6C+J4QM,940.8,67.3,False
06b500000000000703fa,7.0390625,HIGH,1,0.777999997138977,6P58RR7H+M776,941.1,132.3,False
06b500000000001e9334,10.046875,MEDIUM,1,0.8029999732971191,6P58RR78+6Q8C,941.2,40.0,False
06b5000000000012fa9c,2.6953125,LOW,1,0.7821999788284302,6P58RRC7+VFC6,941.4,30.7,False
06b50000000000243acf,23.4609375,HIGH,1,0.7019000053405762,6P58RRH9+9VC8,941.4,250.2,False
06b5000000000005c0bc,12.125,HIGH,1,0.7825999855995178,6P58RR79+22M9,941.6,146.4,False
06b500000000001fe3a0,3.796875,HIGH,1,0.8489000201225281,6P58RRF7+5FHV,941.7,276.9,False
06b500000000001b0339,18.8046875,HIGH,1,0.8442000150680542,6P58RR6F+PP2H,941.8,110.4,False
06b500000000002111f1,6.9140625,HIGH,1,0.8429999947547913,6P58RRC7+WC88,941.8,315.2,False
06b500000000000110ee,6.9609375,HIGH,1,0.7684999704360962,6P58RR6C+J4MG,942.0,68.3,False
06b500000000001b4892,2.875,LOW,1,0.8410000205039978,6P58RR69+PPVJ,942.1,48.4,False
06b500000000000630e5,7.0078125,HIGH,1,0.7742999792098999,6P58RR69+MV7X,942.2,208.3,False
06b500000000000ceb84,,NO_HEIGHT,0,0.6678000092506409,6P58RRF7+GM48,942.7,35.1,False
06b50000000000271211,6.25,HIGH,1,0.836899995803833,6P58RRG8+WWH3,943.0,90.1,False
06b5000000000026de1e,10.109375,LOW,1,0.8447999954223633,6P58RR7G+4H46,943.0,41.6,False
06b500000000002ab570,61.4609375,HIGH,1,0.8644999861717224,6P58RR9J+347V,943.2,1173.8,False
06b50000000000015fe0,4.6796875,LOW,1,0.7398999929428101,6P58RR8H+CQQG,943.3,13.4,False
06b500000000003f99d9,87.40625,HIGH,1,0.932200014591217,6P58RR7H+828C,943.3,1940.2,False
06b500000000000da1d1,10.106770833333334,HIGH,1,0.9235000014305115,6P58RRG8+MF6M,943.4,1615.2,False
06b50000000000317911,29.9375,HIGH,1,0.6891000270843506,6P58RR7G+8V4G,943.5,92.6,False
06b5000000000019092c,5.0703125,HIGH,1,0.8413000106811523,6P58RRG8+WXVX,943.5,127.5,False
06b500000000001cfed1,7.4375,HIGH,1,0.7949000000953674,6P58RR7H+P84M,943.6,133.5,False
06b5000000000002f8b8,14.90625,HIGH,1,0.8245000243186951,6P58RRF7+XWCJ,943.7,616.4,False
06b500000000000e8ffc,,NO_HEIGHT,0,0.9261999726295471,6P58RRF7+FJGG,943.7,401.8,False
06b500000000003dbb20,5.265625,HIGH,1,0.7858999967575073,6P58RRF7+7HCP,943.8,321.0,False
06b500000000001424df,5.84375,HIGH,1,0.725600004196167,6P58RR6C+J76Q,943.8,33.9,False
06b5000000000002ed2d,20.91211384439359,HIGH,1,0.8377000093460083,6P58RR6F+MRX7,943.8,1414.1,False
06b50000000000114363,3.96875,HIGH,1,0.7512000203132629,6P58RR7H+RCJ4,943.9,48.1,False
06b50000000000193cb1,26.7109375,HIGH,1,0.8834999799728394,6P58RRH9+9RM7,944.0,859.7,False
06b500000000000e12c3,7.0078125,HIGH,1,0.8968999981880188,6P58RR8H+4JX3,944.1,123.0,False
06b50000000000391b4e,9.359375,HIGH,1,0.8482999801635742,6P58RR8H+PXCJ,944.2,148.7,False
06b50000000000092a48,3.15625,HIGH,1,0.7785999774932861,6P58RRG8+54RJ,944.3,134.1,False
06b500000000000d8c19,3.546875,HIGH,1,0.8460000157356262,6P58RRG8+PJG4,944.7,148.6,False
06b50000000000156144,6.4375,HIGH,1,0.7537999749183655,6P58RR6C+HCVC,944.8,19.5,False
06b50000000000120476,6.625,HIGH,1,0.8230999708175659,6P58RR69+JWQ8,944.8,250.1,False
06b5000000000012c07a,6.125,HIGH,1,0.730400025844574,6P58RRH9+247J,945.0,23.5,False
06b500000000000a99ad,14.1421875,HIGH,1,0.9017000198364258,6P58RRHC+F9GR,945.1,3069.0,False
06b50000000000243911,12.4140625,HIGH,1,0.7515000104904175,6P58RR79+22JJ,945.3,84.3,False
06b5000000000021ce71,5.9375,HIGH,1,0.8755999803543091,6P58RRG9+X2X7,945.9,86.1,False
06b5000000000035c1a3,5.296875,HIGH,1,0.7874000072479248,6P58RRC7+M9QJ,946.1,94.7,False
06b5000000000034432b,4.9375,HIGH,1,0.8669999837875366,6P58RRF7+3F29,946.3,215.0,False
06b5000000000033ddc9,8.21875,HIGH,1,0.7949000000953674,6P58RR69+MW2V,946.5,168.3,False
06b50000000000195425,5.5625,HIGH,1,0.8235999941825867,6P58RR7H+M8MH,946.6,99.3,False
06b500000000000d560e,7.796875,HIGH,1,0.7828999757766724,6P58RR8H+MXJ8,946.7,215.1,False
06b50000000000203df2,5.4765625,HIGH,1,0.9124000072479248,6P58RRG8+85PP,947.2,318.4,False
06b5000000000021c4ed,5.703125,HIGH,1,0.8001999855041504,6P58RR69+R9RJ,947.2,195.8,False
06b50000000000318e6f,8.03125,HIGH,1,0.8112999796867371,6P58RR6G+R5RM,947.3,123.8,False
06b500000000001fd25e,6.6796875,HIGH,1,0.7770000100135803,6P58RR69+QFRC,947.3,201.3,False
06b500000000001065b8,7.5703125,HIGH,1,0.8432999849319458,6P58RRC7+88V7,947.5,156.6,False
06b500000000002d931d,5.9765625,HIGH,1,0.6837999820709229,6P58RR7H+H534,947.7,38.0,False
06b5000000000023c07a,2.6328125,HIGH,1,0.7972999811172485,6P58RR69+QJ2W,948.1,61.9,False
06b500000000002d80ae,5.7578125,HIGH,1,0.6880000233650208,6P58RR6C+J2W2,948.1,31.5,False
06b500000000001901c5,7.234375,HIGH,1,0.6802999973297119,6P58RRC7+XF62,948.3,64.4,False
06b500000000002b1e8b,4.65625,HIGH,1,0.8320000171661377,6P58RRG8+74QP,948.3,194.6,False
06b500000000003104e4,6.1796875,HIGH,1,0.7882999777793884,6P58RRF7+3FM9,948.5,85.7,False
06b500000000002c4b64,6.828125,HIGH,1,0.7547000050544739,6P58RR69+MRP5,948.5,75.7,False
06b500000000000208d4,5.3046875,HIGH,1,0.820900022983551,6P58RR6C+H7P4,949.0,222.1,False
06b500000000001d9b00,16.2421875,HIGH,1,0.8889999985694885,6P58RR78+6MM8,949.2,223.8,False
06b5000000000007f436,8.8125,HIGH,1,0.8429999947547913,6P58RR8H+HWW4,949.2,277.2,False
06b5000000000007ee63,29.9453125,HIGH,1,0.8830999732017517,6P58RR7G+7V82,949.2,207.6,False
06b5000000000036a7f0,6.421875,HIGH,1,0.7678999900817871,6P58RR69+MQMG,949.4,99.9,False
06b5000000000015dd6f,15.6015625,HIGH,1,0.8855999708175659,6P58RRF7+JM38,949.4,350.9,False
06b500000000003714f3,4.84375,HIGH,1,0.8284000158309937,6P58RRF7+4F7H,950.0,159.6,False
06b500000000000ac586,6.6328125,HIGH,1,0.880299985408783,6P58RR6C+GQRX,950.1,215.7,False
06b500000000000a4886,3.1640625,MEDIUM,1,0.8460000157356262,6P58RR69+QH7H,950.1,44.4,False
06b500000000002df424,4.734375,HIGH,1,0.7613999843597412,6P58RR69+W5Q7,950.2,36.6,False
06b50000000000016b7f,3.796875,HIGH,1,0.6751999855041504,6P58RR6C+H6M9,950.3,124.8,False
06b500000000000cd955,5.296875,HIGH,1,0.8640000224113464,6P58RR8H+HV45,950.4,71.5,False
06b50000000000068170,5.203125,HIGH,1,0.8295999765396118,6P58RRF7+9HWQ,950.4,140.8,False
06b5000000000025dcb3,11.3515625,MEDIUM,1,0.7077999711036682,6P58RRHC+FP36,950.5,37.4,False
06b500000000000741dd,5.15625,HIGH,1,0.8395000100135803,6P58RR6C+J54F,950.6,67.5,False
06b500000000001f5a21,11.0546875,HIGH,1,0.7386999726295471,6P58RR6F+PVXJ,950.9,26.5,False
06b5000000000020c305,3.0703125,LOW,1,0.7576000094413757,6P58RRH9+36R8,951.0,36.9,False
06b500000000000601d6,,NO_HEIGHT,0,0.718999981880188,6P58RRCJ+H53P,951.1,43.7,False
06b500000000000c79ae,16.2734375,HIGH,1,0.7020000219345093,6P58RR7H+G5XC,951.4,75.2,False
06b5000000000015926d,3.1328125,HIGH,1,0.8080000281333923,6P58RR6C+HC2M,951.5,106.0,False
06b500000000003c8f8a,7.3046875,HIGH,1,0.7781000137329102,6P58RR69+MP9V,951.7,213.9,False
06b500000000001daae9,6.0859375,HIGH,1,0.8029000163078308,6P58RRF7+4FVV,951.8,192.8,False
06b500000000003d194b,6.6015625,HIGH,1,0.7728999853134155,6P58RRH9+23GJ,951.9,27.6,False
06b500000000002c7f9e,7.0390625,HIGH,1,0.6610999703407288,6P58RR7H+XHVC,951.9,23.2,False
06b50000000000152661,9.328125,HIGH,1,0.8585000038146973,6P58RR6C+GVR9,952.5,198.9,False
06b50000000000046c8e,8.90625,MEDIUM,1,0.7980999946594238,6P58RRG8+G927,952.7,74.0,False
06b5000000000015ecba,14.7890625,HIGH,1,0.6876999735832214,6P58RR78+8HGF,952.7,18.5,False
06b500000000000c73d0,4.65625,MEDIUM,1,0.7634999752044678,6P58RRG8+743G,952.7,66.7,False
06b500000000000c65d9,5.234375,HIGH,1,0.8449000120162964,6P58RRG7+4X5W,952.8,122.1,False
06b5000000000021cf65,3.265625,HIGH,1,0.7103000283241272,6P58RRF7+2F6J,953.0,58.5,False
06b50000000000334db3,7.0703125,HIGH,1,0.6827999949455261,6P58RR8J+W2HG,953.2,63.4,False
06b50000000000385535,5.4765625,HIGH,1,0.7788000106811523,6P58RR6C+H4V8,953.3,73.8,False
06b500000000000959b2,5.96875,HIGH,1,0.8651000261306763,6P58RR8H+4MHR,953.8,199.1,False
06b500000000003c4c4a,5.25,HIGH,1,0.6565999984741211,6P58RR7H+J7PG,953.8,40.7,False
06b5000000000030e884,4.890625,HIGH,1,0.7009999752044678,6P58RR6C+H2WX,954.0,108.7,False
06b5000000000032c6ee,4.5234375,HIGH,1,0.8535000085830688,6P58RR69+V6QJ,954.0,67.8,False
06b5000000000022cf46,6.7109375,MEDIUM,1,0.6542999744415283,6P58RR7G+3JWV,954.0,10.3,False
06b5000000000038a064,5.875,HIGH,1,0.8513000011444092,6P58RRH9+335W,954.0,96.1,False
06b500000000002d4dd8,5.0546875,HIGH,1,0.7687000036239624,6P58RRF7+6FG4,954.2,211.6,False
06b50000000000158d6f,8.6875,HIGH,1,0.8091999888420105,6P58RRG8+WVQX,954.4,71.5,False
06b500000000003027b1,14.171875,HIGH,1,0.754800021648407,6P58RR78+9FMG,954.4,82.1,False
06b5000000000012b096,11.4765625,HIGH,1,0.7617999911308289,6P58RR78+2X83,954.5,100.8,False
06b5000000000008175b,9.5703125,HIGH,1,0.6527000069618225,6P58RR6G+XC8V,954.6,36.6,False
06b50000000000296c4d,3.4609375,HIGH,1,0.7106000185012817,6P58RR69+X3JF,954.6,32.1,False
06b50000000000060d11,5.2109375,HIGH,1,0.8183000087738037,6P58RR69+W54G,954.7,117.0,False
06b5000000000005e870,5.96875,HIGH,1,0.8069999814033508,6P58RRG8+MHVW,954.7,44.0,False
06b50000000000322891,19.390625,HIGH,1,0.8191999793052673,6P58RR8H+FV9P,954.7,574.2,False
06b5000000000035af74,20.703125,HIGH,1,0.8440999984741211,6P58RR7H+G543,955.3,120.6,False
06b50000000000073351,9.7890625,HIGH,1,0.760200023651123,6P58RR6G+R5CJ,955.5,63.5,False
06b50000000000124311,5.296875,HIGH,1,0.6937999725341797,6P58RR8H+GWVP,955.5,125.5,False
06b50000000000168c58,7.1171875,HIGH,1,0.8220999836921692,6P58RR6G+R76M,955.7,568.1,False
06b50000000000061e43,3.578125,MEDIUM,1,0.7275999784469604,6P58RR69+QFHF,955.8,27.2,False
06b50000000000385798,5.4765625,HIGH,1,0.8030999898910522,6P58RR7H+P97F,955.8,48.5,False
06b5000000000021a4ad,7.3125,HIGH,1,0.7409999966621399,6P58RR7H+J74J,956.0,78.8,False
06b500000000002238c8,6.28125,MEDIUM,1,0.8022000193595886,6P58RRH9+466G,956.1,46.2,False
06b5000000000028199c,8.546875,HIGH,1,0.7300999760627747,6P58RR8H+PX8P,956.1,56.6,False
06b5000000000010f968,4.9609375,HIGH,1,0.7822999954223633,6P58RR8H+2JMC,956.5,26.9,False
06b500000000001a7304,7.65625,HIGH,1,0.8119999766349792,6P58RRF7+7F88,956.6,292.9,False
06b5000000000021ffc5,6.0859375,HIGH,1,0.729200005531311,6P58RR6C+GGG8,956.6,287.8,False
06b5000000000001f38c,5.15625,MEDIUM,1,0.8001000285148621,6P58RR6C+H4X3,956.6,27.9,False
06b500000000003c7318,6.1484375,HIGH,1,0.7612000107765198,6P58RR7H+XH4H,956.7,264.0,False
06b500000000003b8547,6.25,HIGH,1,0.885200023651123,6P58RR69+JRXR,956.8,84.3,False
06b50000000000309645,4.140625,HIGH,1,0.8468999862670898,6P58RR6C+H5GV,956.8,84.3,False
06b500000000001e35f5,6.953125,MEDIUM,1,0.6503999829292297,6P58RR7G+3MMV,957.0,117.5,False
06b50000000000133a49,9.578125,HIGH,1,0.868399977684021,6P58RR6G+V835,957.1,382.4,False
06b50000000000269455,5.25,HIGH,1,0.8547999858856201,6P58RRC7+C8RP,957.1,209.1,False
06b500000000003e5c23,8.0703125,HIGH,1,0.8482000231742859,6P58RRF7+XR5M,957.1,451.1,False
06b50000000000294097,7.3984375,HIGH,1,0.7825000286102295,6P58RR69+R89V,957.1,115.7,False
06b5000000000013717c,6.015625,HIGH,1,0.9296000003814697,6P58RRH8+2X7P,957.2,217.2,False
06b50000000000265384,6.0078125,HIGH,1,0.6599000096321106,6P58RR6G+R6R2,957.2,36.2,False
06b500000000001d2118,7.828125,HIGH,1,0.8033999800682068,6P58RRG8+XWGM,957.3,82.6,False
06b50000000000005464,11.8671875,HIGH,1,0.7922999858856201,6P58RR78+F8GQ,957.3,214.6,False
06b5000000000032f224,4.8203125,HIGH,1,0.8307999968528748,6P58RRC7+G82Q,957.4,118.4,False
06b500000000001de77b,5.078125,HIGH,1,0.8299999833106995,6P58RRC7+J825,957.4,301.4,False
06b500000000002f7187,16.046875,HIGH,1,0.7383000254631042,6P58RR78+9CWM,957.5,99.1,False
06b50000000000362b20,7.13671875,HIGH,1,0.8148000240325928,6P58RR8H+3M6R,957.8,94.7,False
06b5000000000000f9d1,11.0234375,HIGH,1,0.71670001745224,6P58RR6G+XC42,958.2,45.6,False
06b5000000000013d81c,7.7421875,HIGH,1,0.871399998664856,6P58RR6G+Q4X8,958.2,220.0,False
06b500000000000e2e39,8.6953125,HIGH,1,0.8632000088691711,6P58RR69+MP64,958.5,207.5,False
06b500000000002a5f91,27.9375,HIGH,1,0.7135000228881836,6P58RR9J+5439,958.6,9.8,False
06b50000000000401c5a,4.7421875,HIGH,1,0.7599999904632568,6P58RRG8+VRRP,958.6,66.8,False
06b500000000003378df,21.8125,HIGH,1,0.8569999933242798,6P58RR78+7GJ4,958.8,559.1,False
06b50000000000174af8,7.0859375,HIGH,1,0.8190000057220459,6P58RRH9+23R6,958.8,36.3,False
06b500000000003231a5,5.296875,LOW,1,0.6626999974250793,6P58RR7H+WGQ5,959.1,20.5,False
06b5000000000013a626,6.5234375,HIGH,1,0.7871000170707703,6P58RRC7+M8M7,959.1,570.0,False
06b500000000002758ee,3.6640625,HIGH,1,0.8111000061035156,6P58RR69+HXXW,959.3,99.2,False
06b5000000000002b4bc,7.0625,HIGH,1,0.7796000242233276,6P58RRG8+723X,959.5,756.0,False
06b5000000000001814f,3.546875,LOW,1,0.8682000041007996,6P58RR6F+JPRV,959.7,60.8,False
06b5000000000036a061,15.8203125,HIGH,1,0.8364999890327454,6P58RR6C+FJW2,959.7,251.1,False
06b500000000003c06d8,5.71875,HIGH,1,0.7944999933242798,6P58RRG7+3WW7,959.8,303.0,False
06b50000000000055514,4.1328125,HIGH,1,0.7753000259399414,6P58RR69+X339,959.9,35.5,False
06b5000000000018cae5,8.875,HIGH,1,0.8077999949455261,6P58RRG8+H965,960.0,152.5,False
06b500000000003b0381,,NO_HEIGHT,0,0.7512000203132629,6P58RR7H+VGVQ,960.0,14.4,False
06b5000000000038fd98,5.7265625,HIGH,1,0.840499997138977,6P58RR8H+2J5P,960.0,217.6,False
06b50000000000219e2d,6.9453125,HIGH,1,0.7085999846458435,6P58RRF7+QQ66,960.2,20.4,False
06b500000000002bbff6,7.171875,HIGH,1,0.807699978351593,6P58RR7H+PCJP,960.2,56.1,False
06b500000000001b76c0,6.1875,HIGH,1,0.7258999943733215,6P58RRF7+8G4J,960.2,49.2,False
06b5000000000003e98b,4.625,HIGH,1,0.8144999742507935,6P58RRG7+4X3F,960.2,81.9,False
06b50000000000379794,3.625,HIGH,1,0.792900025844574,6P58RRF7+2C7P,960.3,80.0,False
06b50000000000215a08,9.0078125,HIGH,1,0.9120000004768372,6P58RRHC+F5JC,960.3,773.7,False
06b500000000001a6d08,8.796875,HIGH,1,0.8166000247001648,6P58RR69+Q9J7,960.3,177.3,False
06b500000000003473c2,19.3515625,HIGH,1,0.8935999870300293,6P58RR78+99XW,960.5,291.7,False
06b5000000000005782d,5.3828125,MEDIUM,1,0.7663000226020813,6P58RR6F+PXXV,960.5,24.8,False
06b50000000000352293,20.015625,HIGH,1,0.8737999796867371,6P58RR7H+G67X,960.6,125.5,False
06b50000000000240c8f,5.6640625,HIGH,1,0.805400013923645,6P58RR69+MMFR,960.6,151.5,False
06b50000000000305bb0,8.828125,HIGH,1,0.786300003528595,6P58RR69+MHR5,960.7,491.1,False
06b500000000003ec5a9,9.0390625,HIGH,1,0.786300003528595,6P58RRF7+9G4C,960.8,170.2,False
06b500000000003ba5ff,8.203125,HIGH,1,0.6524999737739563,6P58RR69+W48Q,961.1,32.7,False
06b50000000000116aed,,NO_HEIGHT,0,0.7903000116348267,6P58RR7H+WG44,961.5,12.8,False
06b50000000000284f5a,4.265625,HIGH,1,0.8033999800682068,6P58RR69+JV56,961.8,286.2,False
06b5000000000038a871,3.0703125,HIGH,1,0.696399986743927,6P58RRG8+73H4,961.9,52.8,False
06b500000000001469a6,3.6484375,HIGH,1,0.8248000144958496,6P58RR69+X25P,961.9,68.6,False
06b500000000003a4f06,7.890625,HIGH,1,0.8424999713897705,6P58RRC7+Q8V7,962.1,304.0,False
06b5000000000012ca02,5.5,HIGH,1,0.6675999760627747,6P58RR69+V5HV,962.2,31.5,False
06b500000000003c252d,10.734375,HIGH,1,0.7648000121116638,6P58RR9J+5498,962.4,16.2,False
06b500000000002768bd,,NO_HEIGHT,0,0.7996000051498413,6P58RR78+5MW4,962.5,50.3,False
06b50000000000215ac9,3.8359375,HIGH,1,0.7307000160217285,6P58RRF7+CH67,962.6,125.2,False
06b50000000000038c6d,4.203125,LOW,1,0.7452999949455261,6P58RR6G+P2VR,962.7,23.9,False
06b500000000001efc41,6.015625,HIGH,1,0.807699978351593,6P58RRH9+33C8,962.9,80.7,False
06b500000000001a5a7d,4.640625,HIGH,1,0.8172000050544739,6P58RRH9+22JP,963.6,36.1,False
06b50000000000407e78,5.828125,HIGH,1,0.7922999858856201,6P58RR8H+3M8M,963.6,138.9,False
06b50000000000111117,4.9765625,HIGH,1,0.9034000039100647,6P58RRG8+QH76,963.6,251.9,False
06b5000000000025b4cf,11.5859375,HIGH,1,0.8482999801635742,6P58RR8H+JXW4,963.8,81.0,False
06b50000000000015491,17.2421875,HIGH,1,0.7297000288963318,6P58RR6F+PX7G,964.0,69.5,False
06b500000000000450f3,3.34375,HIGH,1,0.745199978351593,6P58RR6G+Q6RJ,964.5,70.0,False
06b500000000002f8d85,7.09375,HIGH,1,0.8069999814033508,6P58RRC7+C73P,964.6,118.0,False
06b500000000003e3de2,7.2578125,HIGH,1,0.8313000202178955,6P58RR7G+2M2R,964.8,348.3,False
06b500000000001de769,7.34375,HIGH,1,0.7961999773979187,6P58RR7H+PCW8,965.0,60.7,False
06b500000000003c10e7,9.4375,HIGH,1,0.8443999886512756,6P58RRG8+XVG2,965.0,74.8,False
06b50000000000085335,4.4296875,HIGH,1,0.8361999988555908,6P58RRG8+RMW5,965.3,82.6,False
06b500000000001d9dee,21.6015625,HIGH,1,0.7146000266075134,6P58RR78+8GCJ,965.3,21.8,False
06b500000000003a37b3,5.421875,HIGH,1,0.8787000179290771,6P58RR9J+66R2,965.5,190.8,False
06b500000000003ff41f,14.953125,HIGH,1,0.8130000233650208,6P58RR6F+MXXG,966.2,142.0,False
06b50000000000095d02,5.40625,HIGH,1,0.8379999995231628,6P58RR7H+M9X4,966.2,50.1,False
06b50000000000325ee5,6.8203125,HIGH,1,0.777400016784668,6P58RR6C+F7XF,966.3,273.8,False
06b50000000000382bfe,6.0078125,HIGH,1,0.8744999766349792,6P58RR6C+GF46,966.4,62.0,False
06b500000000003d8d38,8.6953125,HIGH,1,0.8539999723434448,6P58RRG8+XR56,966.6,73.9,False
06b5000000000001c67b,5.90625,HIGH,1,0.7590000033378601,6P58RR69+V57G,966.8,61.9,False
06b5000000000010c621,6.6015625,HIGH,1,0.7889999747276306,6P58RR6C+F8PC,966.9,185.4,False
06b500000000003b30c9,33.09375,HIGH,1,0.8547000288963318,6P58RR7H+C6RH,967.0,572.2,False
06b50000000000360265,6.8984375,HIGH,1,0.796999990940094,6P58RR6C+F7RV,967.3,203.7,False
06b500000000000d87d1,5.8125,HIGH,1,0.683899998664856,6P58RRF7+4CQ2,967.5,15.7,False
06b500000000003c3d4f,4.44921875,MEDIUM,1,0.6898999810218811,6P58RR6C+H3F2,967.6,7.5,False
06b50000000000206962,3.375,HIGH,1,0.8137000203132629,6P58RRG8+838M,967.7,176.9,False
06b5000000000035a2f9,7.265625,HIGH,1,0.8306999802589417,6P58RR69+R734,967.7,153.0,False
06b5000000000011fea1,7.359375,HIGH,1,0.6635000109672546,6P58RRH9+5556,967.8,35.3,False
06b50000000000370371,5.796875,LOW,1,0.6638000011444092,6P58RR69+Q99X,967.9,14.4,False
06b500000000001a9ad8,2.578125,HIGH,1,0.7717999815940857,6P58RRG7+6X5P,968.2,148.4,False
06b50000000000263d9c,5.65625,HIGH,1,0.7687000036239624,6P58RR7H+WMRJ,968.5,382.9,False
06b500000000002971b2,6.546875,HIGH,1,0.8052999973297119,6P58RR69+JR42,968.7,139.5,False
06b500000000003e09de,8.875,HIGH,1,0.9241999983787537,6P58RRH9+5438,968.8,254.2,False
06b5000000000005726b,5.2421875,HIGH,1,0.7531999945640564,6P58RRF7+CGGP,968.8,127.7,False
06b500000000001c0a9d,28.34375,HIGH,1,0.8950999975204468,6P58RRF7+XQFM,969.0,1110.9,False
06b50000000000119577,5.7109375,HIGH,1,0.7480999827384949,6P58RRG8+C5FW,969.2,272.7,False
06b50000000000184a3b,6.0625,HIGH,1,0.7153000235557556,6P58RR7H+PFJJ,969.5,77.7,False
06b50000000000259065,3.390625,MEDIUM,1,0.7853000164031982,6P58RRC7+X9P7,969.7,39.2,False
06b500000000003e673e,49.3671875,HIGH,1,0.8967999815940857,6P58RR6F+GFCQ,969.7,391.2,False
06b500000000003146b7,3.9453125,MEDIUM,1,0.7275999784469604,6P58RR7H+H749,969.8,49.3,False
06b500000000002d2234,6.5703125,HIGH,1,0.6582000255584717,6P58RR7H+H8VP,969.8,17.6,False
06b50000000000077e7c,8.921875,HIGH,1,0.6772000193595886,6P58RR69+MJF4,969.8,68.1,False
06b500000000001a1ac8,8.1953125,HIGH,1,0.8075000047683716,6P58RRH8+2W22,969.8,30.2,False
06b50000000000176d79,19.84375,HIGH,1,0.8460000157356262,6P58RR9J+97PJ,969.8,370.6,False
06b5000000000015b4f6,4.4453125,HIGH,1,0.694599986076355,6P58RR6C+H28R,969.9,8.8,False
06b500000000002e7e32,6.09375,HIGH,1,0.8382999897003174,6P58RRG7+3VXC,969.9,294.8,False
06b500000000000fd544,23.40625,HIGH,1,0.6937999725341797,6P58RR78+C8H8,970.0,87.1,False
06b5000000000001a87e,,NO_HEIGHT,0,0.6535999774932861,6P58RR87+MGJ2,970.9,9.0,False
06b5000000000001024e,4.875,HIGH,1,0.7910000085830688,6P58RR68+WXXC,970.9,141.8,False
06b50000000000223e88,7.3046875,HIGH,1,0.7085999846458435,6P58RR6C+G92G,971.0,24.0,False
06b50000000000342629,9.578125,HIGH,1,0.9417999982833862,6P58RRH9+CPV6,971.1,967.8,False
06b500000000001e1ff4,4.75,HIGH,1,0.7846999764442444,6P58RRC7+W8XQ,971.1,71.4,False
06b5000000000031db36,17.9453125,HIGH,1,0.866599977016449,6P58RR6G+XPCP,971.2,756.0,False
06b50000000000322f26,5.453125,HIGH,1,0.6944000124931335,6P58RR69+V3X6,971.5,61.5,False
06b5000000000001c6c3,5.078125,HIGH,1,0.7989000082015991,6P58RR7H+MCPJ,971.7,129.7,False
06b500000000002a8483,5.390625,HIGH,1,0.8385999798774719,6P58RRH8+3XQ7,972.1,146.8,False
06b500000000002703a8,9.1484375,HIGH,1,0.8188999891281128,6P58RRG8+XRQ4,972.1,80.6,False
06b500000000000498c1,6.78125,HIGH,1,0.824400007724762,6P58RR69+JJQ9,972.2,274.9,False
06b500000000002d22ec,5.8046875,HIGH,1,0.8528000116348267,6P58RR6C+FGG2,972.2,169.7,False
06b5000000000006e77f,6.6171875,HIGH,1,0.7415000200271606,6P58RR6C+F9GF,972.3,91.4,False
06b50000000000148465,5.7734375,HIGH,1,0.8167999982833862,6P58RRC7+Q82F,972.3,53.1,False
06b50000000000185ced,5.3359375,HIGH,1,0.6705999970436096,6P58RRC7+X8Q4,972.3,132.2,False
06b500000000002e713e,5.3046875,HIGH,1,0.7391999959945679,6P58RRG8+RJQ6,972.3,67.3,False
06b500000000001a7324,23.65625,HIGH,1,0.9591000080108643,6P58RR8J+H2H4,972.3,760.3,False
06b500000000003528ea,25.59375,HIGH,1,0.8087000250816345,6P58RR78+8CMQ,972.3,127.0,False
06b500000000000a1c37,64.703125,HIGH,1,0.7750999927520752,6P58RR6F+HG26,972.3,66.1,False
06b50000000000050a51,7.78125,HIGH,1,0.8748000264167786,6P58RRG7+2RHF,972.6,160.0,False
06b500000000002f21df,4.34375,HIGH,1,0.8895000219345093,6P58RRC7+C653,972.8,103.6,False
06b50000000000291fea,11.4609375,HIGH,1,0.820900022983551,6P58RR69+MGFV,972.9,190.1,False
06b50000000000152ab0,4.9375,MEDIUM,1,0.760699987411499,6P58RR97+782H,973.1,29.5,False
06b50000000000037706,3.90625,HIGH,1,0.7955999970436096,6P58RR7H+WJ7P,973.2,92.7,False
06b50000000000278093,7.2109375,HIGH,1,0.9179999828338623,6P58RRF7+JHGV,973.3,472.1,False
06b50000000000389574,6.3671875,HIGH,1,0.862500011920929,6P58RR69+R652,973.3,97.0,False
06b500000000002f511d,7.71875,HIGH,1,0.6744999885559082,6P58RRH9+5576,973.4,44.2,False
06b500000000002ca139,6.890625,HIGH,1,0.935699999332428,6P58RRF7+PJQF,973.4,394.4,False
06b500000000001d94ee,11.0,LOW,1,0.8095999956130981,6P58RR97+687V,973.6,64.8,False
06b50000000000196da7,18.3515625,HIGH,1,0.8148999810218811,6P58RR8H+CW8X,973.8,246.8,False
06b500000000003083e0,6.2890625,HIGH,1,0.807200014591217,6P58RR69+JP52,973.9,186.1,False
06b5000000000036d2b5,2.8203125,LOW,1,0.7943000197410583,6P58RRFJ+8296,974.0,29.9,False
06b500000000001fe388,9.5859375,HIGH,1,0.8130999803543091,6P58RRC7+F6PF,974.1,405.8,False
06b5000000000011ee6e,9.0859375,HIGH,1,0.8274999856948853,6P58RRF7+9F8C,974.2,196.2,False
06b500000000001d6160,25.5390625,HIGH,1,0.7702000141143799,6P58RR78+98XG,974.3,169.9,False
06b500000000002b121b,11.28125,MEDIUM,1,0.7384999990463257,6P58RR7G+6WH6,974.4,25.1,False
06b5000000000039caa4,20.1015625,HIGH,1,0.8011000156402588,6P58RR6F+MXFG,974.8,53.0,False
06b500000000002d24ec,6.2578125,HIGH,1,0.7904999852180481,6P58RR7H+PFM3,975.3,35.6,False
06b5000000000021d7d5,4.921875,HIGH,1,0.7901999950408936,6P58RRH8+2VH5,975.6,27.8,False
06b50000000000388a79,5.7890625,HIGH,1,0.8317000269889832,6P58RR7H+QG7C,975.7,85.9,False
06b50000000000342517,4.9921875,HIGH,1,0.8294000029563904,6P58RRH8+2WR4,975.8,86.4,False
06b500000000001941ce,22.984375,HIGH,1,0.699999988079071,6P58RR8J+J2G6,975.8,63.4,False
06b500000000000f3ac1,6.4453125,HIGH,1,0.838699996471405,6P58RRF7+CGC2,975.9,153.7,False
06b50000000000209323,3.28125,LOW,1,0.7132999897003174,6P58RRH9+32MW,975.9,15.4,False
06b50000000000142c07,3.9921875,LOW,1,0.7670999765396118,6P58RR8H+2MQH,976.2,23.3,False
06b50000000000050f11,6.125,HIGH,1,0.7896000146865845,6P58RR6C+G292,976.3,127.6,False
06b500000000003f01fb,30.328125,HIGH,1,0.8240000009536743,6P58RR87+7J4R,976.3,479.1,False
06b5000000000019d64c,18.28125,HIGH,1,0.7867000102996826,6P58RRHC+F2J5,976.6,113.1,False
06b5000000000008a59f,5.7421875,MEDIUM,1,0.6729000210762024,6P58RRF7+6CQJ,977.0,12.4,False
06b500000000003fd3b4,5.1796875,MEDIUM,1,0.733299970626831,6P58RRF7+49X4,977.0,48.8,False
06b50000000000368fd1,,NO_HEIGHT,0,0.661899983882904,6P58RRCJ+G7MJ,977.4,24.6,False
06b5000000000033acba,,NO_HEIGHT,0,0.651199996471405,6P58RR6F+F6V6,977.4,8.8,False
06b500000000001df126,6.09375,HIGH,1,0.7005000114440918,6P58RR6C+FC76,977.4,59.5,False
06b500000000001b7f08,4.453125,LOW,1,0.7649999856948853,6P58RRH9+43F6,977.5,27.0,False
06b5000000000034ee49,2.7421875,LOW,1,0.7440999746322632,6P58RR97+G695,977.5,48.2,False
06b500000000003a48c6,13.4765625,MEDIUM,1,0.6712999939918518,6P58RR9J+H7WV,977.7,58.3,False
06b50000000000093003,3.84375,MEDIUM,1,0.7026000022888184,6P58RRG8+VMGM,977.9,13.1,False
06b500000000003184a8,3.6796875,HIGH,1,0.8097000122070312,6P58RR97+G6XV,977.9,81.7,False
06b5000000000032de3d,8.5078125,HIGH,1,0.8741999864578247,6P58RR87+GG77,978.3,346.3,False
06b500000000003a78eb,7.6640625,HIGH,1,0.6886000037193298,6P58RRH9+6576,978.4,174.0,False
06b500000000003f5253,8.8671875,HIGH,1,0.8234999775886536,6P58RRG8+PFMH,978.4,72.2,False
06b500000000002ab836,8.5390625,HIGH,1,0.8012999892234802,6P58RRC7+M6PJ,978.5,600.5,False
06b5000000000021c519,5.4921875,HIGH,1,0.713100016117096,6P58RR7H+PGRG,978.6,57.6,False
06b500000000003d25f8,4.875,HIGH,1,0.8108999729156494,6P58RR69+V396,978.6,59.0,False
06b500000000003b06cc,2.8203125,LOW,1,0.7706999778747559,6P58RR6G+Q593,978.7,16.5,False
06b500000000000d1852,4.5859375,HIGH,1,0.777999997138977,6P58RRG8+82G9,978.8,190.2,False
06b50000000000404219,4.21875,MEDIUM,1,0.8125,6P58RR7H+H9JH,979.0,41.8,False
06b50000000000015467,2.40625,HIGH,1,0.7116000056266785,6P58RRG7+6X69,979.1,97.4,False
06b500000000000c0ec2,6.390625,HIGH,1,0.7860000133514404,6P58RRH8+3XV3,979.2,74.8,False
06b50000000000000b71,5.625,HIGH,1,0.8540999889373779,6P58RRG7+3VRM,979.2,226.7,False
06b5000000000004bb87,5.28125,HIGH,1,0.8012999892234802,6P58RR69+GWJQ,979.4,172.0,False
06b500000000003e0639,9.1171875,HIGH,1,0.7240999937057495,6P58RRC7+J6V9,979.5,149.1,False
06b50000000000211a11,30.2890625,HIGH,1,0.8194000124931335,6P58RR78+7CQJ,979.5,121.7,False
06b500000000000d6b69,5.5625,HIGH,1,0.828499972820282,6P58RR97+H5P5,979.6,293.0,False
06b50000000000124b3e,6.046875,HIGH,1,0.7975999712944031,6P58RR6C+F967,979.6,57.5,False
06b500000000002cc665,10.15625,HIGH,1,0.7555000185966492,6P58RR69+MH36,979.6,36.8,False
06b5000000000036e307,7.6953125,HIGH,1,0.6654000282287598,6P58RRH9+5353,979.7,33.9,False
06b500000000001df321,9.1171875,HIGH,1,0.8543000221252441,6P58RR78+2Q32,979.8,739.3,False
06b500000000002d17a9,8.6953125,HIGH,1,0.7940000295639038,6P58RR87+CH3V,979.9,61.0,False
06b5000000000039ff0b,11.6171875,HIGH,1,0.9235000014305115,6P58RRH9+9FQR,980.0,804.0,False
06b500000000003de2cf,8.4375,HIGH,1,0.8313999772071838,6P58RR7H+RHX8,980.2,118.4,False
06b5000000000007f7d5,12.0390625,HIGH,1,0.8526999950408936,6P58RRC7+H677,980.3,284.8,False
06b5000000000037f832,6.1015625,HIGH,1,0.7815999984741211,6P58RR7H+PGC6,980.4,73.4,False
06b5000000000030c538,5.03125,HIGH,1,0.8217999935150146,6P58RR69+V2J3,980.7,223.3,False
06b500000000000421bd,2.65625,LOW,1,0.7168999910354614,6P58RR6G+Q62W,980.7,13.5,False
06b5000000000016cacc,23.921875,HIGH,1,0.9010000228881836,6P58RR6F+F97C,980.7,510.1,False
06b5000000000032301c,6.6015625,HIGH,1,0.7641000151634216,6P58RRH9+43V7,980.7,45.0,False
06b500000000001032b4,6.4140625,HIGH,1,0.6715999841690063,6P58RR69+V425,980.9,20.3,False
06b50000000000213472,6.9140625,HIGH,1,0.7123000025749207,6P58RR6C+FC87,981.0,13.0,False
06b500000000001146dd,6.5390625,HIGH,1,0.8483999967575073,6P58RR6C+CRJQ,981.1,449.3,False
06b5000000000004da0d,,NO_HEIGHT,0,0.7307999730110168,6P58RR87+R9QX,981.2,23.0,False
06b5000000000033a481,6.296875,HIGH,1,0.7875000238418579,6P58RR69+FXXQ,981.3,225.2,False
06b500000000000381a0,6.4375,HIGH,1,0.7972999811172485,6P58RR6C+F956,981.3,50.3,False
06b50000000000050195,5.4375,HIGH,1,0.8442999720573425,6P58RRFJ+74J9,981.3,330.5,False
06b5000000000010c47a,5.078125,HIGH,1,0.9244999885559082,6P58RRG8+F4Q8,981.5,449.7,False
06b50000000000264894,4.6328125,HIGH,1,0.8185999989509583,6P58RR7H+H962,981.5,43.1,False
06b50000000000162130,11.2421875,HIGH,1,0.8476999998092651,6P58RR9J+56H2,981.8,124.5,False
06b50000000000356f18,13.234375,HIGH,1,0.8090000152587891,6P58RR87+CG9X,982.0,81.8,False
06b500000000001b59ce,6.5,HIGH,1,0.810699999332428,6P58RR68+WX56,982.1,81.0,False
06b5000000000004d9fb,7.171875,HIGH,1,0.8650000095367432,6P58RR6G+RC93,982.1,240.9,False
06b5000000000040c9af,13.4921875,HIGH,1,0.7046999931335449,6P58RRC7+R7H3,982.3,14.5,False
06b500000000003f4cd1,8.8515625,LOW_RELAXED,1,0.8206999897956848,6P58RR78+6GG2,982.4,36.9,False
06b50000000000273020,3.4609375,HIGH,1,0.8600000143051147,6P58RRG8+XQPV,982.5,89.7,False
06b5000000000039ac1a,5.3125,HIGH,1,0.6601999998092651,6P58RR78+3MQH,982.7,66.1,False
06b50000000000212a4b,5.2421875,HIGH,1,0.83160001039505,6P58RRF7+59F3,982.7,166.6,False
06b500000000001afe31,6.3125,HIGH,1,0.8435999751091003,6P58RRH8+3WXF,982.8,119.4,False
06b50000000000048996,6.5390625,LOW_RELAXED,1,0.7522000074386597,6P58RR78+J43H,982.9,22.0,False
06b50000000000042bf0,11.140625,HIGH,1,0.9336000084877014,6P58RR7H+PH3V,983.0,1153.7,False
06b500000000003a3919,8.3515625,HIGH,1,0.8379999995231628,6P58RRF7+CFFH,983.0,174.9,False
06b500000000001c7f0e,5.8125,HIGH,1,0.8152999877929688,6P58RRF7+693H,983.0,185.8,False
06b50000000000029875,33.8046875,HIGH,1,0.7437000274658203,6P58RR9J+J82M,983.1,64.6,False
06b50000000000126864,8.4296875,HIGH,1,0.6747000217437744,6P58RR78+M2X8,983.1,15.3,False
06b500000000002ba6f8,4.71875,HIGH,1,0.838699996471405,6P58RRF7+69X5,983.2,130.2,False
06b500000000002c7bf4,9.6796875,HIGH,1,0.800599992275238,6P58RRG8+M8HV,983.3,217.5,False
06b500000000002789e0,5.3125,HIGH,1,0.8277999758720398,6P58RRH9+66WP,983.4,97.6,False
06b500000000002e9bf6,5.4140625,MEDIUM,1,0.6985999941825867,6P58RR69+Q76C,983.7,52.6,False
06b500000000002281bd,12.6484375,HIGH,1,0.8650000095367432,6P58RR69+JGM3,983.8,292.8,False
06b5000000000007d2d9,7.2578125,HIGH,1,0.6606000065803528,6P58RR7H+G8P7,983.8,21.4,False
06b500000000001383e1,5.9609375,HIGH,1,0.7957000136375427,6P58RR69+Q4X8,983.8,208.2,False
06b500000000001638ea,3.859375,LOW,1,0.7044000029563904,6P58RR6G+Q8JF,984.5,20.7,False
06b5000000000024c705,8.59375,HIGH,1,0.6722999811172485,6P58RRH9+5377,984.5,65.2,False
06b500000000001fbe72,5.5078125,HIGH,1,0.7889999747276306,6P58RRG7+6WG6,984.5,206.5,False
06b50000000000387e88,8.90625,MEDIUM,1,0.6510999798774719,6P58RR78+3P93,984.6,10.8,False
06b5000000000024c217,4.15625,HIGH,1,0.7843000292778015,6P58RR97+G678,984.6,136.7,False
06b500000000001e36e9,36.3125,HIGH,1,0.6531999707221985,6P58RR78+7CMJ,984.6,124.1,False
06b50000000000391264,4.921875,HIGH,1,0.7484999895095825,6P58RR69+GVR6,984.7,73.6,False
06b5000000000016d4c4,9.6953125,MEDIUM,1,0.7455999851226807,6P58RR78+J399,984.7,41.4,False
06b5000000000028f793,6.40625,HIGH,1,0.7702000141143799,6P58RR97+J594,984.7,55.9,False
06b5000000000012e4ba,4.4921875,MEDIUM,1,0.7174000144004822,6P58RRG8+XQCG,984.8,56.2,False
06b500000000000db4a5,10.4140625,HIGH,1,0.6712999939918518,6P58RR78+P244,984.9,16.7,False
06b5000000000014ce5a,6.2109375,HIGH,1,0.8188999891281128,6P58RR69+GRJW,985.0,137.8,False
06b5000000000036609d,19.462154522613066,HIGH,1,0.8863000273704529,6P58RR6G+XRVF,985.0,1077.0,False
06b500000000003d21cd,11.2734375,LOW,1,0.7599999904632568,6P58RR87+HFP7,985.1,39.3,False
06b500000000003957cf,4.53125,HIGH,1,0.8366000056266785,6P58RR97+J5QP,985.3,106.8,False
06b50000000000091a7f,5.5859375,HIGH,1,0.738099992275238,6P58RRF7+49JQ,985.4,82.6,False
06b5000000000017aea9,6.859375,HIGH,1,0.7710999846458435,6P58RRH9+65QG,985.4,76.2,False
06b50000000000321cee,9.8984375,MEDIUM,1,0.6711999773979187,6P58RR6F+HP2Q,985.5,26.8,False
06b5000000000027582e,28.953125,HIGH,1,0.6798999905586243,6P58RR78+98FX,985.6,45.1,False
06b50000000000404c4c,7.90625,HIGH,1,0.8050000071525574,6P58RR77+QVWF,985.7,577.7,False
06b50000000000250cb0,6.0703125,HIGH,1,0.8044999837875366,6P58RR97+76FW,985.8,193.3,False
06b5000000000029c56f,4.71875,HIGH,1,0.7211999893188477,6P58RR97+H664,985.9,44.8,False
06b500000000002a5989,5.3125,LOW_RELAXED,1,0.800000011920929,6P58RRG8+M75C,986.0,177.9,False
06b500000000000b1a45,22.921875,HIGH,1,0.7585999965667725,6P58RR6F+FC73,986.0,133.3,False
06b500000000000a7d92,8.1015625,HIGH,1,0.7182999849319458,6P58RR77+PX5F,986.3,135.0,False
06b5000000000027d2ca,8.5078125,HIGH,1,0.8586000204086304,6P58RR8J+F27C,986.4,262.4,False
06b500000000001e71ec,7.640625,HIGH,1,0.8317999839782715,6P58RR8J+Q43F,986.5,49.1,False
06b50000000000111b24,6.3671875,HIGH,1,0.8019000291824341,6P58RR77+QWGF,986.5,125.2,False
06b500000000003d0420,7.5703125,HIGH,1,0.8201000094413757,6P58RR69+R3QC,986.6,45.8,False
06b50000000000134631,6.34375,HIGH,1,0.8070999979972839,6P58RR97+M5GH,986.6,115.0,False
06b5000000000024ab12,5.796875,HIGH,1,0.7839999794960022,6P58RR68+WW3Q,986.6,205.0,False
06b500000000002005e2,13.9765625,HIGH,1,0.9247000217437744,6P58RR6C+CJ39,986.7,231.6,False
06b500000000000b99c9,5.5703125,HIGH,1,0.7682999968528748,6P58RR69+GRPF,986.8,44.1,False
06b5000000000016a552,6.2109375,HIGH,1,0.7397000193595886,6P58RRH8+2VVC,986.9,20.8,False
06b5000000000010f032,9.2734375,HIGH,1,0.7937999963760376,6P58RRH9+524W,987.0,75.3,False
06b500000000001b619c,6.6171875,HIGH,1,0.6732000112533569,6P58RRHC+H637,987.3,128.4,False
06b5000000000022a417,5.0546875,HIGH,1,0.7802000045776367,6P58RR69+JHC5,987.4,52.0,False
06b500000000002081d1,13.234375,HIGH,1,0.7620999813079834,6P58RR87+CGG3,987.5,56.4,False
06b500000000000822fe,7.0625,HIGH,1,0.8389999866485596,6P58RRHC+H5F7,987.6,306.7,False
06b50000000000195a3f,12.78125,HIGH,1,0.8126000165939331,6P58RR78+J3C7,987.7,154.8,False
06b50000000000389009,5.5,HIGH,1,0.8179000020027161,6P58RRC7+X8J6,987.7,114.3,False
06b5000000000025da07,4.8046875,LOW,1,0.7014999985694885,6P58RRG7+5WCQ,987.7,14.7,False
06b5000000000026473b,5.3828125,HIGH,1,0.7749000191688538,6P58RR68+WVJM,987.8,276.7,False
06b5000000000029f0bd,,NO_HEIGHT,0,0.7552000284194946,6P58RR6G+Q8M6,987.9,8.0,False
06b50000000000008481,8.4765625,HIGH,1,0.7312999963760376,6P58RR77+MXH9,987.9,90.0,False
06b500000000000b53c4,10.296875,LOW_RELAXED,1,0.717199981212616,6P58RR6F+C3JX,987.9,30.7,False
06b5000000000021f8ef,9.7734375,HIGH,1,0.88919997215271,6P58RR77+WRJ4,988.0,188.7,False
06b500000000001c5935,34.0234375,HIGH,1,0.6557000279426575,6P58RR8H+9X67,988.0,113.9,False
06b500000000003f1df3,7.046875,HIGH,1,0.8809000253677368,6P58RRHC+H4C2,988.1,522.4,False
06b50000000000305d57,4.9609375,MEDIUM,1,0.6891999840736389,6P58RR7H+H946,988.2,46.7,False
06b50000000000376a94,4.5859375,HIGH,1,0.8456000089645386,6P58RRG8+XPM3,988.3,197.7,False
06b50000000000160dea,7.3203125,HIGH,1,0.7179999947547913,6P58RR6C+CCQ9,988.4,30.1,False
06b50000000000349d87,8.40625,HIGH,1,0.8521999716758728,6P58RRH9+644V,988.5,60.9,False
06b500000000000d6b34,9.1015625,HIGH,1,0.795199990272522,6P58RR77+RVMR,988.6,213.3,False
06b500000000000641a6,9.421875,HIGH,1,0.8871999979019165,6P58RR6G+RF9G,988.6,411.2,False
06b50000000000169468,5.78125,HIGH,1,0.8495000004768372,6P58RRC7+Q6XH,988.6,134.2,False
06b50000000000397a0b,9.328125,HIGH,1,0.8054999709129333,6P58RRH9+GV5R,988.6,175.7,False
06b500000000002d34e5,15.3359375,HIGH,1,0.8693000078201294,6P58RR8H+CX86,988.7,105.2,False
06b5000000000030ea18,6.2734375,HIGH,1,0.864799976348877,6P58RR69+GQW7,988.7,74.2,False
06b50000000000355492,8.0625,HIGH,1,0.8374000191688538,6P58RR7H+RJPF,989.0,118.9,False
06b5000000000012a015,10.015625,HIGH,1,0.9314000010490417,6P58RRF7+QH49,989.0,397.8,False
06b5000000000019e648,,NO_HEIGHT,0,0.6696000099182129,6P58RR6F+C3QJ,989.0,13.4,False
06b5000000000035781b,8.8828125,HIGH,1,0.7069000005722046,6P58RRH9+53PC,989.1,46.8,False
06b5000000000025772f,8.640625,HIGH,1,0.7448999881744385,6P58RRH9+527W,989.1,64.8,False
06b500000000003714e3,10.328125,HIGH,1,0.7791000008583069,6P58RR78+M264,989.1,91.0,False
06b500000000000fa5ab,3.1171875,HIGH,1,0.781499981880188,6P58RR69+V227,989.2,199.8,False
06b500000000003aec79,9.84375,HIGH,1,0.8640999794006348,6P58RR78+6F6M,989.2,282.0,False
06b500000000003d0e08,8.390625,HIGH,1,0.828000009059906,6P58RR69+Q3WX,989.6,255.1,False
06b5000000000008b387,4.90625,LOW,1,0.7465999722480774,6P58RR69+Q5H2,989.6,48.2,False
06b50000000000045977,10.5390625,HIGH,1,0.8458999991416931,6P58RR8H+2Q8X,989.7,437.5,False
06b500000000000a6ca1,34.0625,HIGH,1,0.8481000065803528,6P58RR78+79MX,989.8,209.3,False
06b500000000002c9a22,30.3203125,HIGH,1,0.6922000050544739,6P58RR78+88PQ,989.8,101.0,False
06b50000000000311ae6,7.4921875,HIGH,1,0.8587999939918518,6P58RRH9+77JF,990.0,182.0,False
06b500000000003ff42c,11.890625,HIGH,1,0.8817999958992004,6P58RR87+FF49,990.0,439.0,False
06b500000000003f97bc,8.2890625,HIGH,1,0.7978000044822693,6P58RR69+P648,990.1,516.9,False
06b5000000000002907b,21.8515625,MEDIUM,1,0.6647999882698059,6P58RR6F+GMFR,990.2,29.1,False
06b5000000000011be92,9.3984375,HIGH,1,0.7630000114440918,6P58RR6C+C6Q8,990.2,132.4,False
06b500000000002db255,5.78125,HIGH,1,0.8348000049591064,6P58RRF7+79P2,990.4,160.1,False
06b50000000000060cfc,5.796875,HIGH,1,0.7753999829292297,6P58RR69+GW55,990.4,46.8,False
06b500000000000b6642,12.1953125,LOW,1,0.7659000158309937,6P58RR87+5JX3,990.4,76.1,False
06b500000000002fca00,7.734375,HIGH,1,0.8144000172615051,6P58RRH8+2PX5,990.6,500.4,False
06b5000000000020b8aa,,NO_HEIGHT,0,0.6973999738693237,6P58RRHC+HWX6,990.6,18.2,False
06b5000000000038a443,19.703125,HIGH,1,0.8205000162124634,6P58RR6F+FG7R,990.8,421.2,False
06b50000000000313552,6.125,HIGH,1,0.7983999848365784,6P58RRH8+4W2X,990.9,117.8,False
06b500000000002caae8,5.75,HIGH,1,0.7261000275611877,6P58RR7H+G9F8,991.1,76.8,False
06b5000000000022b416,7.0703125,HIGH,1,0.7573999762535095,6P58RR6C+C77M,991.2,92.6,False
06b5000000000019ccf5,4.2109375,LOW,1,0.7117999792098999,6P58RR97+F6R7,991.3,25.0,False
06b50000000000358c32,6.359375,HIGH,1,0.7002999782562256,6P58RR6C+CCFC,991.4,24.2,False
06b500000000000d7b0d,8.8828125,HIGH,1,0.7674000263214111,6P58RR6C+F632,991.5,32.2,False
06b500000000003b1b80,6.046875,LOW,1,0.6880999803543091,6P58RR87+HF2H,991.6,42.0,False
06b5000000000017d740,4.9609375,HIGH,1,0.7390999794006348,6P58RR97+95H7,991.7,193.7,False
06b500000000000fa445,18.515625,HIGH,1,0.7084000110626221,6P58RR6F+GP6W,991.7,67.0,False
06b50000000000165717,7.3515625,HIGH,1,0.885200023651123,6P58RRG8+P9XM,992.1,139.0,False
06b500000000002ed1c8,,NO_HEIGHT,0,0.6520000100135803,6P58RRF7+HGM5,992.1,24.2,False
06b50000000000077be8,5.1328125,HIGH,1,0.7583000063896179,6P58RR69+FWRH,992.1,128.7,False
06b500000000002a36b2,4.6640625,HIGH,1,0.6531000137329102,6P58RR69+GV6V,992.4,42.2,False
06b5000000000008d051,6.3203125,HIGH,1,0.6830999851226807,6P58RRG7+6W6M,992.5,53.3,False
06b500000000003675a5,6.3984375,HIGH,1,0.8371000289916992,6P58RR78+2JQ4,992.9,539.0,False
06b50000000000169075,4.734375,MEDIUM,1,0.7160999774932861,6P58RR87+7HPH,992.9,59.9,False
06b500000000002bc71c,13.3203125,HIGH,1,0.7821999788284302,6P58RR77+XQ2H,993.1,277.0,False
06b50000000000166761,7.5703125,HIGH,1,0.6998000144958496,6P58RR69+R3FG,993.1,15.2,False
06b50000000000002817,6.296875,HIGH,1,0.8115000128746033,6P58RRF7+89PX,993.1,151.5,False
06b50000000000208588,4.2109375,HIGH,1,0.883400022983551,6P58RR97+G58M,993.1,182.1,False
06b500000000003e4f31,6.2109375,HIGH,1,0.7129999995231628,6P58RR7H+F9RV,993.4,69.6,False
06b500000000000dab67,8.1875,HIGH,1,0.8715000152587891,6P58RRH9+64XJ,993.4,135.0,False
06b500000000001ed658,14.859375,HIGH,1,0.8723000288009644,6P58RRHC+J826,993.4,635.3,False
06b5000000000033f29c,4.640625,LOW,1,0.7663999795913696,6P58RRG8+QFCV,993.6,24.3,False
06b5000000000028dd80,8.953125,HIGH,1,0.7825999855995178,6P58RR9J+P9GF,993.6,98.2,False
06b50000000000267a8d,3.5859375,LOW,1,0.8032000064849854,6P58RR8J+W5HG,993.7,24.4,False
06b500000000001d6f50,5.7890625,HIGH,1,0.7706000208854675,6P58RR6C+C9H2,993.9,19.4,False
06b500000000003fdfda,13.0703125,HIGH,1,0.8227999806404114,6P58RR9J+M9M4,994.3,329.4,False
06b500000000003daf8f,7.359375,HIGH,1,0.7605999708175659,6P58RRH9+76MJ,994.3,118.8,False
06b500000000000cb428,8.9453125,HIGH,1,0.6514999866485596,6P58RR87+GF7X,994.6,14.7,False
06b50000000000256ecc,2.3828125,LOW_RELAXED,1,0.6669999957084656,6P58RR97+F5P9,994.8,22.3,False
06b50000000000049749,9.125,HIGH,1,0.8281999826431274,6P58RR69+GHF4,995.0,1091.5,False
06b500000000000ddf46,6.7890625,HIGH,1,0.8222000002861023,6P58RR69+GPMP,995.1,84.6,False
06b500000000001d5c5c,6.6171875,HIGH,1,0.8094000220298767,6P58RR6C+9FVR,995.2,70.0,False
06b500000000002306a9,8.6953125,HIGH,1,0.8177000284194946,6P58RR6C+C6MF,995.2,51.3,False
06b500000000000164bc,4.5703125,HIGH,1,0.7818999886512756,6P58RRF7+38CP,995.3,50.5,False
06b5000000000030588a,16.6171875,HIGH,1,0.9562000036239624,6P58RRH9+C984,995.5,705.9,False
06b500000000003dd184,6.9765625,HIGH,1,0.7337999939918518,6P58RR6C+C749,995.6,125.1,False
06b50000000000396b0d,13.9765625,LOW,1,0.6794000267982483,6P58RRH9+9C3M,995.6,9.3,False
06b5000000000004c96b,8.265625,HIGH,1,0.7504000067710876,6P58RR6C+C5P9,995.7,68.3,False
06b5000000000029410e,4.109375,HIGH,1,0.894599974155426,6P58RRG8+G5R3,995.8,171.6,False
06b500000000002b9ed2,5.5078125,HIGH,1,0.7953000068664551,6P58RRH9+638H,995.9,41.4,False
06b50000000000312843,2.5234375,LOW_RELAXED,1,0.7519000172615051,6P58RR9J+2686,995.9,22.6,False
06b500000000000af065,6.9765625,HIGH,1,0.8134999871253967,6P58RR6C+C2VW,995.9,269.3,False
06b50000000000345457,4.6484375,HIGH,1,0.6937999725341797,6P58RRF7+27PC,996.0,189.4,False
06b500000000000f02e1,14.1796875,HIGH,1,0.8745999932289124,6P58RRH9+GRQF,996.1,309.6,False
06b5000000000001349c,7.171875,HIGH,1,0.9007999897003174,6P58RR6F+GQ64,996.1,241.9,False
06b50000000000028e31,8.65625,HIGH,1,0.8833000063896179,6P58RR6C+9PQC,996.2,200.5,False
06b500000000002ff572,46.15625,HIGH,1,0.7782999873161316,6P58RR78+6CJV,996.6,123.8,False
06b5000000000018e1d7,2.2109375,HIGH,1,0.6639999747276306,6P58RRG7+5VMW,996.6,34.3,False
06b500000000002c6a96,12.7578125,HIGH,1,0.8256999850273132,6P58RRHC+H23H,996.7,109.6,False
06b500000000000e6f47,27.546875,LOW,1,0.7746000289916992,6P58RR78+974P,996.7,59.5,False
06b50000000000286fa4,4.375,HIGH,1,0.6988000273704529,6P58RRHC+H6RV,996.8,179.9,False
06b50000000000342d67,,NO_HEIGHT,0,0.7267000079154968,6P58RRHF+H96V,996.8,23.3,False
06b500000000000fc6ee,8.828125,HIGH,1,0.7422999739646912,6P58RR9J+57G6,997.0,48.3,False
06b5000000000037cd3d,4.59375,HIGH,1,0.7279000282287598,6P58RR69+FRH3,997.1,285.2,False
06b500000000002823f8,8.375,HIGH,1,0.9071000218391418,6P58RR87+2MPX,997.4,291.5,False
06b50000000000169aa4,11.28125,HIGH,1,0.777400016784668,6P58RR7H+JGR7,997.4,55.2,False
06b500000000003342cc,4.78125,MEDIUM,1,0.7325999736785889,6P58RR7H+RMCR,997.4,50.2,False
06b5000000000015db8a,6.8359375,HIGH,1,0.7028999924659729,6P58RR69+FWHX,997.5,24.4,False
06b500000000002bf123,6.375,HIGH,1,0.8076000213623047,6P58RR6C+C895,997.6,71.8,False
06b5000000000012b4da,6.390625,HIGH,1,0.8014000058174133,6P58RRG7+6V8V,997.7,119.8,False
06b500000000003bbcdd,3.1875,LOW,1,0.6614000201225281,6P58RR87+HC4W,997.7,41.1,False
06b500000000003907a6,,NO_HEIGHT,0,0.8154000043869019,6P58RRHF+GM7Q,997.7,128.0,False
06b500000000002784be,3.7578125,HIGH,1,0.7361999750137329,6P58RRG8+F34H,997.8,39.8,False
06b500000000000af063,8.8984375,HIGH,1,0.7583000063896179,6P58RR6C+9RGV,997.8,191.4,False
06b50000000000096dfa,33.609375,HIGH,1,0.6643000245094299,6P58RR8H+5WRX,997.8,123.2,False
06b500000000000a0c97,11.2421875,HIGH,1,0.7727000117301941,6P58RR8J+M479,998.0,61.1,False
06b500000000000a42fb,8.1015625,HIGH,1,0.8952999711036682,6P58RR6C+9GC9,998.1,136.8,False
06b500000000002467bd,8.4765625,HIGH,1,0.7865999937057495,6P58RR97+M56R,998.2,78.8,False
06b5000000000009eac4,3.8984375,HIGH,1,0.8382999897003174,6P58RRG8+WH8X,998.9,95.7,False
06b50000000000358b82,6.5234375,HIGH,1,0.8587999939918518,6P58RRH8+4VF5,999.0,117.2,False
06b5000000000005dc82,11.46875,HIGH,1,0.8238999843597412,6P58RR9J+37W6,999.0,155.8,False
06b5000000000033631d,8.4453125,HIGH,1,0.8101999759674072,6P58RR69+M69H,999.2,333.3,False
06b500000000000b4e50,6.8984375,HIGH,1,0.8658999800682068,6P58RR6G+RJR5,999.2,403.9,False
06b5000000000008da16,5.71875,LOW,1,0.7907999753952026,6P58RR77+VRF9,999.3,27.9,False
06b5000000000010c85d,14.5234375,HIGH,1,0.8371000289916992,6P58RR78+G33V,999.4,569.9,False
06b50000000000145e7a,5.8828125,HIGH,1,0.8346999883651733,6P58RR97+267W,999.6,407.4,False
06b500000000000fee45,11.7734375,MEDIUM,1,0.7554000020027161,6P58RR6F+HV43,999.6,32.8,False
06b50000000000168c7c,7.390625,LOW,1,0.8065000176429749,6P58RR8J+P5R5,999.8,61.8,False
06b500000000003c97cd,5.7265625,HIGH,1,0.6937000155448914,6P58RR69+GQ8F,999.9,20.6,False
06b5000000000001f737,7.3125,HIGH,1,0.7504000067710876,6P58RR68+VW3Q,999.9,208.3,False
06b50000000000167b1b,7.03125,HIGH,1,0.7037000060081482,6P58RRH9+63P4,1000.0,33.7,False
06b50000000000315d6a,5.5,HIGH,1,0.7784000039100647,6P58RR69+FQHP,1000.3,275.4,False
06b500000000002026f2,36.5625,HIGH,1,0.7002999782562256,6P58RR78+78PW,1000.4,81.4,False
06b5000000000009e869,9.8203125,HIGH,1,0.7800999879837036,6P58RRH8+5XFJ,1000.5,68.1,False
06b5000000000040f927,6.5859375,HIGH,1,0.8374000191688538,6P58RR69+CXRQ,1000.6,169.2,False
06b500000000000aac98,6.1953125,HIGH,1,0.7756999731063843,6P58RR97+W446,1000.6,119.1,False
06b500000000002fb833,5.0,MEDIUM,1,0.8144999742507935,6P58RR69+Q46M,1000.6,53.3,False
06b5000000000037f965,5.109375,HIGH,1,0.7710000276565552,6P58RRG7+7WVV,1000.9,179.3,False
06b5000000000003ed37,8.1328125,HIGH,1,0.7893999814987183,6P58RRH9+63F3,1001.0,26.1,False
06b50000000000135895,6.0234375,LOW,1,0.7024999856948853,6P58RR97+P45W,1001.2,8.8,False
06b500000000000bd94c,10.1015625,HIGH,1,0.8733000159263611,6P58RRC7+Q5VC,1001.2,377.4,False
06b500000000002e6729,6.78125,HIGH,1,0.720300018787384,6P58RR97+V448,1001.2,53.2,False
06b500000000002c8010,6.875,HIGH,1,0.8495000004768372,6P58RRF7+57HP,1001.2,186.7,False
06b50000000000162402,4.390625,HIGH,1,0.8169000148773193,6P58RRF7+MGF9,1001.5,43.2,False
06b50000000000008d2e,6.6171875,HIGH,1,0.8223999738693237,6P58RRF7+6863,1001.6,174.2,False
06b5000000000015afc7,5.3359375,HIGH,1,0.766700029373169,6P58RRG7+4Q2H,1001.6,221.6,False
06b500000000000cc2fa,5.3046875,MEDIUM,1,0.6589999794960022,6P58RRC7+X727,1001.6,17.7,False
06b5000000000038dfbf,10.90625,HIGH,1,0.7110999822616577,6P58RR7G+3VHQ,1001.6,5.0,False
06b5000000000003757d,6.015625,HIGH,1,0.6604999899864197,6P58RR69+GQ62,1001.9,44.4,False
06b5000000000028ef0b,,NO_HEIGHT,0,0.707099974155426,6P58RRHF+GP8Q,1002.2,128.2,False
06b5000000000014a533,5.296875,HIGH,1,0.7656000256538391,6P58RR68+QXQG,1002.2,471.4,False
06b5000000000019b69e,7.015625,HIGH,1,0.6970999836921692,6P58RRG7+7V56,1002.2,48.0,False
06b500000000002fbe6b,4.9765625,HIGH,1,0.7667999863624573,6P58RR8H+3VCV,1002.3,132.0,False
06b500000000002a2624,12.5390625,HIGH,1,0.8690999746322632,6P58RR77+VQGV,1002.6,195.2,False
06b500000000000f8127,12.609375,HIGH,1,0.7269999980926514,6P58RR78+5C24,1002.8,598.0,False
06b500000000000b9706,13.0546875,MEDIUM,1,0.722599983215332,6P58RR78+G46X,1003.0,4.9,False
06b500000000002ed1a6,4.8828125,HIGH,1,0.715499997138977,6P58RR7H+F9Q9,1003.0,100.8,False
06b500000000003b6a83,6.8203125,HIGH,1,0.7759000062942505,6P58RRH9+63WQ,1003.2,29.3,False
06b50000000000337703,18.6953125,HIGH,1,0.8640000224113464,6P58RR6F+C935,1003.2,333.9,False
06b500000000000f0ee7,6.484375,HIGH,1,0.7903000116348267,6P58RRG7+6R84,1003.3,210.9,False
06b500000000000b0a09,6.2265625,HIGH,1,0.7811999917030334,6P58RR69+CWVX,1003.3,80.3,False
06b500000000001643bd,20.3515625,HIGH,1,0.8385000228881836,6P58RR6F+CMQF,1003.3,443.3,False
06b500000000003471d8,4.6953125,HIGH,1,0.7354999780654907,6P58RR97+66J6,1003.4,35.8,False
06b500000000003d5608,7.171875,HIGH,1,0.7937999963760376,6P58RRH8+4Q8M,1003.4,394.3,False
06b500000000003396ef,5.515625,HIGH,1,0.7052000164985657,6P58RR77+PWR4,1003.5,27.4,False
06b5000000000029f675,43.5,HIGH,1,0.8004999756813049,6P58RR78+68WG,1003.6,273.3,False
06b5000000000020cb5d,7.671875,HIGH,1,0.8478999733924866,6P58RR6C+99GR,1003.6,85.4,False
06b500000000000fb931,5.59375,HIGH,1,0.675599992275238,6P58RR6C+98V9,1003.6,48.8,False
06b5000000000016b237,5.65625,HIGH,1,0.8600000143051147,6P58RR97+X3QM,1003.7,215.2,False
06b5000000000010cf8a,48.6171875,LOW,1,0.7092000246047974,6P58RR7H+9655,1003.8,27.8,False
06b500000000001f9cc3,11.2734375,HIGH,1,0.7335000038146973,6P58RR6F+FH45,1003.9,44.8,False
06b500000000001c5da9,53.609375,MEDIUM,1,0.807200014591217,6P58RR7H+65R7,1004.0,125.4,False
06b5000000000035b34e,8.640625,HIGH,1,0.8544999957084656,6P58RRH8+5WQ8,1004.2,99.6,False
06b500000000002e3ee5,5.9765625,HIGH,1,0.8798999786376953,6P58RRF7+F9GG,1004.2,352.1,False
06b5000000000016b94d,2.828125,HIGH,1,0.8156999945640564,6P58RR97+P42W,1004.3,95.1,False
06b5000000000008423b,8.6640625,HIGH,1,0.7150999903678894,6P58RR8J+93RX,1004.5,103.5,False
06b500000000003ea22c,7.2265625,HIGH,1,0.7365000247955322,6P58RR6C+9C6C,1004.5,49.7,False
06b50000000000056853,5.1484375,LOW,1,0.7842000126838684,6P58RRH9+87W4,1004.5,31.4,False
06b50000000000294ca6,26.2109375,HIGH,1,0.8090999722480774,6P58RR9J+99WH,1004.6,263.8,False
06b50000000000228f34,5.0234375,LOW,1,0.7253000140190125,6P58RRC7+3438,1004.6,19.7,False
06b50000000000186bbc,4.2109375,MEDIUM,1,0.786899983882904,6P58RR87+6HRQ,1004.8,41.1,False
06b50000000000181126,4.359375,MEDIUM,1,0.7268000245094299,6P58RRH9+FH8C,1005.2,35.2,False
06b5000000000006b475,10.65625,MEDIUM,1,0.6553999781608582,6P58RR7G+3WP4,1005.3,16.0,False
06b500000000003e7e6b,6.6328125,HIGH,1,0.6651999950408936,6P58RR6F+GR9J,1005.4,32.2,False
06b500000000002e7f40,17.8046875,HIGH,1,0.6582000255584717,6P58RR6F+FPF6,1005.4,62.0,False
06b500000000002d0dbb,9.7734375,HIGH,1,0.8503999710083008,6P58RR87+3J9G,1005.4,163.5,False
06b500000000000dd993,2.4609375,HIGH,1,0.722000002861023,6P58RR97+C5C8,1005.5,21.8,False
06b5000000000013b9ef,,NO_HEIGHT,0,0.7200000286102295,6P58RRCJ+J96V,1005.5,36.2,False
06b500000000000af0c6,9.3671875,HIGH,1,0.7032999992370605,6P58RRH8+6X5G,1005.6,39.0,False
06b5000000000035499f,3.8125,HIGH,1,0.8816999793052673,6P58RR97+G4PR,1005.8,251.0,False
06b500000000000d4e62,6.15625,HIGH,1,0.8203999996185303,6P58RRF7+68RV,1005.8,199.7,False
06b500000000001fa5b4,3.640625,MEDIUM,1,0.8023999929428101,6P58RRG7+9XF4,1005.8,49.4,False
06b500000000000f185f,11.21875,HIGH,1,0.8705000281333923,6P58RRH9+HQ68,1005.9,533.9,False
06b50000000000405739,7.4765625,HIGH,1,0.75,6P58RRH9+62QF,1006.0,52.0,False
06b500000000002f3e93,4.453125,LOW,1,0.8447999954223633,6P58RR6F+CFC5,1006.2,36.6,False
06b500000000002ccd53,7.8671875,HIGH,1,0.8266000151634216,6P58RRH9+8578,1006.3,109.9,False
06b50000000000069c9d,30.3203125,MEDIUM,1,0.8131999969482422,6P58RR78+77QW,1006.3,126.3,False
06b5000000000023338e,8.96875,HIGH,1,0.928600013256073,6P58RR97+R398,1006.3,616.1,False
06b500000000000bc8da,5.109375,HIGH,1,0.7890999913215637,6P58RRG8+XH9F,1006.3,108.8,False
06b500000000003e59b8,6.1640625,HIGH,1,0.6988999843597412,6P58RRC7+P577,1006.3,97.9,False
06b500000000002c2d54,5.9296875,HIGH,1,0.8877000212669373,6P58RRG8+WGG7,1006.4,173.7,False
06b50000000000117a0a,11.4765625,HIGH,1,0.9186000227928162,6P58RR7H+98Q5,1006.5,450.0,False
06b5000000000020a2c2,6.4921875,HIGH,1,0.7936000227928162,6P58RR8J+F3Q9,1006.5,244.0,False
06b500000000002756c7,9.0,HIGH,1,0.8069000244140625,6P58RRHF+J9FV,1006.6,116.2,False
06b50000000000140c1b,6.8203125,HIGH,1,0.6542999744415283,6P58RR7H+GC3W,1006.7,24.3,False
06b500000000000c6ca5,6.9453125,HIGH,1,0.7462000250816345,6P58RR69+FQCH,1006.7,71.5,False
06b5000000000009cd39,7.0234375,LOW,1,0.696399986743927,6P58RR87+GC87,1006.8,20.6,False
06b500000000001651ed,12.640625,HIGH,1,0.8385999798774719,6P58RR7G+2WJ8,1006.8,142.5,False
06b500000000000dfb65,5.65625,HIGH,1,0.9036999940872192,6P58RRG8+P8JF,1007.0,112.3,False
06b50000000000228600,3.328125,HIGH,1,0.8601999878883362,6P58RR97+94GM,1007.1,213.4,False
06b500000000002f1c0f,8.46875,HIGH,1,0.6657999753952026,6P58RRH8+4RQ2,1007.2,102.9,False
06b500000000000dc31c,8.9921875,HIGH,1,0.8489000201225281,6P58RR7H+XRQV,1007.3,478.8,False
06b500000000000f4732,5.5859375,LOW,1,0.7188000082969666,6P58RR77+PW33,1007.3,23.8,False
06b500000000000d7f45,73.7578125,HIGH,1,0.8037999868392944,6P58RR6F+724X,1007.4,1182.9,False
06b50000000000285593,13.8359375,HIGH,1,0.652999997138977,6P58RRHC+H2XQ,1007.5,34.1,False
06b5000000000009c9b4,5.453125,HIGH,1,0.8050000071525574,6P58RR87+6GP9,1007.6,227.6,False
06b5000000000036f5e4,16.1953125,HIGH,1,0.879800021648407,6P58RR77+WP4G,1007.6,286.3,False
06b500000000003cf293,5.96875,HIGH,1,0.8817999958992004,6P58RRF7+PGFC,1007.8,179.2,False
06b500000000001a8411,7.3828125,HIGH,1,0.7233999967575073,6P58RR8J+72RW,1007.8,162.8,False
06b50000000000375795,5.28125,HIGH,1,0.7480000257492065,6P58RR87+8G36,1008.0,59.9,False
06b500000000003747c1,8.3984375,HIGH,1,0.8565000295639038,6P58RRC7+V5FV,1008.1,236.5,False
06b5000000000021bd9f,6.9453125,HIGH,1,0.7297000288963318,6P58RRH9+96H3,1008.2,187.3,False
06b5000000000005c81c,6.015625,HIGH,1,0.7631000280380249,6P58RR69+FPHF,1008.3,52.4,False
06b50000000000025044,2.78125,HIGH,1,0.7731999754905701,6P58RR97+J47M,1008.3,54.9,False
06b50000000000006381,5.1484375,MEDIUM,1,0.8012999892234802,6P58RRH9+9796,1008.6,40.4,False
06b500000000000e2991,7.6484375,HIGH,1,0.8830999732017517,6P58RR97+W352,1008.7,193.8,False
06b500000000002e953c,8.8359375,HIGH,1,0.7742000222206116,6P58RR6C+95FV,1008.7,150.6,False
06b500000000001f91b5,7.6796875,HIGH,1,0.8623999953269958,6P58RRG7+4M5X,1008.8,674.3,False
06b500000000000cbf78,5.9375,MEDIUM,1,0.6797999739646912,6P58RR68+WR63,1008.8,26.1,False
06b5000000000013a47e,5.625,HIGH,1,0.786899983882904,6P58RR6C+8CVX,1008.8,85.9,False
06b50000000000092efa,5.5234375,HIGH,1,0.8550000190734863,6P58RRH9+73H8,1008.9,29.5,False
06b500000000000d64e2,7.7109375,MEDIUM,1,0.6924999952316284,6P58RR68+XMWH,1009.2,4.2,False
06b5000000000005ad0a,20.96875,HIGH,1,0.8309999704360962,6P58RR68+XH3F,1009.3,1065.7,False
06b500000000002d0686,4.6484375,HIGH,1,0.781000018119812,6P58RR97+P3QF,1009.5,125.3,False
06b5000000000019f7d0,6.0546875,HIGH,1,0.7379999756813049,6P58RRF7+88H2,1009.5,58.9,False
06b5000000000022dfbf,14.029947916666666,HIGH,1,0.8827000260353088,6P58RRFJ+86X2,1009.6,3275.6,False
06b500000000000afb87,6.3125,HIGH,1,0.7143999934196472,6P58RRG7+7R53,1009.7,104.9,False
06b500000000004036ba,4.0390625,HIGH,1,0.809499979019165,6P58RRG7+7VPJ,1009.8,82.6,False
06b500000000003ac514,3.5546875,HIGH,1,0.7056000232696533,6P58RR9J+5875,1009.8,57.2,False
06b50000000000130078,4.609375,HIGH,1,0.7994999885559082,6P58RRG8+WHRQ,1009.9,46.7,False
06b5000000000020625f,6.734375,HIGH,1,0.7372000217437744,6P58RR97+458V,1010.0,153.4,False
06b5000000000014082d,6.640625,HIGH,1,0.7633000016212463,6P58RR7H+GC56,1010.0,51.5,False
06b500000000000c4b8d,3.3046875,HIGH,1,0.9103999733924866,6P58RR97+M399,1010.1,234.4,False
06b5000000000008855c,10.3359375,HIGH,1,0.8367999792098999,6P58RR87+3JM6,1010.2,162.7,False
06b500000000001c9131,13.3359375,HIGH,1,0.7627999782562256,6P58RR68+WPF3,1010.2,302.4,False
06b500000000000ce58b,5.3125,HIGH,1,0.8216000199317932,6P58RRF7+G9H9,1010.2,180.8,False
06b5000000000031c0f3,6.5859375,HIGH,1,0.8589000105857849,6P58RR9J+MCVX,1010.4,77.2,False
06b500000000001797dd,8.5703125,HIGH,1,0.7221999764442444,6P58RR68+WQ6X,1010.4,89.8,False
06b50000000000254793,6.8203125,HIGH,1,0.758899986743927,6P58RRH9+63RX,1010.5,4.4,False
06b50000000000268c1e,7.1171875,HIGH,1,0.7900999784469604,6P58RRH9+74JH,1010.6,40.2,False
06b500000000001e888d,7.546875,LOW,1,0.7566999793052673,6P58RR87+CC5X,1010.7,39.9,False
06b5000000000005f483,6.4375,HIGH,1,0.8192999958992004,6P58RR6C+94M6,1010.7,128.6,False
06b50000000000341538,63.671875,HIGH,1,0.8865000009536743,6P58RR6C+6XJM,1010.9,1452.5,False
06b5000000000027d239,11.34375,HIGH,1,0.8557999730110168,6P58RR6F+FQ25,1010.9,296.4,False
06b500000000000dd9bf,7.4765625,HIGH,1,0.8133000135421753,6P58RRC7+23G7,1010.9,135.6,False
06b500000000000a3df2,7.96875,HIGH,1,0.819100022315979,6P58RRH9+849Q,1011.1,59.0,False
06b500000000003db298,8.546875,HIGH,1,0.7788000106811523,6P58RR77+PVGC,1011.1,84.5,False
06b500000000003bea52,6.6796875,HIGH,1,0.8493000268936157,6P58RRC7+3342,1011.3,87.8,False
06b5000000000010d044,3.75,HIGH,1,0.7297000288963318,6P58RRF7+JF66,1011.4,62.0,False
06b50000000000346d36,6.4765625,HIGH,1,0.6886000037193298,6P58RR97+35XX,1011.4,47.1,False
06b500000000002a5d95,7.5703125,HIGH,1,0.8931999802589417,6P58RRG8+WF72,1011.4,236.3,False
06b500000000003b5e21,9.03125,HIGH,1,0.814300000667572,6P58RR68+RVW4,1011.5,67.6,False
06b500000000000e9877,3.7890625,HIGH,1,0.711899995803833,6P58RR97+H4FQ,1011.6,7.0,False
06b500000000003c21f7,8.28125,HIGH,1,0.8838000297546387,6P58RR68+RR7X,1011.6,726.5,False
06b5000000000008c237,3.59375,HIGH,1,0.6830999851226807,6P58RRG8+F24V,1011.7,19.7,False
06b5000000000024107d,2.625,LOW_RELAXED,1,0.6865000128746033,6P58RRC7+5398,1011.7,20.4,False
06b500000000001ef652,4.6796875,HIGH,1,0.6743999719619751,6P58RR6C+9939,1011.7,62.0,False
06b50000000000034bbd,16.8046875,HIGH,1,0.8360999822616577,6P58RR7G+2X34,1011.9,888.9,False
06b50000000000207b02,9.3984375,HIGH,1,0.8141999840736389,6P58RR87+2J52,1011.9,502.4,False
06b500000000001e9c27,7.75,HIGH,1,0.7973999977111816,6P58RRF7+882F,1011.9,258.5,False
06b5000000000037b76a,4.0234375,MEDIUM,1,0.6650999784469604,6P58RR69+Q25W,1012.0,13.9,False
06b5000000000000a30d,6.9765625,HIGH,1,0.8240000009536743,6P58RR6C+93MG,1012.0,130.7,False
06b500000000002b4334,4.15625,MEDIUM,1,0.8208000063896179,6P58RR87+G99H,1012.1,48.6,False
06b5000000000024d1b1,4.72265625,HIGH,1,0.7009999752044678,6P58RR97+75CW,1012.3,28.8,False
06b50000000000196b1d,5.9296875,HIGH,1,0.7257999777793884,6P58RRH9+97M8,1012.4,113.3,False
06b5000000000014e02d,6.390625,HIGH,1,0.8044000267982483,6P58RRG7+8VGW,1012.5,221.4,False
06b500000000001a3ad4,5.9140625,HIGH,1,0.8743000030517578,6P58RRH8+6W22,1012.7,142.7,False
06b500000000003397e2,13.421875,HIGH,1,0.8655999898910522,6P58RR87+C9Q3,1012.7,455.2,False
06b5000000000020c924,9.2109375,HIGH,1,0.8343999981880188,6P58RR6F+GX7Q,1012.8,225.0,False
06b5000000000002fa00,7.828125,MEDIUM,1,0.758899986743927,6P58RRHF+J9P5,1012.8,37.2,False
06b500000000000bc92d,6.6640625,HIGH,1,0.786300003528595,6P58RR6F+FRPG,1012.9,73.3,False
06b50000000000020653,16.5,LOW,1,0.7365000247955322,6P58RR6F+9FV7,1013.0,66.1,False
06b50000000000197dd4,10.40625,HIGH,1,0.7817999720573425,6P58RR68+WMJM,1013.2,541.4,False
06b500000000002125b8,4.4921875,HIGH,1,0.8730000257492065,6P58RR97+94RM,1013.2,232.5,False
06b500000000001f2147,7.3828125,HIGH,1,0.8233000040054321,6P58RRH8+4PPC,1013.3,589.1,False
06b500000000000b14b5,10.6875,HIGH,1,0.7950000166893005,6P58RR8J+723C,1013.4,127.0,False
06b50000000000006cf6,7.796875,HIGH,1,0.8364999890327454,6P58RR7H+RPHP,1013.6,165.2,False
06b5000000000025ba8b,17.7265625,HIGH,1,0.7588000297546387,6P58RRHC+J2FX,1013.7,203.4,False
06b500000000002a420d,6.1015625,HIGH,1,0.875,6P58RR6C+8F92,1013.7,221.9,False
06b50000000000236960,8.6015625,HIGH,1,0.7260000109672546,6P58RRH8+6XQQ,1013.8,27.1,False
06b500000000000b45f4,4.1953125,MEDIUM,1,0.7509999871253967,6P58RRH9+97QW,1013.9,46.5,False
06b500000000001a6989,9.5390625,HIGH,1,0.791700005531311,6P58RRH8+6X6F,1013.9,38.2,False
06b500000000001fb4d7,5.3125,HIGH,1,0.8399999737739563,6P58RRF7+26CJ,1013.9,220.6,False
06b5000000000032fe87,3.8984375,HIGH,1,0.767300009727478,6P58RRG7+9WWX,1014.1,169.3,False
06b500000000003f48de,8.75,HIGH,1,0.7538999915122986,6P58RR97+45RF,1014.2,213.5,False
06b5000000000026e25b,10.890625,HIGH,1,0.901199996471405,6P58RRG8+H3XC,1014.3,459.3,False
06b500000000000a8686,4.0703125,MEDIUM,1,0.6564000248908997,6P58RRH8+4RJ3,1014.4,27.4,False
06b5000000000030b2f9,5.265625,HIGH,1,0.9039999842643738,6P58RR97+64W5,1014.4,215.5,False
06b500000000000ba12c,7.0625,HIGH,1,0.7764999866485596,6P58RRG7+6Q96,1014.5,167.7,False
06b500000000001b8c45,7.015625,HIGH,1,0.7595999836921692,6P58RR6C+92Q6,1014.5,55.8,False
06b5000000000005aadc,5.7421875,HIGH,1,0.8544999957084656,6P58RRF7+XJ22,1014.6,300.2,False
06b5000000000020b3eb,4.78125,HIGH,1,0.8271999955177307,6P58RR69+FJHM,1014.6,125.5,False
06b50000000000364dbf,5.8671875,HIGH,1,0.8213000297546387,6P58RRF7+PFGQ,1014.7,183.8,False
06b5000000000036002d,5.953125,HIGH,1,0.7541999816894531,6P58RR69+J3WH,1014.9,439.7,False
06b500000000000ee247,6.1484375,HIGH,1,0.8687000274658203,6P58RR68+QWVC,1014.9,146.8,False
06b5000000000003ab6c,2.3515625,LOW_RELAXED,1,0.7414000034332275,6P58RRF7+HCPW,1015.0,27.3,False
06b50000000000401db4,8.953125,HIGH,1,0.8427000045776367,6P58RR6C+85QQ,1015.0,265.5,False
06b500000000002a28ff,7.9296875,HIGH,1,0.73089998960495,6P58RR6C+9727,1015.1,53.8,False
06b500000000003777da,4.5078125,HIGH,1,0.8705000281333923,6P58RRH8+2J6X,1015.2,143.8,False
06b50000000000353e65,6.796875,HIGH,1,0.847100019454956,6P58RR7H+QPW5,1015.3,204.5,False
06b50000000000377792,6.625,HIGH,1,0.6905999779701233,6P58RRFJ+4733,1015.4,36.5,False
06b5000000000034a313,3.53125,HIGH,1,0.8256000280380249,6P58RR87+G9MJ,1015.6,91.4,False
06b5000000000015fc59,6.9609375,HIGH,1,0.7860000133514404,6P58RR97+3575,1015.7,155.4,False
06b500000000003229cb,9.375,HIGH,1,0.7105000019073486,6P58RR77+PV36,1015.8,144.1,False
06b50000000000329624,8.296875,HIGH,1,0.8652999997138977,6P58RR6C+92J5,1015.8,135.2,False
06b500000000002df0a7,1.8671875,HIGH,1,0.7074000239372253,6P58RRH9+FFWV,1016.0,292.5,False
06b500000000002f07ca,4.03125,HIGH,1,0.8769000172615051,6P58RR9J+38W7,1016.0,56.6,False
06b500000000000aef37,22.484375,HIGH,1,0.9222000241279602,6P58RR6F+9933,1016.1,441.9,False
06b500000000003b78a0,7.3203125,HIGH,1,0.7947999835014343,6P58RRH9+842Q,1016.1,31.8,False
06b500000000003dd777,10.5,HIGH,1,0.7680000066757202,6P58RR77+JWGW,1016.6,64.3,False
06b500000000004045f0,6.8984375,HIGH,1,0.8508999943733215,6P58RRG8+VCVF,1016.6,235.0,False
06b500000000000bc82e,4.71875,HIGH,1,0.7214999794960022,6P58RRG7+7RPQ,1016.6,100.3,False
06b50000000000206d8d,7.9296875,MEDIUM,1,0.6958000063896179,6P58RR78+94W9,1016.7,68.8,False
06b50000000000122166,5.2734375,HIGH,1,0.7828999757766724,6P58RR7H+QM96,1016.7,49.8,False
06b50000000000403ced,10.734375,HIGH,1,0.8458999991416931,6P58RR69+J65C,1016.7,355.0,False
06b50000000000008e66,7.5078125,HIGH,1,0.8223000168800354,6P58RR78+C475,1016.7,66.0,False
06b500000000001c57e6,8.109375,HIGH,1,0.7641000151634216,6P58RRH9+83H3,1016.8,99.3,False
06b5000000000038863d,8.8203125,HIGH,1,0.8173999786376953,6P58RR77+QR4C,1017.0,83.2,False
06b50000000000052df7,5.75,HIGH,1,0.7037000060081482,6P58RRF7+QGJ3,1017.1,94.8,False
06b5000000000032d470,8.875,HIGH,1,0.8580999970436096,6P58RR8J+6246,1017.2,456.1,False
06b50000000000148eab,5.09375,HIGH,1,0.8303999900817871,6P58RRG8+G2GF,1017.2,180.9,False
06b5000000000008241b,4.1015625,HIGH,1,0.7444999814033508,6P58RRH8+3M84,1017.4,19.3,False
06b500000000002c1688,3.9453125,HIGH,1,0.7670999765396118,6P58RR97+H3X7,1017.4,107.2,False
06b500000000000f61cb,7.1015625,HIGH,1,0.8572999835014343,6P58RR6G+VPH2,1017.6,137.2,False
06b5000000000018e5f6,6.15625,HIGH,1,0.8141999840736389,6P58RRH9+72QW,1017.7,65.3,False
06b500000000000c7093,4.9765625,HIGH,1,0.8791000247001648,6P58RRH9+JW6J,1017.8,106.4,False
06b500000000002baf4f,7.359375,HIGH,1,0.6578999757766724,6P58RRH9+726Q,1018.0,49.2,False
06b50000000000065fb1,4.484375,MEDIUM,1,0.6721000075340271,6P58RR87+G983,1018.1,34.5,False
06b500000000000de73c,6.40625,HIGH,1,0.7562999725341797,6P58RRF7+C83P,1018.3,177.8,False
06b500000000003e6315,5.1484375,MEDIUM,1,0.7613999843597412,6P58RRH9+9669,1018.4,25.9,False
06b500000000001836a0,7.859375,MEDIUM,1,0.8276000022888184,6P58RRCJ+R9C4,1018.5,45.1,False
06b50000000000014385,7.0546875,HIGH,1,0.8668000102043152,6P58RRF7+36C7,1018.7,129.7,False
06b500000000003be519,3.890625,HIGH,1,0.7547000050544739,6P58RR87+7FFX,1018.8,137.6,False
06b500000000003636f0,14.1796875,HIGH,1,0.7501999735832214,6P58RR78+2GVV,1018.9,94.1,False
06b500000000003386a0,5.4609375,HIGH,1,0.7422999739646912,6P58RR97+W2X8,1019.1,91.7,False
06b500000000001e6623,6.1953125,HIGH,1,0.695900022983551,6P58RRF7+JC7Q,1019.2,62.3,False
06b5000000000037a5b2,8.390625,HIGH,1,0.8188999891281128,6P58RR68+QVWC,1019.2,173.0,False
06b50000000000377c8a,5.78125,HIGH,1,0.8650000095367432,6P58RRCJ+Q94X,1019.3,125.0,False
06b50000000000387c64,11.6796875,HIGH,1,0.8848999738693237,6P58RRFJ+37XF,1019.3,320.9,False
06b50000000000083e15,6.46875,HIGH,1,0.7752000093460083,6P58RRH9+84M7,1019.3,82.2,False
06b5000000000014e13c,16.9765625,HIGH,1,0.8327999711036682,6P58RR68+RQR2,1019.5,288.0,False
06b500000000002b4238,3.7265625,HIGH,1,0.8962000012397766,6P58RRHF+P6GG,1019.5,854.5,False
06b500000000001f3524,5.84375,LOW,1,0.7702999711036682,6P58RRF7+98F9,1019.6,18.2,False
06b500000000001a1e63,5.2734375,HIGH,1,0.6937999725341797,6P58RRG8+XHM2,1019.7,14.3,False
06b5000000000039079e,5.0234375,LOW,1,0.7148000001907349,6P58RR6F+87QR,1019.9,42.6,False
06b5000000000020d607,7.234375,HIGH,1,0.699999988079071,6P58RR69+P36W,1020.2,21.7,False
06b50000000000283e25,2.1015625,MEDIUM,1,0.703499972820282,6P58RRG7+5QCW,1020.2,27.2,False
06b50000000000397635,7.515625,HIGH,1,0.7150999903678894,6P58RR6C+88CG,1020.2,59.1,False
06b50000000000328368,6.6328125,HIGH,1,0.7473000288009644,6P58RRH8+5VVX,1020.4,46.1,False
06b50000000000152ef4,3.2890625,LOW_RELAXED,1,0.7210999727249146,6P58RR6C+8P56,1020.5,26.7,False
06b500000000003e0fef,6.59375,HIGH,1,0.8932999968528748,6P58RR97+73W6,1020.5,614.4,False
06b500000000000f0ef3,7.0234375,HIGH,1,0.90829998254776,6P58RR9J+494W,1020.6,574.9,False
06b50000000000069a2a,8.0546875,HIGH,1,0.7123000025749207,6P58RRH9+8295,1020.7,100.7,False
06b50000000000407f92,5.328125,HIGH,1,0.7864999771118164,6P58RR69+H96R,1020.9,61.5,False
06b50000000000324826,11.0625,HIGH,1,0.7980999946594238,6P58RRH9+HJ53,1021.0,94.4,False
06b500000000001a3c87,1.90625,LOW,1,0.7365000247955322,6P58RR6G+QH2J,1021.2,61.6,False
06b5000000000013f71c,5.7265625,HIGH,1,0.7537000179290771,6P58RR6C+84VQ,1021.3,65.4,False
06b5000000000026c886,4.7578125,LOW,1,0.734499990940094,6P58RR77+MV9F,1021.4,11.9,False
06b5000000000028bd52,7.9609375,HIGH,1,0.7940999865531921,6P58RR69+M26W,1021.4,832.0,False
06b500000000000ecbfd,4.8046875,HIGH,1,0.6985999941825867,6P58RR69+9WCR,1021.5,132.2,False
06b5000000000010cb7e,6.5859375,HIGH,1,0.713699996471405,6P58RR6C+84X8,1021.8,52.8,False
06b500000000003ba513,12.015625,HIGH,1,0.8743000030517578,6P58RR6G+XW62,1021.8,127.5,False
06b500000000003e98e1,3.4921875,HIGH,1,0.7387999892234802,6P58RR97+W25W,1021.8,151.8,False
06b500000000001469d4,2.6171875,HIGH,1,0.6603999733924866,6P58RR97+G3H2,1021.8,53.1,False
06b5000000000003355b,5.75,HIGH,1,0.857699990272522,6P58RR7H+QP3M,1021.8,96.0,False
06b5000000000027808c,6.84375,HIGH,1,0.8065000176429749,6P58RR6C+7RCX,1021.9,170.8,False
06b50000000000197283,4.125,HIGH,1,0.7139999866485596,6P58RR87+G8QH,1022.0,56.0,False
06b5000000000035a3d6,6.90625,MEDIUM,1,0.7473000288009644,6P58RR77+GXPH,1022.0,26.7,False
06b5000000000019d20b,7.421875,HIGH,1,0.7781999707221985,6P58RRF7+455F,1022.0,145.2,False
06b50000000000354262,5.9140625,HIGH,1,0.7434999942779541,6P58RR69+9VVM,1022.1,125.2,False
06b5000000000008cb6e,15.1953125,HIGH,1,0.6880000233650208,6P58RR78+3F7Q,1022.2,132.4,False
06b500000000003cdd37,5.875,HIGH,1,0.7724999785423279,6P58RRG8+XG2Q,1022.2,38.0,False
06b500000000001914ab,7.25,HIGH,1,0.8471999764442444,6P58RR78+948H,1022.4,120.7,False
06b500000000001c51f4,12.109375,HIGH,1,0.8802000284194946,6P58RRFJ+H455,1022.5,352.3,False
06b500000000000f424b,8.2890625,HIGH,1,0.7955999970436096,6P58RRH9+C637,1022.6,122.7,False
06b500000000000df200,4.5234375,HIGH,1,0.739300012588501,6P58RR8J+C4Q4,1022.6,163.0,False
06b500000000000a3caa,6.109375,MEDIUM,1,0.8044000267982483,6P58RR8J+W8VM,1022.7,80.3,False
06b50000000000164652,4.046875,HIGH,1,0.7537000179290771,6P58RRG7+CW27,1022.7,120.5,False
06b50000000000373333,7.25,HIGH,1,0.8500000238418579,6P58RR6G+RM45,1023.0,303.2,False
06b500000000001de097,9.625,HIGH,1,0.8626000285148621,6P58RR78+C375,1023.2,163.5,False
06b500000000001e8a8e,6.21875,HIGH,1,0.8894000053405762,6P58RRH8+6R54,1023.3,77.9,False
06b5000000000001ae4b,5.8671875,HIGH,1,0.7771000266075134,6P58RR69+M36H,1023.3,157.5,False
06b5000000000025d32b,6.421875,HIGH,1,0.7698000073432922,6P58RR6C+83XQ,1023.4,24.6,False
06b500000000001d25eb,4.1328125,HIGH,1,0.7949000000953674,6P58RR97+C3WR,1023.4,51.6,False
06b500000000003bd07b,7.234375,HIGH,1,0.8097000122070312,6P58RRH9+95WQ,1023.5,151.6,False
06b5000000000026c982,6.0390625,HIGH,1,0.830299973487854,6P58RR69+9RFP,1023.5,261.5,False
06b500000000001ecfb5,9.1328125,HIGH,1,0.7731999754905701,6P58RR6C+79R6,1023.6,176.5,False
06b50000000000250590,3.28125,MEDIUM,1,0.7570000290870667,6P58RR6G+QJM3,1023.6,83.1,False
06b500000000001ee815,7.8984375,HIGH,1,0.6944000124931335,6P58RRF7+77P2,1023.6,13.5,False
06b500000000000449e0,5.3515625,HIGH,1,0.8187000155448914,6P58RRG7+7QF3,1023.6,312.7,False
06b5000000000009e81a,6.0390625,HIGH,1,0.7982000112533569,6P58RRG8+V856,1023.7,177.9,False
06b500000000003b14a3,4.3515625,HIGH,1,0.8634999990463257,6P58RR97+Q3R6,1023.9,207.2,False
06b500000000001b258e,10.6171875,HIGH,1,0.8495000004768372,6P58RR77+MVJ6,1023.9,84.0,False
06b50000000000220e18,4.203125,HIGH,1,0.822700023651123,6P58RR97+P2H5,1024.0,91.0,False
06b500000000002ef9ba,12.6484375,HIGH,1,0.6611999869346619,6P58RR77+JW6W,1024.0,41.9,False
06b5000000000026af44,3.7734375,HIGH,1,0.6675999760627747,6P58RR87+6FQ2,1024.2,44.9,False
06b5000000000008bc10,4.0234375,HIGH,1,0.7854999899864197,6P58RR97+M3JF,1024.2,53.4,False
06b5000000000034e85c,4.8125,HIGH,1,0.8267999887466431,6P58RR87+M6Q5,1024.2,740.5,False
06b50000000000168e8a,4.3203125,HIGH,1,0.6518999934196472,6P58RR97+M36G,1024.5,34.0,False
06b5000000000014d6d8,8.5234375,HIGH,1,0.9125000238418579,6P58RR7H+787G,1024.7,523.0,False
06b5000000000012e1be,5.265625,HIGH,1,0.8382999897003174,6P58RR6C+79X6,1024.8,120.9,False
06b5000000000000d0a6,7.609375,MEDIUM,1,0.7366999983787537,6P58RR69+GG2G,1024.8,14.8,False
06b5000000000025accd,12.8046875,HIGH,1,0.832099974155426,6P58RR6F+FXPJ,1024.9,89.4,False
06b5000000000027f8fe,7.359375,HIGH,1,0.7542999982833862,6P58RR97+6427,1024.9,230.5,False
06b5000000000033c35d,7.828125,HIGH,1,0.6575999855995178,6P58RRH9+83PW,1025.1,40.7,False
06b500000000000228f3,5.9453125,HIGH,1,0.7354999780654907,6P58RRH9+72V7,1025.2,24.3,False
06b500000000000046e1,3.8828125,HIGH,1,0.7825999855995178,6P58RR87+G8MJ,1025.2,213.3,False
06b500000000002a656e,5.234375,HIGH,1,0.8422999978065491,6P58RR6C+83VH,1025.3,88.9,False
06b500000000003cf947,3.046875,LOW,1,0.7498000264167786,6P58RR6F+9JV8,1025.3,11.8,False
06b500000000000fdce6,6.3515625,HIGH,1,0.843500018119812,6P58RRF7+G8GF,1025.4,224.0,False
06b5000000000035a3ca,3.046875,LOW,1,0.6873999834060669,6P58RR6F+9JR5,1025.4,7.3,False
06b500000000000becd9,9.4921875,HIGH,1,0.6963000297546387,6P58RRFJ+29Q6,1025.5,1029.1,False
06b5000000000028e5dd,4.0,HIGH,1,0.7067000269889832,6P58RRF7+MC7Q,1025.5,61.3,False
06b5000000000031a331,4.53125,LOW,1,0.6687999963760376,6P58RRC7+72H8,1025.5,31.6,False
06b500000000003988f8,6.3125,HIGH,1,0.8669999837875366,6P58RRG7+2JR4,1025.5,316.7,False
06b500000000001e05ff,3.6328125,HIGH,1,0.8788999915122986,6P58RRH8+2HC7,1025.6,83.1,False
06b500000000003d5b33,3.8515625,HIGH,1,0.7730000019073486,6P58RR87+5GJF,1025.7,54.0,False
06b5000000000009c624,9.34375,HIGH,1,0.7689999938011169,6P58RR97+34P4,1025.8,169.5,False
06b5000000000011f930,11.921875,HIGH,1,0.7268000245094299,6P58RR78+G22C,1025.9,26.7,False
06b500000000001226c1,7.09375,HIGH,1,0.7943999767303467,6P58RRH8+6VGM,1026.0,47.8,False
06b5000000000011fe25,7.1640625,HIGH,1,0.792900025844574,6P58RRH8+7XPQ,1026.0,49.8,False
06b500000000001639de,6.0078125,HIGH,1,0.8392000198364258,6P58RRF7+XHJ2,1026.1,495.5,False
06b50000000000191217,4.4375,HIGH,1,0.6917999982833862,6P58RR97+X2GH,1026.3,78.9,False
06b50000000000234c7f,14.875,HIGH,1,0.8632000088691711,6P58RR6G+VV67,1026.3,486.4,False
06b500000000000479a7,5.609375,HIGH,1,0.8357999920845032,6P58RRF7+QF2R,1026.3,207.7,False
06b500000000000ba0d4,4.3203125,HIGH,1,0.7674999833106995,6P58RRH8+3JC5,1026.4,122.5,False
06b500000000003f688f,4.09375,HIGH,1,0.7081999778747559,6P58RR97+H3CF,1026.4,75.7,False
06b5000000000037197b,5.1796875,HIGH,1,0.8848999738693237,6P58RRG7+8RQJ,1026.6,99.3,False
06b5000000000018f758,3.4609375,HIGH,1,0.679099977016449,6P58RR97+G3RV,1026.6,38.3,False
06b50000000000272c4c,5.7265625,HIGH,1,0.728600025177002,6P58RR6C+7FR8,1026.7,29.4,False
06b5000000000040ffae,3.671875,HIGH,1,0.7904999852180481,6P58RRC7+228G,1026.7,59.8,False
06b500000000003e06ed,4.609375,HIGH,1,0.7732999920845032,6P58RR69+J572,1026.8,265.1,False
06b500000000002ce5ed,3.4453125,HIGH,1,0.6665999889373779,6P58RRC7+42XF,1026.8,22.5,False
06b500000000003339ac,3.546875,HIGH,1,0.821399986743927,6P58RR97+G3C7,1026.9,132.2,False
06b5000000000010c1f4,8.46875,HIGH,1,0.8402000069618225,6P58RRC6+7XJR,1026.9,511.1,False
06b500000000001e44c3,6.2890625,HIGH,1,0.7450000047683716,6P58RRF7+45P8,1027.0,168.4,False
06b5000000000036da08,5.375,LOW,1,0.6597999930381775,6P58RR87+F9M6,1027.1,23.6,False
06b50000000000197bd7,4.6875,HIGH,1,0.8165000081062317,6P58RRC7+22WG,1027.1,64.3,False
06b50000000000078ae2,6.5625,HIGH,1,0.7541000247001648,6P58RRF7+J9X9,1027.2,127.7,False
06b50000000000054628,5.265625,MEDIUM,1,0.8029999732971191,6P58RR8H+2W29,1027.3,110.5,False
06b5000000000031420c,10.234375,HIGH,1,0.8578000068664551,6P58RR78+F2C8,1027.7,81.2,False
06b50000000000271c99,11.46875,LOW,1,0.7487999796867371,6P58RR87+99QQ,1027.7,54.8,False
06b500000000000c76b0,7.46875,HIGH,1,0.8446000218391418,6P58RRF7+C748,1027.7,158.5,False
06b500000000001835aa,5.234375,HIGH,1,0.8223000168800354,6P58RRG8+XF8G,1027.8,37.0,False
06b500000000000d0f52,5.6484375,HIGH,1,0.6596999764442444,6P58RR69+J4XV,1027.9,18.3,False
06b500000000003b1db3,3.96875,HIGH,1,0.6965000033378601,6P58RR97+V2G9,1028.0,32.1,False
06b500000000003e0739,11.4375,HIGH,1,0.8162000179290771,6P58RR77+HWR4,1028.2,78.5,False
06b50000000000147699,6.5859375,HIGH,1,0.8181999921798706,6P58RR6G+VQ87,1028.3,57.0,False
06b5000000000018bd01,10.546875,HIGH,1,0.801800012588501,6P58RR77+GWXQ,1028.3,69.7,False
06b500000000000a6024,9.0546875,HIGH,1,0.8575000166893005,6P58RR7H+MMHQ,1028.3,173.1,False
06b500000000002b04ad,4.5234375,HIGH,1,0.8319000005722046,6P58RR97+C333,1028.4,229.3,False
06b5000000000030d1ad,21.453125,HIGH,1,0.6553999781608582,6P58RR68+XGWC,1028.6,139.4,False
06b500000000000bc5b4,6.1328125,HIGH,1,0.8220999836921692,6P58RR6C+82V8,1028.7,103.3,False
06b5000000000021e86f,8.125,HIGH,1,0.8521000146865845,6P58RR9J+PGRC,1028.7,232.2,False
06b50000000000390e90,6.171875,HIGH,1,0.6718000173568726,6P58RR7H+9CFH,1028.7,104.0,False
06b50000000000233596,14.2578125,HIGH,1,0.6561999917030334,6P58RR78+2FV7,1028.8,65.3,False
06b5000000000005ad7d,6.4375,HIGH,1,0.8057000041007996,6P58RRF7+558W,1028.9,210.6,False
06b5000000000013c1a9,10.921875,HIGH,1,0.8014000058174133,6P58RRF7+24M5,1028.9,414.8,False
06b5000000000031c1df,18.65625,HIGH,1,0.8482999801635742,6P58RR68+RMHF,1029.0,778.3,False
06b500000000002d998e,6.7421875,HIGH,1,0.8537999987602234,6P58RRH8+7WF7,1029.1,103.4,False
06b500000000002327e4,5.6640625,HIGH,1,0.8374000191688538,6P58RR69+9PQP,1029.2,135.6,False
06b50000000000308545,14.15625,HIGH,1,0.8464999794960022,6P58RR6H+X3P7,1029.3,990.8,False
06b50000000000030742,30.593750000000004,HIGH,1,0.8564000129699707,6P58RR6F+7G53,1029.4,1952.3,False
06b50000000000368d03,5.9921875,HIGH,1,0.8615000247955322,6P58RR6G+JCMF,1029.6,159.2,False
06b50000000000240c6d,4.7578125,HIGH,1,0.7257999777793884,6P58RR97+J2QW,1029.7,26.1,False
06b500000000000db2fa,4.2578125,HIGH,1,0.828000009059906,6P58RR87+5FVR,1029.8,163.8,False
06b5000000000015f527,80.3828125,HIGH,1,0.7541999816894531,6P58RR8J+M865,1029.8,1026.7,False
06b5000000000018bc45,9.1953125,HIGH,1,0.7893000245094299,6P58RR78+93GC,1029.8,158.0,False
06b500000000000a7070,3.3984375,HIGH,1,0.7272999882698059,6P58RR87+7CRM,1030.0,124.6,False
06b5000000000040bc84,6.078125,MEDIUM,1,0.659500002861023,6P58RR7H+PPM3,1030.0,12.3,False
06b500000000003a66c7,12.546875,HIGH,1,0.9333000183105469,6P58RRH9+JMM5,1030.1,453.9,False
06b50000000000319b37,6.90625,LOW,1,0.6736000180244446,6P58RR77+GX8C,1030.1,12.1,False
06b500000000003cf7b9,15.234375,LOW,1,0.7289999723434448,6P58RR6F+897V,1030.2,46.5,False
06b500000000001b66a6,35.8515625,LOW,1,0.771399974822998,6P58RR8J+Q7HW,1030.3,67.1,False
06b500000000003ae6c5,9.859375,HIGH,1,0.8838000297546387,6P58RRF7+PCRQ,1030.6,482.0,False
06b5000000000001e42a,9.1015625,HIGH,1,0.7328000068664551,6P58RR8J+7329,1030.7,49.1,False
06b5000000000000a728,6.65625,HIGH,1,0.8190000057220459,6P58RR69+9PMV,1030.7,138.7,False
06b5000000000010d077,5.8203125,HIGH,1,0.7871999740600586,6P58RRG8+V8PJ,1030.7,376.2,False
06b5000000000018cb4b,9.6796875,HIGH,1,0.760200023651123,6P58RR77+XHXP,1030.8,81.7,False
06b500000000001da4ef,7.734375,HIGH,1,0.8115000128746033,6P58RR6C+7CHP,1031.0,42.2,False
06b500000000002a4a1c,5.2265625,MEDIUM,1,0.7358999848365784,6P58RR78+C2VX,1031.1,21.7,False
06b5000000000003a828,3.984375,HIGH,1,0.7440000176429749,6P58RRF7+F8VQ,1031.1,32.4,False
06b50000000000077669,7.53125,HIGH,1,0.8985999822616577,6P58RRH8+8X84,1031.2,79.4,False
06b50000000000311f4f,6.359375,HIGH,1,0.7915999889373779,6P58RR69+9V2X,1031.2,137.0,False
06b5000000000000e333,7.3828125,HIGH,1,0.8547999858856201,6P58RRH9+F86X,1031.3,87.3,False
06b500000000003b75bc,5.4453125,HIGH,1,0.7688999772071838,6P58RR96+PXP2,1031.3,497.3,False
06b50000000000222cbd,8.265625,HIGH,1,0.7652999758720398,6P58RR97+442P,1031.4,134.4,False
06b500000000000c0195,6.953125,HIGH,1,0.7813000082969666,6P58RR7H+PQRJ,1031.5,84.3,False
06b500000000003369f0,19.40625,HIGH,1,0.9218999743461609,6P58RR6F+CXCQ,1031.5,285.0,False
06b500000000000fcb38,5.546875,HIGH,1,0.7736999988555908,6P58RR7H+WVGQ,1031.7,91.5,False
06b50000000000151bd5,4.5078125,HIGH,1,0.8011999726295471,6P58RRG7+GWQG,1031.7,332.4,False
06b500000000002168d4,4.6953125,MEDIUM,1,0.6639000177383423,6P58RRH9+MW3J,1031.8,25.6,False
06b500000000001767d0,5.1875,HIGH,1,0.786300003528595,6P58RR8J+422G,1031.9,186.3,False
06b500000000003c2f09,6.7421875,HIGH,1,0.7114999890327454,6P58RRH8+7V5J,1032.2,44.3,False
06b500000000003e30b1,6.5859375,HIGH,1,0.8536999821662903,6P58RR69+9MQR,1032.3,190.1,False
06b5000000000036d52a,10.859375,HIGH,1,0.8095999956130981,6P58RR77+RP42,1032.3,41.7,False
06b50000000000380b9d,4.0078125,HIGH,1,0.8468999862670898,6P58RRH8+3H7M,1032.4,143.3,False
06b50000000000278185,5.9140625,HIGH,1,0.8052999973297119,6P58RR6C+8429,1032.5,96.3,False
06b500000000000014fc,,NO_HEIGHT,0,0.6887000203132629,6P58RRHF+Q337,1032.5,135.0,False
06b50000000000196f60,5.609375,HIGH,1,0.741100013256073,6P58RRC6+4X3F,1032.6,632.2,False
06b500000000001c0bc4,4.8984375,HIGH,1,0.7760999798774719,6P58RRC6+5XPC,1032.8,493.6,False
06b500000000002c2677,8.3359375,HIGH,1,0.7088000178337097,6P58RR77+GW9J,1032.8,180.7,False
06b50000000000127eb2,6.0703125,HIGH,1,0.7775999903678894,6P58RR69+8XJ7,1032.9,71.0,False
06b5000000000003ee51,6.1328125,HIGH,1,0.7955999970436096,6P58RR69+CJ4F,1032.9,349.8,False
06b5000000000036344e,10.5234375,HIGH,1,0.8041999936103821,6P58RR77+HWCC,1033.0,76.9,False
06b500000000000b0600,5.304687500000001,HIGH,1,0.7979000210762024,6P58RR96+RWCG,1033.1,2023.6,False
06b50000000000337569,3.5390625,HIGH,1,0.7001000046730042,6P58RR97+W23M,1033.1,45.6,False
06b500000000000fffbb,4.625,HIGH,1,0.7577999830245972,6P58RRG8+R7W4,1033.1,136.5,False
06b500000000001adf94,7.1796875,HIGH,1,0.7411999702453613,6P58RRH8+6RX2,1033.2,91.9,False
06b500000000000e67d3,6.40625,HIGH,1,0.8046000003814697,6P58RRC7+82CV,1033.5,165.1,False
06b500000000002f26e6,6.3984375,HIGH,1,0.7774999737739563,6P58RRF7+C7W8,1033.5,68.5,False
06b5000000000034a244,6.078125,HIGH,1,0.8194000124931335,6P58RRH9+94WV,1033.5,89.1,False
06b50000000000063c1d,3.9296875,HIGH,1,0.8510000109672546,6P58RRG7+HX44,1033.6,125.2,False
06b50000000000170bee,6.7578125,HIGH,1,0.7059999704360962,6P58RRH9+F736,1033.6,56.9,False
06b500000000003a36a0,7.84375,HIGH,1,0.853600025177002,6P58RR6C+836Q,1033.7,46.6,False
06b500000000001a7c21,9.9453125,HIGH,1,0.8955000042915344,6P58RRFJ+39CJ,1034.0,152.8,False
06b500000000001599df,3.3359375,HIGH,1,0.7590000033378601,6P58RR87+F86P,1034.2,152.4,False
06b5000000000022917a,5.21875,HIGH,1,0.7738999724388123,6P58RRC6+2XQQ,1034.5,182.2,False
06b5000000000000e199,5.6796875,MEDIUM,1,0.7554000020027161,6P58RR6C+7F33,1034.6,78.9,False
06b50000000000275d0b,6.90625,LOW,1,0.6581000089645386,6P58RR77+GX38,1034.7,6.7,False
06b5000000000031da99,9.34375,HIGH,1,0.8963000178337097,6P58RR9J+PG25,1034.9,157.9,False
06b5000000000027bb72,4.9765625,HIGH,1,0.682200014591217,6P58RR97+J2M4,1035.0,133.7,False
06b500000000001a8d4c,7.5234375,HIGH,1,0.755299985408783,6P58RRF7+96X9,1035.1,154.3,False
06b5000000000011c300,7.4375,HIGH,1,0.7333999872207642,6P58RR6G+J94M,1035.3,88.4,False
06b50000000000066870,18.2421875,HIGH,1,0.7329000234603882,6P58RR6F+9QMJ,1035.3,28.1,False
06b5000000000007508a,9.6796875,HIGH,1,0.7903000116348267,6P58RR77+XHP9,1035.5,62.8,False
06b500000000003b0498,7.0703125,HIGH,1,0.7993000149726868,6P58RR78+83PM,1035.6,187.4,False
06b500000000001b83fc,,NO_HEIGHT,0,0.727400004863739,6P58RR9J+HF5R,1035.6,73.9,False
06b500000000002a39b8,15.171875,HIGH,1,0.8479999899864197,6P58RRF7+34CC,1035.7,337.0,False
06b500000000003903ca,4.46875,HIGH,1,0.8910999894142151,6P58RR97+C28F,1035.8,311.9,False
06b500000000002bcb23,6.0546875,HIGH,1,0.6531000137329102,6P58RRH8+7V3Q,1035.8,16.3,False
06b500000000000c1c8f,5.1953125,HIGH,1,0.728600025177002,6P58RR87+G7P8,1035.8,128.1,False
06b500000000003311af,5.7890625,HIGH,1,0.718500018119812,6P58RR6C+758R,1036.0,90.8,False
06b500000000001be1c2,6.7421875,HIGH,1,0.7330999970436096,6P58RRG8+WCRF,1036.0,60.2,False
06b500000000000c234e,27.9296875,HIGH,1,0.8281999826431274,6P58RR6F+8QR4,1036.2,692.6,False
06b500000000001c3737,5.65625,HIGH,1,0.7720000147819519,6P58RR69+8WJ9,1036.2,101.9,False
06b500000000003510f4,11.0,HIGH,1,0.7203999757766724,6P58RR7H+JMXG,1036.2,73.5,False
06b5000000000011fafe,8.7890625,HIGH,1,0.8116999864578247,6P58RRH8+8XQG,1036.5,48.9,False
06b500000000000b75ca,9.046875,HIGH,1,0.6660000085830688,6P58RR78+92WQ,1036.6,48.4,False
06b50000000000216781,7.140625,HIGH,1,0.761900007724762,6P58RR6C+7599,1036.7,135.3,False
06b5000000000009dbd8,6.3984375,HIGH,1,0.7404000163078308,6P58RR97+9364,1036.8,12.1,False
06b50000000000370b69,5.6484375,HIGH,1,0.8131999969482422,6P58RR87+W4GX,1036.8,155.7,False
06b500000000000a6bf2,16.609375,HIGH,1,0.7458000183105469,6P58RR78+39GQ,1036.8,67.6,False
06b5000000000010a7f6,7.265625,HIGH,1,0.6517999768257141,6P58RR77+WJRF,1036.8,45.4,False
06b5000000000028c014,5.7421875,HIGH,1,0.6761999726295471,6P58RRG7+2HVP,1036.9,181.6,False
06b50000000000059e27,6.0546875,HIGH,1,0.6915000081062317,6P58RR6C+75JM,1036.9,67.3,False
06b500000000000c294c,5.0390625,HIGH,1,0.7748000025749207,6P58RRG7+7P9G,1037.0,39.8,False
06b5000000000003c767,3.90625,LOW,1,0.6887999773025513,6P58RR7H+FHJJ,1037.2,33.5,False
06b500000000001c81fd,3.9921875,HIGH,1,0.7950000166893005,6P58RR96+WX47,1037.4,165.0,False
06b500000000002a94fe,6.4140625,HIGH,1,0.8044000267982483,6P58RRF7+J8XW,1037.4,168.5,False
06b500000000001d6d39,12.662660256410257,HIGH,1,0.824400007724762,6P58RR68+MV38,1037.4,1202.9,False
06b500000000003e814d,3.6640625,HIGH,1,0.6794999837875366,6P58RRG7+4JG3,1037.5,74.6,False
06b50000000000145bbb,6.7890625,HIGH,1,0.8702999949455261,6P58RRH8+8W3F,1037.6,79.8,False
06b50000000000042712,7.1171875,HIGH,1,0.8424000144004822,6P58RRH9+C4C7,1037.6,187.7,False
06b500000000000eb053,3.96875,MEDIUM,1,0.8346999883651733,6P58RR6F+9RV9,1037.6,31.7,False
06b500000000003809c3,7.5390625,HIGH,1,0.7457000017166138,6P58RRH9+C5FF,1037.6,59.5,False
06b500000000003fb659,11.375,HIGH,1,0.7472000122070312,6P58RR77+MQPP,1037.6,92.6,False
06b5000000000002d098,5.6328125,HIGH,1,0.789900004863739,6P58RR69+G776,1037.6,189.2,False
06b5000000000019375a,4.9140625,HIGH,1,0.8328999876976013,6P58RR87+4FM8,1037.7,143.0,False
06b500000000000ee7f1,48.484375,HIGH,1,0.7925999760627747,6P58RR8J+P8P6,1038.2,155.1,False
06b50000000000013416,6.578125,HIGH,1,0.859499990940094,6P58RRC6+CXVW,1038.4,316.8,False
06b500000000000a45df,4.3203125,MEDIUM,1,0.7210000157356262,6P58RRG7+CR45,1038.5,53.5,False
06b50000000000053b69,7.9140625,HIGH,1,0.8188999891281128,6P58RRF7+F7MG,1038.5,201.7,False
06b50000000000300f0c,4.53125,HIGH,1,0.7315999865531921,6P58RR69+H669,1038.9,69.0,False
06b500000000003c93c6,11.8359375,HIGH,1,0.8184000253677368,6P58RR77+RMM5,1039.1,45.4,False
06b50000000000012da2,6.21875,HIGH,1,0.7150999903678894,6P58RR77+WJ2H,1039.1,138.3,False
06b5000000000018ed48,5.875,HIGH,1,0.8956999778747559,6P58RR6G+JGMF,1039.1,276.7,False
06b50000000000300332,9.03125,HIGH,1,0.8773999810218811,6P58RR77+XH79,1039.1,135.1,False
06b5000000000027437b,8.6015625,HIGH,1,0.8884999752044678,6P58RR9J+7GJJ,1039.2,800.3,False
06b5000000000009bd6a,3.3125,HIGH,1,0.7434999942779541,6P58RR7H+XWQ4,1039.4,63.9,False
06b500000000001055bc,6.2265625,HIGH,1,0.7605999708175659,6P58RR69+CH2H,1039.4,173.1,False
06b50000000000343c5f,6.8515625,HIGH,1,0.8463000059127808,6P58RRH8+8WFQ,1039.4,156.2,False
06b500000000000370ad,11.546875,HIGH,1,0.7882999777793884,6P58RR69+8X55,1039.6,80.4,False
06b5000000000015c59d,11.15625,HIGH,1,0.8729000091552734,6P58RRFJ+H66R,1039.7,319.5,False
06b50000000000386d3b,5.078125,HIGH,1,0.8393999934196472,6P58RRH9+F677,1039.7,70.6,False
06b5000000000008ff72,4.9765625,HIGH,1,0.8019000291824341,6P58RRG7+6M7P,1039.9,260.4,False
06b5000000000015a062,5.7578125,HIGH,1,0.8431000113487244,6P58RR7H+WWMQ,1040.1,97.4,False
06b50000000000172061,7.1640625,HIGH,1,0.8629000186920166,6P58RRG7+GV5H,1040.2,219.6,False
06b500000000002c92e4,3.8203125,HIGH,1,0.7008000016212463,6P58RR97+H26W,1040.3,50.0,False
06b500000000002d339d,3.40625,MEDIUM,1,0.6751000285148621,6P58RR97+G28J,1040.3,6.5,False
06b500000000002873a5,11.7578125,LOW,1,0.7235999703407288,6P58RR8J+X983,1040.3,18.6,False
06b500000000002457b0,9.875,HIGH,1,0.8111000061035156,6P58RR68+MXC6,1040.4,96.7,False
06b500000000003931e2,6.6640625,HIGH,1,0.7085999846458435,6P58RR6G+WW3P,1040.5,40.9,False
06b500000000002f985e,3.2734375,HIGH,1,0.7361999750137329,6P58RR97+725C,1040.5,137.6,False
06b500000000002c5f09,8.421875,HIGH,1,0.7548999786376953,6P58RR87+X42Q,1040.7,153.0,False
06b500000000003233c2,7.1875,HIGH,1,0.7301999926567078,6P58RR7H+PQW8,1040.7,71.8,False
06b50000000000278660,4.7890625,MEDIUM,1,0.7696999907493591,6P58RR87+4F5F,1040.8,38.9,False
06b50000000000315c23,3.765625,HIGH,1,0.7215999960899353,6P58RR97+G2M3,1040.8,58.7,False
06b5000000000006002d,6.21875,HIGH,1,0.8410999774932861,6P58RRF7+65JX,1040.8,206.6,False
06b500000000000208fb,10.9765625,HIGH,1,0.7384999990463257,6P58RR6C+72V7,1040.8,43.1,False
06b5000000000026f5c0,6.3828125,HIGH,1,0.8015000224113464,6P58RRH9+G882,1040.9,70.9,False
06b50000000000299379,8.9140625,HIGH,1,0.8583999872207642,6P58RRH8+9X9Q,1040.9,135.1,False
06b500000000002807e7,3.578125,LOW,1,0.8046000003814697,6P58RR87+992H,1041.1,87.6,False
06b500000000001ff568,4.02734375,HIGH,1,0.8255000114440918,6P58RRG7+4HG4,1041.2,391.6,False
06b500000000000ae983,8.7734375,HIGH,1,0.8359000086784363,6P58RR7H+7CX2,1041.3,397.2,False
06b500000000000f704c,5.015625,HIGH,1,0.7170000076293945,6P58RRG8+XC6F,1041.4,43.9,False
06b500000000001a5b49,6.4296875,HIGH,1,0.7864999771118164,6P58RR6C+73GW,1041.4,58.0,False
06b5000000000020a902,3.859375,HIGH,1,0.795199990272522,6P58RR8J+43CF,1041.4,151.9,False
06b500000000000e8229,5.6484375,HIGH,1,0.6523000001907349,6P58RR78+74Q4,1041.5,10.5,False
06b50000000000389ed9,7.4375,HIGH,1,0.7361999750137329,6P58RR6G+H9J5,1041.7,46.4,False
06b5000000000000a27e,8.1015625,HIGH,1,0.7781999707221985,6P58RR6F+9Q9G,1041.7,104.7,False
06b50000000000208a6a,5.515625,HIGH,1,0.765999972820282,6P58RRG8+W8X4,1041.7,178.7,False
06b5000000000024afed,5.328125,HIGH,1,0.6786999702453613,6P58RR6G+JFHR,1041.8,62.3,False
06b500000000003d7a78,6.40625,HIGH,1,0.8535000085830688,6P58RR9J+4CXM,1041.8,89.9,False
06b5000000000009350c,6.125,HIGH,1,0.8235999941825867,6P58RRC6+FXMJ,1041.8,326.3,False
06b50000000000317ff3,5.2265625,HIGH,1,0.7718999981880188,6P58RRH9+F55W,1042.1,56.4,False
06b5000000000028fb8f,6.53125,LOW,1,0.6675000190734863,6P58RR78+65P6,1042.1,65.6,False
06b500000000001cd794,,NO_HEIGHT,0,0.7074000239372253,6P58RR7H+JMG8,1042.2,7.9,False
06b5000000000021fe7a,5.3125,HIGH,1,0.7809000015258789,6P58RRG8+J27G,1042.5,23.1,False
06b5000000000017ad18,3.359375,HIGH,1,0.8521000146865845,6P58RRC6+6XPX,1042.6,65.5,False
06b500000000003430bb,6.6796875,HIGH,1,0.8176000118255615,6P58RR69+CFCG,1042.7,241.0,False
06b5000000000005fd09,7.5703125,HIGH,1,0.8446000218391418,6P58RRH8+7RHV,1042.8,65.7,False
06b500000000003fea8d,5.890625,MEDIUM,1,0.6790000200271606,6P58RRF7+J889,1042.8,25.4,False
06b500000000000881a2,7.3515625,HIGH,1,0.6958000063896179,6P58RR78+92RC,1042.9,112.3,False
06b5000000000027f929,4.5390625,MEDIUM,1,0.6944000124931335,6P58RRH8+3GHG,1043.0,20.1,False
06b500000000000b2607,3.4375,MEDIUM,1,0.8288000226020813,6P58RR87+799G,1043.1,40.5,False
06b500000000000d4114,6.3125,HIGH,1,0.7979999780654907,6P58RR96+WXMX,1043.2,65.3,False
06b50000000000362f0b,5.6015625,HIGH,1,0.7649000287055969,6P58RR96+XX8J,1043.4,45.9,False
06b500000000000a1786,5.7421875,MEDIUM,1,0.7023000121116638,6P58RRH9+93V6,1043.4,23.2,False
06b5000000000004960d,,NO_HEIGHT,0,0.6963000297546387,6P58RRCJ+MFMX,1043.4,35.9,False
06b5000000000036c93c,4.578125,MEDIUM,1,0.6995999813079834,6P58RRH9+93WC,1043.4,15.3,False
06b500000000000220ef,11.625,HIGH,1,0.8281000256538391,6P58RR77+MQF8,1043.5,70.9,False
06b500000000003e5a42,5.7890625,HIGH,1,0.8920000195503235,6P58RRF7+XFXX,1043.6,387.5,False
06b5000000000040bc52,6.4375,HIGH,1,0.8826000094413757,6P58RRH9+G75J,1043.6,83.0,False
06b500000000003141d0,8.3359375,HIGH,1,0.8522999882698059,6P58RR8J+53X8,1043.6,151.9,False
06b500000000000fef0d,4.9765625,HIGH,1,0.6898999810218811,6P58RR96+JX8G,1043.8,164.4,False
06b500000000002de5ff,6.65625,HIGH,1,0.8319000005722046,6P58RRC6+2XMH,1043.8,121.1,False
06b500000000000a59a6,5.390625,LOW,1,0.7347000241279602,6P58RR78+825X,1043.8,104.2,False
06b500000000000c1cb1,30.8984375,HIGH,1,0.8659999966621399,6P58RR6F+6F3Q,1044.2,601.3,False
06b500000000000ff6d2,5.5234375,HIGH,1,0.6693000197410583,6P58RRG8+W837,1044.2,22.8,False
06b500000000003a5846,5.671875,HIGH,1,0.6721000075340271,6P58RR6C+64WX,1044.2,89.0,False
06b50000000000325d4d,6.890625,HIGH,1,0.7217000126838684,6P58RR97+632J,1044.3,30.6,False
06b500000000001d64db,15.9140625,HIGH,1,0.9171000123023987,6P58RR7H+JQP7,1044.4,612.2,False
06b500000000002ec60a,6.390625,HIGH,1,0.8399999737739563,6P58RR69+G686,1044.5,180.5,False
06b500000000001213fb,6.4296875,HIGH,1,0.754800021648407,6P58RRF7+F64W,1044.6,270.1,False
06b500000000000c75e1,5.3359375,HIGH,1,0.8105000257492065,6P58RRH9+F6X2,1044.7,70.2,False
06b500000000002d59a7,10.0546875,HIGH,1,0.7692999839782715,6P58RR6C+68JM,1044.8,46.1,False
06b500000000003bd2e3,5.4609375,MEDIUM,1,0.6557999849319458,6P58RR69+8VFM,1044.8,16.2,False
06b500000000002b895d,4.765625,HIGH,1,0.7172999978065491,6P58RRG8+XCRH,1044.9,58.3,False
06b5000000000031ed16,8.515625,HIGH,1,0.796999990940094,6P58RR77+FWV2,1045.0,76.2,False
06b500000000000a8dd9,7.296875,LOW,1,0.6521999835968018,6P58RRF7+963V,1045.0,23.6,False
06b500000000000038f9,6.5234375,HIGH,1,0.8188999891281128,6P58RRG7+CRMR,1045.2,388.1,False
06b50000000000067481,5.4609375,HIGH,1,0.6761999726295471,6P58RR69+8V8R,1045.5,14.2,False
06b50000000000388f2f,3.78125,HIGH,1,0.7332000136375427,6P58RRH8+2C9C,1045.5,63.8,False
06b5000000000039cdbc,4.1875,HIGH,1,0.7192999720573425,6P58RR87+G6HQ,1045.5,130.6,False
06b500000000002c4e91,5.2890625,HIGH,1,0.8219000101089478,6P58RRH9+F567,1045.6,114.4,False
06b50000000000404d02,11.671875,HIGH,1,0.673799991607666,6P58RR77+GVFP,1045.6,138.3,False
06b50000000000122c63,6.6015625,HIGH,1,0.8234000205993652,6P58RR78+64X3,1045.6,92.7,False
06b5000000000031684c,7.6875,HIGH,1,0.650600016117096,6P58RRH8+7Q4P,1045.6,63.3,False
06b500000000000d7e71,4.734375,HIGH,1,0.761900007724762,6P58RR87+3FM5,1045.6,119.9,False
06b5000000000011897f,8.625,HIGH,1,0.758400022983551,6P58RR6C+6C79,1045.7,139.6,False
06b500000000001a5316,8.265625,MEDIUM,1,0.7124000191688538,6P58RR6C+6FCM,1045.8,19.2,False
06b5000000000027b6db,5.203125,HIGH,1,0.8112000226974487,6P58RR7H+WWX5,1046.0,74.4,False
06b5000000000005084c,5.4609375,HIGH,1,0.7179999947547913,6P58RR69+7RHV,1046.0,318.1,False
06b5000000000033b0ac,5.421875,HIGH,1,0.6934000253677368,6P58RR69+7WRG,1046.1,105.7,False
06b50000000000114e24,3.875,LOW,1,0.697700023651123,6P58RR6F+9VQP,1046.1,34.8,False
06b5000000000025349a,6.9609375,HIGH,1,0.7056999802589417,6P58RRC6+8XVM,1046.1,61.0,False
06b50000000000018fb7,7.9140625,HIGH,1,0.829200029373169,6P58RRF7+J8J4,1046.1,156.4,False
06b5000000000001ebcd,,NO_HEIGHT,0,0.6779999732971191,6P58RRCJ+JFX6,1046.2,13.6,False
06b500000000003ada4b,5.1484375,HIGH,1,0.7997999787330627,6P58RR69+7WQV,1046.2,82.3,False
06b50000000000366395,8.8515625,HIGH,1,0.6916999816894531,6P58RR87+X3XR,1046.4,88.9,False
06b50000000000371fa4,7.203125,HIGH,1,0.6678000092506409,6P58RR6C+72GR,1046.5,16.1,False
06b500000000002f519d,8.9765625,LOW,1,0.7888000011444092,6P58RR77+HRQ7,1046.5,13.2,False
06b500000000003f8d48,6.2578125,HIGH,1,0.8105999827384949,6P58RRF7+75CF,1046.5,181.6,False
06b5000000000022d6f8,9.484375,HIGH,1,0.8041999936103821,6P58RR77+VHQH,1046.7,86.5,False
06b500000000001bf395,4.484375,MEDIUM,1,0.8762000203132629,6P58RR9J+4C5Q,1046.9,53.6,False
06b500000000000b22ae,4.0546875,LOW,1,0.8403000235557556,6P58RRFJ+X384,1046.9,1100.9,False
06b50000000000220c87,8.9609375,HIGH,1,0.8219000101089478,6P58RR77+WHR9,1046.9,67.6,False
06b500000000000e1c25,,NO_HEIGHT,0,0.6819000244140625,6P58RRHF+HXXF,1047.2,13.0,False
06b500000000003755a8,5.9375,HIGH,1,0.6736999750137329,6P58RR6G+HCMG,1047.3,31.6,False
06b500000000000c8f67,4.6875,HIGH,1,0.7692000269889832,6P58RRG7+7M89,1047.3,75.8,False
06b500000000001743ab,5.390625,HIGH,1,0.675599992275238,6P58RRH8+8V4V,1047.4,27.8,False
06b5000000000020af8c,4.8984375,HIGH,1,0.7124000191688538,6P58RRG8+W8F8,1047.8,25.7,False
06b5000000000014f247,4.84375,HIGH,1,0.7078999876976013,6P58RR8J+32XJ,1047.8,13.9,False
06b50000000000258f20,4.4375,HIGH,1,0.6917999982833862,6P58RR96+JXVR,1047.9,68.1,False
06b500000000000bb045,7.1640625,HIGH,1,0.7095999717712402,6P58RRC6+8X7J,1047.9,86.6,False
06b50000000000389caf,4.59375,HIGH,1,0.7609999775886536,6P58RR8J+32GH,1047.9,48.7,False
06b50000000000167738,5.046875,HIGH,1,0.7635999917984009,6P58RR69+8Q33,1047.9,197.8,False
06b50000000000298364,,NO_HEIGHT,0,0.7817000150680542,6P58RRCJ+QFVQ,1048.1,52.2,False
06b500000000002db174,4.08203125,HIGH,1,0.8296999931335449,6P58RRC6+6XMJ,1048.1,71.7,False
06b5000000000037ef44,3.9296875,HIGH,1,0.8689000010490417,6P58RR6G+HHWJ,1048.1,587.8,False
06b50000000000247939,3.625,HIGH,1,0.8242999911308289,6P58RR96+CXGV,1048.4,173.9,False
06b5000000000005a99a,9.953125,LOW,1,0.7840999960899353,6P58RR9J+HG8G,1048.4,30.3,False
06b500000000002ea592,,NO_HEIGHT,0,0.7706000208854675,6P58RRH9+G9VP,1048.5,15.3,False
06b50000000000359740,11.875,HIGH,1,0.7425000071525574,6P58RRF7+95QX,1048.6,146.5,False
06b5000000000014bc0a,11.609375,HIGH,1,0.9021999835968018,6P58RRH8+7P4W,1048.6,251.0,False
06b500000000002cc589,6.3203125,HIGH,1,0.8133999705314636,6P58RR69+CCFJ,1048.6,138.3,False
06b500000000000930fa,7.171875,MEDIUM,1,0.7031999826431274,6P58RR9J+PHCR,1048.8,34.1,False
06b500000000000de640,6.3671875,HIGH,1,0.776199996471405,6P58RR69+8J7W,1048.8,571.2,False
06b50000000000233c00,4.6171875,HIGH,1,0.7020999789237976,6P58RR96+HXMW,1048.8,60.6,False
06b500000000002bd94e,6.0859375,HIGH,1,0.7189000248908997,6P58RR7H+PRJ9,1049.0,39.1,False
06b5000000000036be03,4.9140625,HIGH,1,0.8791000247001648,6P58RRG8+W7F5,1049.1,234.7,False
06b50000000000168039,3.40625,HIGH,1,0.7964000105857849,6P58RR87+M5H6,1049.2,83.3,False
06b500000000002dfa22,6.171875,HIGH,1,0.7497000098228455,6P58RR96+XX6M,1049.2,43.0,False
06b5000000000039eff8,7.859375,HIGH,1,0.8194000124931335,6P58RRH9+C3CC,1049.2,88.4,False
06b500000000000d59b7,74.78900098425197,HIGH,1,0.8774999976158142,6P58RR6F+58QG,1049.3,1423.5,False
06b500000000000e3bcd,3.9453125,HIGH,1,0.7594000101089478,6P58RR87+68H4,1049.6,305.1,False
06b500000000001413db,6.15625,HIGH,1,0.7749000191688538,6P58RRC6+2WCQ,1049.6,399.0,False
06b500000000000746e2,4.4921875,HIGH,1,0.8443999886512756,6P58RR97+82RC,1049.8,78.7,False
06b50000000000045559,4.390625,HIGH,1,0.6700999736785889,6P58RRG7+7MHH,1049.9,26.6,False
06b500000000001589d9,3.375,HIGH,1,0.6761000156402588,6P58RR87+5CFJ,1049.9,40.2,False
06b500000000001bed36,9.6328125,HIGH,1,0.7268000245094299,6P58RR78+82PJ,1050.0,134.9,False
06b5000000000024b3d4,7.359375,HIGH,1,0.7541999816894531,6P58RRC6+3W58,1050.1,92.3,False
06b50000000000034c0a,6.5,HIGH,1,0.6780999898910522,6P58RRC6+GX73,1050.1,49.7,False
06b500000000001a9221,18.167351441062177,HIGH,1,0.9649999737739563,6P58RR9J+GJ83,1050.2,4124.3,False
06b50000000000366525,6.4375,HIGH,1,0.7943999767303467,6P58RRH9+G69X,1050.3,97.8,False
06b50000000000093119,4.265625,HIGH,1,0.8274999856948853,6P58RRF7+Q97C,1050.4,143.0,False
06b5000000000038c4f4,9.390625,HIGH,1,0.8270999789237976,6P58RRHC+RFRQ,1050.6,463.1,False
06b50000000000044cd8,4.3359375,MEDIUM,1,0.7906000018119812,6P58RR7H+WW9G,1050.6,29.5,False
06b500000000003eb317,6.1640625,HIGH,1,0.7997000217437744,6P58RR6F+9W7J,1050.6,60.0,False
06b5000000000009799f,6.65625,HIGH,1,0.8090999722480774,6P58RR6C+673F,1050.7,140.0,False
06b5000000000015abb9,8.7421875,HIGH,1,0.8270000219345093,6P58RR77+WHCV,1050.7,64.6,False
06b5000000000012e900,7.140625,HIGH,1,0.8324999809265137,6P58RRH8+8R5X,1050.7,43.7,False
06b50000000000012f6a,7.0625,HIGH,1,0.8704000115394592,6P58RR69+7XH3,1051.1,86.1,False
06b50000000000094756,7.9140625,HIGH,1,0.788100004196167,6P58RR77+RHM2,1051.1,541.8,False
06b500000000003768d9,6.359375,MEDIUM,1,0.663100004196167,6P58RRG8+V6G8,1051.2,43.4,False
06b50000000000381d43,6.234375,HIGH,1,0.7764000296592712,6P58RR7H+RVGX,1051.3,21.9,False
06b50000000000114027,4.8671875,HIGH,1,0.8572999835014343,6P58RR6G+HFJH,1051.5,73.5,False
06b500000000000cd581,7.09375,HIGH,1,0.847100019454956,6P58RR8J+54W6,1051.6,120.8,False
06b50000000000285f60,4.984375,HIGH,1,0.8245999813079834,6P58RRF7+8494,1051.6,212.6,False
06b50000000000063099,5.7109375,HIGH,1,0.7462000250816345,6P58RRH8+8VP3,1051.6,41.7,False
06b50000000000206aaa,3.875,HIGH,1,0.8644999861717224,6P58RR7J+X2JW,1051.7,85.2,False
06b500000000003e292d,3.6484375,LOW,1,0.7141000032424927,6P58RRG7+5JMM,1051.8,34.1,False
06b50000000000099755,5.078125,HIGH,1,0.8288000226020813,6P58RRH8+4G8R,1052.0,122.6,False
06b500000000001132e9,6.53125,HIGH,1,0.8418999910354614,6P58RR69+8MP9,1052.0,98.5,False
06b500000000003eb4a6,14.9375,HIGH,1,0.9470999836921692,6P58RRH9+PJ22,1052.1,609.1,False
06b500000000000b3f2b,4.46875,HIGH,1,0.6783000230789185,6P58RR87+79J2,1052.2,28.3,False
06b500000000002999f7,5.919771634615385,HIGH,1,0.810699999332428,6P58RR69+C6MQ,1052.3,1257.4,False
06b5000000000035f151,5.84375,HIGH,1,0.6983000040054321,6P58RR68+QP5F,1052.3,52.5,False
06b5000000000030c1d3,6.1640625,HIGH,1,0.8615000247955322,6P58RR69+H2J3,1052.4,300.3,False
06b5000000000007f9ae,4.3203125,HIGH,1,0.7818999886512756,6P58RR69+G4VJ,1052.5,70.9,False
06b500000000002355c9,2.109375,MEDIUM,1,0.67330002784729,6P58RR6G+QQ3C,1052.5,25.8,False
06b500000000000f3c10,6.7109375,HIGH,1,0.8626999855041504,6P58RR69+C9F6,1052.5,291.4,False
06b500000000002046ef,6.6015625,HIGH,1,0.8747000098228455,6P58RR69+9H3X,1052.5,206.6,False
06b500000000002a681f,4.9375,HIGH,1,0.8687000274658203,6P58RR6H+X58P,1052.6,954.1,False
06b50000000000126388,6.9375,HIGH,1,0.864799976348877,6P58RR6C+63R5,1052.7,78.6,False
06b500000000003e80d9,4.1953125,MEDIUM,1,0.8217999935150146,6P58RR87+88PF,1052.7,44.5,False
06b500000000002a8973,6.7734375,HIGH,1,0.8450000286102295,6P58RR78+54X9,1052.8,132.7,False
06b5000000000017c0b0,5.46875,MEDIUM,1,0.7813000082969666,6P58RR7H+PRFX,1053.0,39.6,False
06b500000000003ded5d,4.46875,HIGH,1,0.8048999905586243,6P58RRH9+G552,1053.0,79.9,False
06b500000000001f7044,3.7578125,HIGH,1,0.7565000057220459,6P58RR87+4CRH,1053.0,92.8,False
06b500000000002ef19d,5.265625,HIGH,1,0.6534000039100647,6P58RR69+7VR9,1053.0,24.6,False
06b500000000001264c7,9.203125,HIGH,1,0.8136000037193298,6P58RRF7+535C,1053.1,132.0,False
06b5000000000035f993,6.6484375,HIGH,1,0.7469000220298767,6P58RRH9+H9WW,1053.1,135.1,False
06b5000000000026f148,4.03125,HIGH,1,0.6800000071525574,6P58RR87+983R,1053.2,40.2,False
06b50000000000164c34,7.1875,HIGH,1,0.7361000180244446,6P58RR6C+6683,1053.4,79.7,False
06b500000000001a3f32,8.015625,HIGH,1,0.8116999864578247,6P58RR77+9XJM,1053.4,128.0,False
06b5000000000014ec49,7.75,MEDIUM,1,0.6978999972343445,6P58RRC6+JX4G,1053.4,38.6,False
06b500000000003c76cf,9.9765625,HIGH,1,0.7106999754905701,6P58RR87+X3M3,1053.6,82.9,False
06b500000000003d194d,8.40625,HIGH,1,0.6947000026702881,6P58RR68+JXJW,1053.6,10.5,False
06b5000000000023884b,4.375,HIGH,1,0.6607999801635742,6P58RRG8+Q35Q,1053.6,49.6,False
06b50000000000271d7d,3.953125,MEDIUM,1,0.6611999869346619,6P58RR87+97X9,1053.7,12.8,False
06b500000000000ec178,7.3203125,HIGH,1,0.8203999996185303,6P58RRF7+J7P2,1053.7,167.7,False
06b50000000000347840,8.6875,HIGH,1,0.6636999845504761,6P58RR77+FW63,1053.9,55.2,False
06b500000000002cf8fe,4.96875,HIGH,1,0.7807000279426575,6P58RR78+7398,1054.0,19.9,False
06b50000000000111905,4.6796875,HIGH,1,0.8489000201225281,6P58RRC6+6WQM,1054.1,70.8,False
06b500000000003d3218,4.234375,HIGH,1,0.8668000102043152,6P58RR87+G6MG,1054.2,62.8,False
06b5000000000020e21a,7.34375,HIGH,1,0.7581999897956848,6P58RR78+646H,1054.2,163.3,False
06b500000000000e4f4f,12.3359375,HIGH,1,0.9023000001907349,6P58RR97+223X,1054.2,271.2,False
06b5000000000011c027,3.1171875,LOW,1,0.6590999960899353,6P58RRG8+M26G,1054.3,28.6,False
06b500000000001f2e4c,10.078125,HIGH,1,0.8671000003814697,6P58RRG8+X79V,1054.3,342.6,False
06b5000000000012409e,3.3984375,HIGH,1,0.7734000086784363,6P58RR87+C7M6,1054.3,70.8,False
06b5000000000021bde8,14.7734375,HIGH,1,0.6816999912261963,6P58RR77+FVVW,1054.4,37.5,False
06b5000000000014465e,6.7421875,HIGH,1,0.8217999935150146,6P58RR6H+V26X,1054.4,356.9,False
06b5000000000006b2e9,8.703125,HIGH,1,0.8414999842643738,6P58RR77+WG9G,1054.4,74.7,False
06b500000000003ee3e4,6.4921875,HIGH,1,0.7939000129699707,6P58RR7H+RWFP,1054.5,127.7,False
06b500000000001ba470,10.3671875,HIGH,1,0.805400013923645,6P58RRHC+R9JF,1054.5,316.8,False
06b50000000000163e10,7.640625,HIGH,1,0.756600022315979,6P58RRF7+53GM,1054.7,152.6,False
06b5000000000012c33d,7.3828125,HIGH,1,0.7523999810218811,6P58RRH8+8RQ9,1054.8,71.3,False
06b5000000000000113d,10.6328125,HIGH,1,0.8052999973297119,6P58RR77+8XQQ,1055.1,63.0,False
06b50000000000234dfa,4.703125,HIGH,1,0.8500000238418579,6P58RRG7+8M8P,1055.3,141.9,False
06b500000000004033d8,,NO_HEIGHT,0,0.7879999876022339,6P58RRHF+Q8VG,1055.3,34.7,False
06b500000000003ab3ea,6.328125,MEDIUM,1,0.72079998254776,6P58RRF7+WFRG,1055.4,27.3,False
06b5000000000038c3e1,7.7265625,HIGH,1,0.8303999900817871,6P58RR6C+5CCC,1055.5,226.6,False
06b50000000000303e13,4.9453125,HIGH,1,0.7985000014305115,6P58RR69+G3R8,1055.6,275.5,False
06b5000000000013257d,4.953125,HIGH,1,0.8222000002861023,6P58RRG7+CP5W,1055.6,201.8,False
06b500000000001dc3ef,11.2578125,HIGH,1,0.7534000277519226,6P58RRC6+8W9J,1055.7,68.5,False
06b500000000002c66ac,8.5,HIGH,1,0.8628000020980835,6P58RR6G+QVJ2,1055.8,112.8,False
06b50000000000246efc,6.296875,HIGH,1,0.7944999933242798,6P58RR6C+6573,1055.8,111.1,False
06b50000000000378060,6.7578125,MEDIUM,1,0.7303000092506409,6P58RRFJ+59HP,1055.8,50.5,False
06b500000000003a0fdd,8.7421875,HIGH,1,0.8472999930381775,6P58RRH8+8PQJ,1055.9,660.6,False
06b50000000000291636,6.2265625,HIGH,1,0.8198999762535095,6P58RR69+C8VQ,1055.9,48.8,False
06b5000000000023bb53,5.421875,HIGH,1,0.7689999938011169,6P58RRH8+29Q7,1055.9,104.7,False
06b5000000000006d0a7,6.6953125,HIGH,1,0.7322999835014343,6P58RRH8+9WC2,1055.9,86.1,False
06b500000000000a46f6,4.9296875,HIGH,1,0.9017000198364258,6P58RR6F+8XR5,1056.0,329.5,False
06b5000000000037cc6e,14.484375,HIGH,1,0.6877999901771545,6P58RR77+GR9G,1056.2,34.3,False
06b50000000000081332,7.609375,HIGH,1,0.7318999767303467,6P58RR68+JWM8,1056.4,72.0,False
06b5000000000033fd67,6.34375,HIGH,1,0.8664000034332275,6P58RR8J+228H,1056.5,59.8,False
06b500000000001f3c64,18.359375,HIGH,1,0.8810999989509583,6P58RR87+W2Q5,1056.5,350.6,False
06b500000000003fe160,4.0078125,HIGH,1,0.8055999875068665,6P58RR87+978W,1056.7,111.1,False
06b500000000001407d5,12.1328125,HIGH,1,0.7549999952316284,6P58RRHC+R9XR,1056.8,104.4,False
06b50000000000218573,8.3046875,HIGH,1,0.7232000231742859,6P58RR6C+666C,1056.8,20.3,False
06b5000000000009aea3,4.1796875,HIGH,1,0.7922000288963318,6P58RR7H+WXQF,1056.8,62.4,False
06b500000000001e670e,3.0546875,LOW,1,0.7878999710083008,6P58RR7H+WX2X,1056.9,18.6,False
06b500000000001b857b,9.03125,HIGH,1,0.930899977684021,6P58RR9J+4GM4,1056.9,487.3,False
06b50000000000348c66,5.1484375,HIGH,1,0.8881999850273132,6P58RRG8+Q3P3,1056.9,205.7,False
06b500000000002eb580,6.3359375,HIGH,1,0.8363000154495239,6P58RRH9+F4CH,1057.1,46.6,False
06b5000000000018ec0a,,NO_HEIGHT,0,0.657800018787384,6P58RRHF+Q8XH,1057.1,24.3,False
06b5000000000029dc5d,18.734375,MEDIUM,1,0.6926000118255615,6P58RR78+2894,1057.3,104.4,False
06b500000000002d4a29,6.5859375,MEDIUM,1,0.6596999764442444,6P58RR6C+64FX,1057.5,8.0,False
06b5000000000016f102,6.28125,HIGH,1,0.8632000088691711,6P58RR6G+HGCP,1057.6,99.0,False
06b5000000000024a4f7,4.09375,HIGH,1,0.6638000011444092,6P58RR87+784Q,1057.7,63.5,False
06b50000000000018ddb,10.921875,HIGH,1,0.8907999992370605,6P58RRG7+2C49,1057.8,502.0,False
06b500000000001b3d75,4.7421875,HIGH,1,0.7576000094413757,6P58RR69+7W57,1057.9,69.5,False
06b500000000003e2a2b,,NO_HEIGHT,0,0.6572999954223633,6P58RRF7+H7M7,1057.9,6.4,False
06b500000000001f2448,3.9765625,HIGH,1,0.8050000071525574,6P58RR96+JW74,1058.0,207.5,False
06b500000000001a4829,8.1640625,HIGH,1,0.6852999925613403,6P58RRF7+M7HX,1058.0,46.1,False
06b500000000003be362,3.6875,HIGH,1,0.7947999835014343,6P58RR8J+446G,1058.1,53.4,False
06b500000000002ffe42,5.8515625,MEDIUM,1,0.6953999996185303,6P58RR78+7383,1058.2,13.8,False
06b50000000000352e6c,21.265625,HIGH,1,0.7027999758720398,6P58RR8J+P9W3,1058.2,33.2,False
06b500000000002ac47e,5.3125,HIGH,1,0.670199990272522,6P58RR69+7VF5,1058.3,30.7,False
06b50000000000297aa1,,NO_HEIGHT,0,0.6617000102996826,6P58RRCJ+CHMV,1058.4,24.5,False
06b500000000000ab284,5.84375,HIGH,1,0.8291000127792358,6P58RRG7+8J3R,1058.4,437.1,False
06b500000000003412f2,5.171875,HIGH,1,0.878600001335144,6P58RRG7+3GJ4,1058.5,159.9,False
06b500000000003c0198,5.8671875,HIGH,1,0.6654000282287598,6P58RR69+7V9V,1058.6,12.5,False
06b5000000000009ad55,15.3203125,HIGH,1,0.7694000005722046,6P58RR77+FVR6,1058.6,68.9,False
06b5000000000039d6f8,4.2578125,HIGH,1,0.8152999877929688,6P58RRG8+P263,1058.6,173.0,False
06b500000000001f76b0,11.7890625,HIGH,1,0.8513000011444092,6P58RR6F+6QMP,1058.7,1526.6,False
06b5000000000011ee75,6.46875,HIGH,1,0.8317999839782715,6P58RR7H+QWCC,1058.7,155.3,False
06b50000000000136add,5.8984375,HIGH,1,0.8234000205993652,6P58RRG7+GRF2,1058.8,267.2,False
06b5000000000011459f,9.9609375,HIGH,1,0.807200014591217,6P58RR77+8WQ9,1058.9,353.8,False
06b5000000000019f869,4.9453125,HIGH,1,0.7404999732971191,6P58RR87+M4Q9,1058.9,74.3,False
06b500000000001a5bb9,7.609375,HIGH,1,0.885200023651123,6P58RR6G+GCFH,1058.9,199.0,False
06b500000000000b9543,6.9375,HIGH,1,0.6575000286102295,6P58RR7H+36H7,1059.1,29.0,False
06b500000000002dc34f,4.8984375,HIGH,1,0.8206999897956848,6P58RRF7+J6HF,1059.2,293.1,False
06b5000000000032596b,4.5703125,HIGH,1,0.8115000128746033,6P58RR6G+JJ95,1059.2,291.3,False
06b5000000000021ecc9,4.59375,HIGH,1,0.7612000107765198,6P58RRH8+5G4J,1059.2,164.5,False
06b50000000000220445,7.8828125,HIGH,1,0.8702999949455261,6P58RRF7+F5QJ,1059.3,222.1,False
06b500000000002444c2,7.796875,HIGH,1,0.7850000262260437,6P58RRHC+Q3MC,1059.3,102.2,False
06b500000000003297ed,7.140625,HIGH,1,0.8166000247001648,6P58RR9J+6G4V,1059.6,78.7,False
06b500000000003e70ee,6.015625,HIGH,1,0.8422999978065491,6P58RR6C+62F3,1059.7,156.0,False
06b500000000002f02b0,6.96875,HIGH,1,0.6620000004768372,6P58RR77+9WR9,1059.8,119.3,False
06b50000000000009cfe,6.3359375,HIGH,1,0.763700008392334,6P58RR69+6PMX,1059.9,366.5,False
06b50000000000229adf,6.7734375,HIGH,1,0.7996000051498413,6P58RR6C+6446,1060.0,75.4,False
06b500000000001f196f,9.9921875,HIGH,1,0.8842999935150146,6P58RR77+JP85,1060.1,133.6,False
06b50000000000136d6b,,NO_HEIGHT,0,0.6621000170707703,6P58RRCJ+CH4C,1060.2,33.8,False
06b500000000003a081d,4.6328125,HIGH,1,0.8109999895095825,6P58RR87+C72V,1060.2,56.9,False
06b5000000000017c133,5.9609375,MEDIUM,1,0.6955000162124634,6P58RR78+63GX,1060.3,58.4,False
06b5000000000039448c,7.2734375,HIGH,1,0.7960000038146973,6P58RR6C+567M,1060.4,135.9,False
06b500000000001cc5e1,4.3671875,HIGH,1,0.7857999801635742,6P58RR69+F4XP,1060.5,153.3,False
06b50000000000202704,3.9140625,HIGH,1,0.7940000295639038,6P58RR87+H546,1060.5,193.1,False
06b5000000000034b748,6.390625,MEDIUM,1,0.7541000247001648,6P58RR8J+QCV9,1060.5,101.0,False
06b500000000001bee33,4.4921875,HIGH,1,0.7555000185966492,6P58RR69+6XPJ,1060.5,58.3,False
06b500000000003fb2ba,5.546875,HIGH,1,0.7700999975204468,6P58RR7J+X2Q2,1060.6,74.9,False
06b5000000000009c612,6.3359375,HIGH,1,0.7563999891281128,6P58RR69+7PPR,1060.7,73.2,False
06b5000000000019f8d1,7.7421875,HIGH,1,0.7251999974250793,6P58RR78+733J,1060.8,25.1,False
06b500000000002a82af,5.484375,HIGH,1,0.7470999956130981,6P58RR96+VW6Q,1060.9,71.9,False
06b500000000003a2bcb,3.578125,HIGH,1,0.7200000286102295,6P58RR96+JWVG,1061.0,43.2,False
06b500000000000d9064,,NO_HEIGHT,0,0.6632000207901001,6P58RRHF+R8FM,1061.1,73.6,False
06b5000000000029d86a,4.2734375,HIGH,1,0.8622000217437744,6P58RRH9+G6JV,1061.2,46.4,False
06b500000000000567d1,11.0234375,HIGH,1,0.8255000114440918,6P58RRF7+63CH,1061.4,440.9,False
06b500000000002074e0,6.28125,HIGH,1,0.7896000146865845,6P58RRC6+5WJC,1061.4,56.3,False
06b500000000000cb730,7.640625,LOW,1,0.8147000074386597,6P58RRCJ+PH26,1061.6,49.7,False
06b500000000002f60a3,6.9140625,HIGH,1,0.8025000095367432,6P58RR7H+37C9,1061.7,37.1,False
06b50000000000380a83,7.0078125,HIGH,1,0.6775000095367432,6P58RR6C+56HF,1062.0,82.7,False
06b50000000000031b57,6.4296875,HIGH,1,0.8356000185012817,6P58RRH9+G4F8,1062.0,194.3,False
06b500000000001dceb6,6.4296875,HIGH,1,0.7692000269889832,6P58RR69+7PJR,1062.1,68.0,False
06b500000000003b9e25,8.625,HIGH,1,0.7343000173568726,6P58RRH8+28H3,1062.2,81.2,False
06b50000000000388635,5.890625,MEDIUM,1,0.8197000026702881,6P58RRH9+MGMF,1062.7,145.3,False
06b500000000001d4ff1,6.0546875,HIGH,1,0.8693000078201294,6P58RRH8+9VMF,1062.7,130.6,False
06b500000000002638bc,,NO_HEIGHT,0,0.6754999756813049,6P58RRCJ+9HH2,1062.7,22.6,False
06b50000000000004dd3,5.59375,HIGH,1,0.8859000205993652,6P58RRF7+84WC,1062.8,126.5,False
06b500000000000af047,5.546875,HIGH,1,0.8702999949455261,6P58RRH9+G5JH,1062.8,131.3,False
06b5000000000002f98a,6.796875,HIGH,1,0.8194000124931335,6P58RR69+8FVR,1062.9,138.8,False
06b500000000000d4c16,11.2265625,HIGH,1,0.8884000182151794,6P58RR77+FR8X,1062.9,146.7,False
06b500000000003608c8,4.78125,HIGH,1,0.7749999761581421,6P58RRG7+4G6H,1062.9,117.5,False
06b50000000000048f92,5.78125,HIGH,1,0.8823999762535095,6P58RRH8+8QXR,1063.1,141.9,False
06b500000000003f6c29,9.734375,LOW,1,0.7113999724388123,6P58RR77+GRCG,1063.3,17.9,False
06b500000000000a5d09,6.1640625,HIGH,1,0.7468000054359436,6P58RR69+7MW7,1063.4,44.3,False
06b500000000002de8ad,7.59375,HIGH,1,0.7146999835968018,6P58RRF7+G6F2,1063.5,19.1,False
06b500000000001a3a7e,5.578125,MEDIUM,1,0.7239999771118164,6P58RR8J+44H4,1063.6,169.3,False
06b500000000001de338,2.7421875,LOW,1,0.8608999848365784,6P58RR96+7X6M,1063.6,153.5,False
06b50000000000299009,4.9765625,HIGH,1,0.9190000295639038,6P58RR96+CWFP,1063.7,238.1,False
06b500000000003cb45f,13.7109375,MEDIUM,1,0.8946999907493591,6P58RR68+QM42,1063.8,54.4,False
06b5000000000014ca74,7.640625,HIGH,1,0.7443000078201294,6P58RR6C+54J3,1063.8,82.3,False
06b50000000000266f0c,5.5703125,HIGH,1,0.6890000104904175,6P58RR6C+55QC,1064.0,36.1,False
06b500000000003fbeb0,9.125,HIGH,1,0.8083000183105469,6P58RR68+HWV4,1064.0,96.0,False
06b50000000000237ae0,6.046875,HIGH,1,0.6651999950408936,6P58RR7H+PV2C,1064.1,17.7,False
06b5000000000026ee45,4.734375,HIGH,1,0.8460999727249146,6P58RRH8+4FFV,1064.1,103.7,False
06b500000000002006ab,7.96875,HIGH,1,0.7770000100135803,6P58RR6C+53P9,1064.2,67.0,False
06b500000000000733d5,2.296875,LOW_RELAXED,1,0.6625999808311462,6P58RRG7+JWWW,1064.3,73.3,False
06b500000000000bcd14,5.78125,HIGH,1,0.6542999744415283,6P58RRC6+6W28,1064.3,14.4,False
06b500000000000527f7,6.2578125,HIGH,1,0.808899998664856,6P58RR77+CVV4,1064.3,46.6,False
06b500000000001923fd,9.7265625,HIGH,1,0.7613999843597412,6P58RR7H+2683,1064.3,97.7,False
06b500000000003f828c,5.390625,HIGH,1,0.8504999876022339,6P58RRG7+7HH5,1064.4,247.3,False
06b5000000000005090e,,NO_HEIGHT,0,0.7059999704360962,6P58RRCJ+8J25,1064.4,93.9,False
06b500000000002ff56f,5.25,HIGH,1,0.8325999975204468,6P58RR7H+VX79,1064.5,45.0,False
06b50000000000160d19,4.578125,HIGH,1,0.7475000023841858,6P58RR96+HW79,1064.6,37.6,False
06b50000000000392397,13.765625,HIGH,1,0.8695999979972839,6P58RRF7+P6HJ,1064.6,723.9,False
06b500000000001895f0,4.9921875,HIGH,1,0.7800999879837036,6P58RR96+PWCF,1064.7,161.9,False
06b5000000000010a59e,7.8671875,HIGH,1,0.6751000285148621,6P58RR78+725X,1064.7,16.0,False
06b50000000000030054,6.4765625,HIGH,1,0.8549000024795532,6P58RR6C+579H,1064.9,63.0,False
06b500000000000e7e3e,,NO_HEIGHT,0,0.6636999845504761,6P58RRCJ+MH64,1064.9,16.9,False
06b500000000003fb7cb,5.8046875,HIGH,1,0.8855999708175659,6P58RRH8+39G8,1064.9,127.6,False
06b5000000000008f4ba,7.2890625,HIGH,1,0.8173999786376953,6P58RR68+MQJM,1065.0,93.3,False
06b5000000000038183f,6.2421875,HIGH,1,0.7335000038146973,6P58RR69+6VQ8,1065.0,78.0,False
06b5000000000001f3f4,6.75,LOW,1,0.7838000059127808,6P58RRF7+WCV8,1065.1,12.2,False
06b50000000000369c14,7.625,HIGH,1,0.6833000183105469,6P58RRH8+CW3G,1065.1,20.0,False
06b50000000000153526,4.5390625,HIGH,1,0.777899980545044,6P58RR96+GWGR,1065.1,69.5,False
06b500000000001faebc,3.71875,HIGH,1,0.8799999952316284,6P58RR7J+W2PF,1065.2,80.7,False
06b5000000000005f1b5,4.4296875,HIGH,1,0.8456000089645386,6P58RR87+C6G6,1065.3,62.1,False
06b5000000000027916f,4.7421875,HIGH,1,0.8970000147819519,6P58RRG8+Q225,1065.3,152.9,False
06b500000000002f032f,,NO_HEIGHT,0,0.7368999719619751,6P58RRHC+VWJF,1065.6,175.3,False
06b500000000002c9c29,3.0,HIGH,1,0.6578999757766724,6P58RRHG+M2PW,1065.7,322.8,False
06b500000000000f7dba,6.828125,HIGH,1,0.6783999800682068,6P58RR7J+X3RX,1065.7,36.8,False
06b5000000000036ace5,6.28125,MEDIUM,1,0.7042999863624573,6P58RRC6+5WCM,1065.8,5.0,False
06b5000000000000a55b,7.7109375,HIGH,1,0.8607000112533569,6P58RR78+6367,1065.9,137.1,False
06b5000000000008a5a4,8.15625,HIGH,1,0.694599986076355,6P58RR69+8CXM,1066.0,71.4,False
06b500000000000f944d,6.1171875,HIGH,1,0.760699987411499,6P58RR69+6VFQ,1066.1,73.1,False
06b500000000001b2dc3,6.046875,HIGH,1,0.6949999928474426,6P58RR6C+55M2,1066.2,44.1,False
06b500000000002c60e0,5.9453125,HIGH,1,0.65420001745224,6P58RR69+6WH3,1066.3,26.9,False
06b5000000000013bf8e,5.4609375,HIGH,1,0.8788999915122986,6P58RR6G+JMH4,1066.3,279.2,False
06b500000000000bf9ef,6.09375,HIGH,1,0.8600000143051147,6P58RR6G+GF4M,1066.6,376.3,False
06b5000000000011e2bb,3.6640625,LOW,1,0.6743000149726868,6P58RRF7+H67P,1066.7,16.4,False
06b500000000001bc616,5.8515625,HIGH,1,0.7775999903678894,6P58RR68+MQ8Q,1066.8,56.5,False
06b5000000000030bd3e,9.734375,LOW,1,0.7343000173568726,6P58RR77+GR2C,1066.9,26.7,False
06b5000000000034f69d,,NO_HEIGHT,0,0.6578999757766724,6P58RRHF+RC6Q,1067.1,16.4,False
06b50000000000364fc3,6.4765625,HIGH,1,0.8341000080108643,6P58RRG7+GQF4,1067.2,343.2,False
06b500000000002354ae,4.453125,HIGH,1,0.8015000224113464,6P58RRG7+5GXM,1067.3,163.2,False
06b5000000000018ae14,5.71875,HIGH,1,0.7706000208854675,6P58RR7H+MVVW,1067.4,55.4,False
06b50000000000229b06,5.84375,HIGH,1,0.6592000126838684,6P58RRC6+4V5M,1067.4,75.1,False
06b50000000000304835,9.90625,HIGH,1,0.7457000017166138,6P58RR77+GQCP,1067.6,220.2,False
06b5000000000020c346,54.46875,HIGH,1,0.7174000144004822,6P58RR68+RG28,1067.7,426.8,False
06b5000000000010816b,15.8828125,HIGH,1,0.7656000256538391,6P58RRC6+MWP4,1067.8,127.0,False
06b500000000003cdf9c,5.9296875,HIGH,1,0.8400999903678894,6P58RR7H+QWQM,1067.9,69.0,False
06b500000000002e1ef3,5.765625,HIGH,1,0.8331000208854675,6P58RR6H+X7V4,1067.9,526.0,False
06b500000000003c5a84,8.0703125,HIGH,1,0.713699996471405,6P58RR78+724P,1067.9,15.9,False
06b50000000000013563,5.15625,MEDIUM,1,0.8479999899864197,6P58RR87+96PP,1068.0,51.8,False
06b500000000003b87a1,6.0625,HIGH,1,0.8187000155448914,6P58RR69+F36H,1068.1,683.9,False
06b5000000000001ba55,5.65625,HIGH,1,0.8586999773979187,6P58RR7H+6F6H,1068.1,99.3,False
06b50000000000373bdb,4.7109375,HIGH,1,0.7806000113487244,6P58RR9J+8H43,1068.3,126.8,False
06b5000000000010650a,4.1171875,MEDIUM,1,0.7350999712944031,6P58RR96+9W97,1068.4,25.8,False
06b500000000003751e0,7.7265625,HIGH,1,0.8604000210762024,6P58RRF7+94FV,1068.6,122.9,False
06b50000000000388484,,NO_HEIGHT,0,0.7766000032424927,6P58RRGH+MH4F,1068.6,12.4,False
06b500000000002029e7,3.6796875,MEDIUM,1,0.784600019454956,6P58RR7H+7G6Q,1068.8,64.9,False
06b50000000000082903,6.0078125,HIGH,1,0.760200023651123,6P58RR6F+7WG9,1068.9,486.3,False
06b500000000002729c9,6.1015625,MEDIUM,1,0.8216999769210815,6P58RR77+8X32,1069.0,45.3,False
06b5000000000015b138,11.0859375,LOW,1,0.7186999917030334,6P58RRHC+R275,1069.0,9.1,False
06b500000000001deef1,37.09375,HIGH,1,0.8586000204086304,6P58RR8J+98WJ,1069.1,859.5,False
06b5000000000033f383,10.0234375,LOW,1,0.7074999809265137,6P58RRC6+PW99,1069.1,16.9,False
06b50000000000362cb9,5.078125,HIGH,1,0.8912000060081482,6P58RRF7+J59X,1069.2,290.2,False
06b5000000000034fc0c,11.46875,HIGH,1,0.7976999878883362,6P58RR78+5432,1069.4,95.6,False
06b5000000000036937b,5.3828125,HIGH,1,0.6728000044822693,6P58RR69+6RRP,1069.5,31.0,False
06b500000000001c7287,4.8671875,HIGH,1,0.796999990940094,6P58RRC6+GWCP,1069.5,100.7,False
06b5000000000021b62a,8.2734375,HIGH,1,0.8137000203132629,6P58RR69+8C8J,1069.5,433.3,False
06b500000000003c295c,6.8203125,MEDIUM,1,0.663100004196167,6P58RRHF+R9W8,1069.7,78.3,False
06b500000000003b8e56,4.4296875,HIGH,1,0.8001999855041504,6P58RR87+F5M7,1070.0,114.8,False
06b5000000000015953e,5.6640625,HIGH,1,0.7353000044822693,6P58RR6C+555W,1070.2,44.0,False
06b500000000002302a1,4.9453125,HIGH,1,0.7483999729156494,6P58RR96+HV85,1070.2,85.7,False
06b5000000000019b318,5.703125,HIGH,1,0.7736999988555908,6P58RR6C+54F5,1070.4,45.9,False
06b50000000000103cc6,4.359375,HIGH,1,0.7953000068664551,6P58RRC6+6RP2,1070.5,423.0,False
06b500000000000966c0,4.0,HIGH,1,0.6746000051498413,6P58RR87+H495,1070.5,37.1,False
06b50000000000061fb9,3.8203125,HIGH,1,0.8532000184059143,6P58RRH8+5FFF,1070.6,201.2,False
06b5000000000012dd0c,6.625,HIGH,1,0.866100013256073,6P58RRG8+X7RV,1070.6,185.4,False
06b5000000000012856a,6.2890625,HIGH,1,0.8565000295639038,6P58RRF7+C47P,1070.6,135.0,False
06b500000000002dcd0b,5.28125,HIGH,1,0.8389000296592712,6P58RRH8+7H8H,1070.6,275.8,False
06b500000000000c9512,5.9609375,HIGH,1,0.7580000162124634,6P58RRC6+3VRH,1070.8,384.3,False
06b500000000001fb1b3,4.5390625,HIGH,1,0.8008999824523926,6P58RR96+GV9J,1070.8,161.0,False
06b50000000000364e6c,8.96875,HIGH,1,0.7717999815940857,6P58RR77+9VP3,1070.9,71.7,False
06b50000000000339c6f,4.703125,HIGH,1,0.816100001335144,6P58RRG7+9MWR,1071.2,127.2,False
06b50000000000268536,6.6484375,LOW,1,0.7271000146865845,6P58RR7H+QW8G,1071.2,20.0,False
06b5000000000037e699,,NO_HEIGHT,0,0.7251999974250793,6P58RR6F+45WQ,1071.3,16.8,False
06b5000000000038f301,5.25,HIGH,1,0.7605000138282776,6P58RR7J+V23J,1071.4,110.1,False
06b5000000000023835f,4.90625,HIGH,1,0.8565999865531921,6P58RRH8+4CRM,1071.5,303.3,False
06b500000000002e5469,5.359375,HIGH,1,0.6592000126838684,6P58RR69+6QVW,1071.5,25.1,False
06b500000000002bbae9,3.9453125,HIGH,1,0.7893000245094299,6P58RR87+H4WV,1071.6,61.7,False
06b50000000000048ec6,6.359375,HIGH,1,0.7792999744415283,6P58RRH8+FX2R,1071.8,56.1,False
06b5000000000033336b,8.765625,HIGH,1,0.7203999757766724,6P58RRF7+73VH,1071.9,127.4,False
06b5000000000002a7c5,6.2890625,HIGH,1,0.8493000268936157,6P58RRC6+FVM3,1071.9,323.9,False
06b500000000001c0e35,6.234375,HIGH,1,0.8222000002861023,6P58RRH8+9RXF,1072.0,38.7,False
06b50000000000386a3d,5.921875,LOW,1,0.6845999956130981,6P58RRHF+RCVF,1072.1,71.2,False
06b500000000003adfa1,3.9765625,HIGH,1,0.8210999965667725,6P58RR87+C5W8,1072.2,107.6,False
06b500000000000ea8b7,6.6328125,HIGH,1,0.8569999933242798,6P58RR87+29QG,1072.2,86.1,False
06b500000000003a2a08,4.9375,HIGH,1,0.697700023651123,6P58RR7H+MVQ7,1072.3,124.3,False
06b500000000001819b2,,NO_HEIGHT,0,0.6890000104904175,6P58RRCJ+6J97,1072.3,57.4,False
06b5000000000027da7e,7.3984375,HIGH,1,0.734000027179718,6P58RR68+MP79,1072.4,159.8,False
06b500000000002f536f,5.21875,HIGH,1,0.8849999904632568,6P58RRG8+V322,1072.4,372.3,False
06b50000000000134b81,6.1328125,MEDIUM,1,0.7663999795913696,6P58RR6C+5538,1072.5,57.6,False
06b50000000000222305,13.2265625,HIGH,1,0.7200000286102295,6P58RRHC+V77X,1072.6,95.7,False
06b500000000000d6f5a,7.96875,HIGH,1,0.859000027179718,6P58RR6C+49F4,1072.8,148.7,False
06b50000000000109b3a,9.01953125,HIGH,1,0.8855999708175659,6P58RR68+JMH7,1072.9,1412.6,False
06b500000000001c52e7,10.0,HIGH,1,0.7620999813079834,6P58RR77+HP6W,1072.9,138.6,False
06b5000000000013fe4f,6.828125,HIGH,1,0.867900013923645,6P58RR69+6HWR,1073.0,572.2,False
06b5000000000015391b,5.6640625,HIGH,1,0.7675999999046326,6P58RR69+8G4V,1073.3,33.9,False
06b500000000003af714,4.765625,HIGH,1,0.765999972820282,6P58RR87+95WH,1073.4,201.1,False
06b500000000000ac9bb,5.1171875,HIGH,1,0.7875999808311462,6P58RR96+PV7V,1073.4,197.2,False
06b5000000000026ee67,18.3984375,HIGH,1,0.8708000183105469,6P58RRH9+PGV8,1073.4,465.9,False
06b5000000000006ef26,,NO_HEIGHT,0,0.729200005531311,6P58RRHF+V8CX,1073.5,94.1,False
06b500000000002517d9,6.09375,HIGH,1,0.8228999972343445,6P58RR69+7M3H,1073.5,90.8,False
06b500000000001c59dd,6.8984375,HIGH,1,0.8719000220298767,6P58RR6C+52CW,1073.6,90.5,False
06b5000000000022ad97,8.71875,HIGH,1,0.775600016117096,6P58RR78+624C,1073.6,147.1,False
06b50000000000049e04,6.7734375,HIGH,1,0.6942999958992004,6P58RR6F+8X5R,1073.8,52.7,False
06b50000000000409ff3,6.3671875,HIGH,1,0.7102000117301941,6P58RR6C+47HP,1073.8,98.3,False
06b500000000000ed2df,5.4609375,HIGH,1,0.6611999869346619,6P58RRG8+Q2C5,1073.8,33.6,False
06b5000000000007e8ea,3.5703125,HIGH,1,0.8289999961853027,6P58RR68+GXR5,1074.1,74.6,False
06b50000000000408163,16.9921875,HIGH,1,0.8137000203132629,6P58RR96+2X74,1074.1,195.3,False
06b500000000000bc42b,5.28125,HIGH,1,0.8014000058174133,6P58RR87+G44F,1074.2,305.7,False
06b500000000001a57f6,5.7265625,HIGH,1,0.7081999778747559,6P58RR96+4XR6,1074.3,64.8,False
06b500000000003c3a6c,,NO_HEIGHT,0,0.8105999827384949,6P58RRFJ+W56F,1074.3,32.0,False
06b5000000000003f956,9.9453125,HIGH,1,0.8675000071525574,6P58RR7H+HVX2,1074.5,730.1,False
06b5000000000026e1fc,3.828125,HIGH,1,0.7245000004768372,6P58RR87+H4G9,1074.5,21.2,False
06b500000000001fdf0f,9.2578125,HIGH,1,0.7660999894142151,6P58RR77+RFHM,1074.6,267.5,False
06b500000000003af6e3,5.375,HIGH,1,0.8345000147819519,6P58RR69+6Q7F,1075.1,161.3,False
06b5000000000031a594,8.921875,HIGH,1,0.767799973487854,6P58RR77+9VFR,1075.1,62.9,False
06b50000000000142303,4.796875,HIGH,1,0.8377000093460083,6P58RRC6+7V6W,1075.2,94.6,False
06b5000000000020dc36,5.78125,HIGH,1,0.7581999897956848,6P58RRH8+27XF,1075.2,96.9,False
06b50000000000149849,5.7734375,HIGH,1,0.8884999752044678,6P58RR6G+HQCV,1075.3,526.5,False
06b5000000000031e17b,7.4765625,HIGH,1,0.8568000197410583,6P58RR87+48R3,1075.3,216.6,False
06b50000000000003c7a,5.1875,HIGH,1,0.698199987411499,6P58RR6C+545C,1075.3,30.7,False
06b50000000000081a54,6.359375,HIGH,1,0.6722000241279602,6P58RRH8+FX7V,1075.4,14.4,False
06b50000000000137ec8,6.4765625,HIGH,1,0.824400007724762,6P58RRHC+V9RH,1075.5,243.2,False
06b500000000001bcfca,,NO_HEIGHT,0,0.6992999911308289,6P58RR87+R2PH,1075.5,40.4,False
06b500000000003dd783,5.3828125,MEDIUM,1,0.7750999927520752,6P58RR87+967M,1075.5,28.6,False
06b500000000001bffc3,5.7421875,HIGH,1,0.8640000224113464,6P58RRF7+X972,1075.6,146.1,False
06b500000000003e29dc,5.9921875,HIGH,1,0.7278000116348267,6P58RR69+6R4J,1075.6,123.7,False
06b5000000000040678e,5.4140625,HIGH,1,0.744700014591217,6P58RR69+5WPG,1075.8,63.5,False
06b500000000000fc050,4.125,HIGH,1,0.7422000169754028,6P58RR9J+6HHF,1075.8,163.8,False
06b500000000000e18ff,15.2890625,HIGH,1,0.8016999959945679,6P58RR8J+879W,1075.8,188.6,False
06b50000000000001bae,3.15625,LOW,1,0.6812999844551086,6P58RR7H+PW3R,1075.9,52.0,False
06b50000000000252e5f,18.21875,LOW,1,0.7695000171661377,6P58RR8J+5633,1075.9,188.9,False
06b50000000000091f1b,6.203125,HIGH,1,0.8884000182151794,6P58RRC6+QV8C,1075.9,603.3,False
06b5000000000003ee03,5.375,HIGH,1,0.7860999703407288,6P58RRG7+3CX3,1076.0,117.7,False
06b500000000000f3fe6,3.3515625,HIGH,1,0.6640999913215637,6P58RRH8+498P,1076.1,73.9,False
06b5000000000011e86d,5.1171875,HIGH,1,0.7074000239372253,6P58RR69+6V45,1076.1,31.8,False
06b500000000002bf7a1,4.6640625,HIGH,1,0.866599977016449,6P58RRF7+F46G,1076.2,258.8,False
06b5000000000011cbd1,4.7578125,HIGH,1,0.6877999901771545,6P58RRG7+6GPW,1076.2,94.4,False
06b5000000000029d110,8.015625,HIGH,1,0.8999000191688538,6P58RR6H+R33M,1076.3,355.8,False
06b50000000000188d3e,3.5078125,MEDIUM,1,0.7414000034332275,6P58RR6G+QXFV,1076.3,60.8,False
06b500000000002c8b94,5.9921875,HIGH,1,0.6692000031471252,6P58RRC6+5RQQ,1076.4,111.0,False
06b5000000000034f08b,3.8046875,HIGH,1,0.7616000175476074,6P58RRH9+MCC6,1076.5,41.3,False
06b500000000001460a1,5.671875,HIGH,1,0.8069999814033508,6P58RR69+5X6H,1076.5,140.9,False
06b50000000000130e39,4.203125,MEDIUM,1,0.8235999941825867,6P58RR7H+5FM3,1076.7,71.1,False
06b500000000000b4f8e,15.109375,HIGH,1,0.8776999711990356,6P58RRC6+MV8R,1076.7,280.7,False
06b5000000000004da8c,10.9140625,HIGH,1,0.8616999983787537,6P58RRHF+WC2M,1076.7,760.5,False
06b500000000000fbec3,5.9921875,HIGH,1,0.8317999839782715,6P58RR7H+QX7F,1077.3,73.8,False
06b50000000000347ef9,5.0234375,HIGH,1,0.8446000218391418,6P58RRH8+8J78,1077.3,277.1,False
06b50000000000285ae2,25.390625,LOW_RELAXED,1,0.6973000168800354,6P58RR68+W93R,1077.4,46.6,False
06b50000000000128cb9,11.5234375,HIGH,1,0.8944000005722046,6P58RRHC+W628,1077.5,347.2,False
06b5000000000016a025,6.9765625,HIGH,1,0.7245000004768372,6P58RR6C+4C2P,1077.5,39.7,False
06b5000000000039254a,5.0703125,HIGH,1,0.8169999718666077,6P58RRG7+7HF6,1077.6,68.0,False
06b5000000000006b43a,9.578125,HIGH,1,0.7900999784469604,6P58RR77+8VGC,1077.8,230.8,False
06b500000000002f4589,5.6015625,HIGH,1,0.8579999804496765,6P58RRG7+CH69,1077.8,1467.6,False
06b500000000002272ea,5.5625,HIGH,1,0.7728999853134155,6P58RRC6+5R5H,1077.8,47.0,False
06b5000000000036023d,5.9765625,HIGH,1,0.7630000114440918,6P58RR6C+47F6,1078.0,37.0,False
06b500000000002acdd7,18.703125,HIGH,1,0.8179000020027161,6P58RRH9+RRFG,1078.0,186.9,False
06b500000000001a62ae,7.734375,HIGH,1,0.7214999794960022,6P58RR77+7X47,1078.0,23.8,False
06b500000000003aff6f,3.8984375,HIGH,1,0.6700000166893005,6P58RR87+J468,1078.0,22.2,False
06b5000000000006e29b,7.7109375,HIGH,1,0.7153000235557556,6P58RR6H+V4FR,1078.2,45.3,False
06b50000000000363f98,21.109375,HIGH,1,0.832099974155426,6P58RRH9+RVJ7,1078.2,168.8,False
06b5000000000031f179,3.9765625,HIGH,1,0.7856000065803528,6P58RR6H+Q2JQ,1078.2,206.6,False
06b5000000000034e9b5,22.890625,HIGH,1,0.8406999707221985,6P58RR8J+358J,1078.2,177.7,False
06b500000000003c1770,,NO_HEIGHT,0,0.7749999761581421,6P58RRCJ+8M43,1078.2,248.3,False
06b5000000000004bfae,31.5,HIGH,1,0.9120000004768372,6P58RR7H+8PJ8,1078.3,1192.4,False
06b500000000002dd1a1,10.875,MEDIUM,1,0.807699978351593,6P58RR68+QH29,1078.4,103.1,False
06b5000000000030574c,6.703125,HIGH,1,0.7394000291824341,6P58RR7J+W3GF,1078.6,78.8,False
06b500000000000f3ed7,8.6015625,HIGH,1,0.7196999788284302,6P58RR77+QGGH,1078.8,69.3,False
06b5000000000021b67e,8.046875,HIGH,1,0.7922999858856201,6P58RR77+9RQ5,1078.8,51.0,False
06b500000000000971d7,7.4453125,HIGH,1,0.9085000157356262,6P58RR96+8VP4,1078.9,462.4,False
06b50000000000293a99,11.7890625,HIGH,1,0.7994999885559082,6P58RRHC+V362,1078.9,172.4,False
06b500000000002226d0,6.921875,HIGH,1,0.7157999873161316,6P58RRH9+H34J,1078.9,71.6,False
06b50000000000071037,5.7109375,HIGH,1,0.8034999966621399,6P58RRG7+GP7C,1079.1,280.5,False
06b500000000001bdb12,4.390625,HIGH,1,0.8367000222206116,6P58RR87+673G,1079.1,108.3,False
06b500000000002ab14b,6.125,HIGH,1,0.6766999959945679,6P58RR6C+44QP,1079.1,34.0,False
06b5000000000036e397,8.953125,HIGH,1,0.8841000199317932,6P58RR7H+8J2G,1079.1,70.4,False
06b500000000003d35d2,10.203125,HIGH,1,0.8237000107765198,6P58RR77+GP2G,1079.3,547.2,False
06b5000000000012ea10,6.203125,HIGH,1,0.847100019454956,6P58RRH8+CQ2H,1079.4,222.1,False
06b500000000003aa623,5.796875,HIGH,1,0.8956999778747559,6P58RRC6+2R7G,1079.6,249.4,False
06b50000000000069bd7,,NO_HEIGHT,0,0.6553000211715698,6P58RRCJ+PHQ9,1079.8,15.6,False
06b5000000000004dfd5,5.2109375,LOW,1,0.7077000141143799,6P58RR7H+6G2J,1079.8,45.3,False
06b50000000000171956,2.359375,LOW_RELAXED,1,0.6764000058174133,6P58RRG7+5F9P,1079.9,7.6,False
06b500000000003aa4e9,5.7265625,HIGH,1,0.8306999802589417,6P58RR6C+523F,1080.0,80.0,False
06b500000000003ff192,4.859375,LOW,1,0.8116000294685364,6P58RR87+R264,1080.0,133.8,False
06b500000000001ded53,5.0390625,HIGH,1,0.6676999926567078,6P58RR6G+MRFG,1080.1,22.7,False
06b500000000002dcf87,4.5703125,LOW,1,0.6509000062942505,6P58RR6G+959M,1080.1,9.5,False
06b5000000000031795d,5.4765625,HIGH,1,0.8454999923706055,6P58RRG7+PWXQ,1080.1,60.8,False
06b50000000000109e85,4.859375,HIGH,1,0.675000011920929,6P58RRH9+M97V,1080.1,17.4,False
06b5000000000010f753,6.4765625,HIGH,1,0.838100016117096,6P58RR7J+R23J,1080.1,67.5,False
06b500000000002a2a24,4.5234375,HIGH,1,0.7458999752998352,6P58RRF7+H5J4,1080.2,90.3,False
06b5000000000035c598,4.8671875,HIGH,1,0.7271000146865845,6P58RR6H+X8MC,1080.2,257.8,False
06b500000000003230de,3.1328125,MEDIUM,1,0.8119000196456909,6P58RR87+86RR,1080.3,40.1,False
06b5000000000022d115,7.9609375,HIGH,1,0.7930999994277954,6P58RR77+6X49,1080.3,237.9,False
06b500000000003e41cc,11.3359375,HIGH,1,0.8859999775886536,6P58RR6G+74Q9,1080.5,656.5,False
06b5000000000015c76a,6.6875,HIGH,1,0.8621000051498413,6P58RR6C+39R4,1080.5,198.0,False
06b50000000000203cd1,5.765625,HIGH,1,0.8281000256538391,6P58RR7H+QX9C,1080.8,115.7,False
06b5000000000039ab2f,5.7578125,HIGH,1,0.7616999745368958,6P58RR77+X9H2,1081.1,111.4,False
06b500000000001912ab,6.59375,HIGH,1,0.6575000286102295,6P58RR6C+5255,1081.1,33.2,False
06b500000000004041b6,4.8203125,HIGH,1,0.8251000046730042,6P58RR69+5VJF,1081.2,94.0,False
06b50000000000305267,19.3203125,HIGH,1,0.8309000134468079,6P58RR96+2WPX,1081.2,180.3,False
06b5000000000003eacc,6.78125,HIGH,1,0.824999988079071,6P58RRHC+W788,1081.5,216.9,False
06b5000000000002049c,2.796875,HIGH,1,0.7475000023841858,6P58RRG8+R2C4,1081.7,74.6,False
06b500000000002a13eb,12.5078125,HIGH,1,0.8208000063896179,6P58RRF7+72PQ,1081.7,109.4,False
06b500000000000a2413,5.6875,HIGH,1,0.8227999806404114,6P58RRH8+FVMW,1081.7,327.6,False
06b50000000000114045,7.3828125,HIGH,1,0.8083000183105469,6P58RR6H+R469,1081.9,295.5,False
06b5000000000015ae2f,,NO_HEIGHT,0,0.6820999979972839,6P58RRHG+HC55,1081.9,47.7,False
06b50000000000160920,5.921875,HIGH,1,0.7217000126838684,6P58RRH9+H23X,1082.0,198.3,False
06b500000000002089a2,6.7578125,HIGH,1,0.8341000080108643,6P58RR6C+37RC,1082.0,102.4,False
06b50000000000246afb,4.84375,HIGH,1,0.7264999747276306,6P58RRH9+P94V,1082.1,133.3,False
06b500000000003f37cb,4.8125,HIGH,1,0.7784000039100647,6P58RR68+FXGH,1082.3,156.6,False
06b500000000000596f2,4.9765625,MEDIUM,1,0.6653000116348267,6P58RRC6+JV8V,1082.3,32.0,False
06b50000000000377af6,5.109375,HIGH,1,0.8122000098228455,6P58RRG7+7GQ7,1082.3,112.2,False
06b500000000003364db,4.078125,HIGH,1,0.8179000020027161,6P58RRH8+7G3X,1082.3,173.6,False
06b500000000001f678e,4.5234375,HIGH,1,0.6503000259399414,6P58RR68+HRJW,1082.4,57.1,False
06b50000000000312b7c,6.71875,HIGH,1,0.9194999933242798,6P58RRH9+Q756,1082.6,1148.4,False
06b50000000000372f86,6.2265625,HIGH,1,0.8582000136375427,6P58RR6C+43P3,1082.6,115.1,False
06b5000000000023aa49,6.1171875,HIGH,1,0.6571000218391418,6P58RR6G+MVJ3,1082.7,40.3,False
06b500000000002f9435,7.0703125,HIGH,1,0.6919999718666077,6P58RR6C+45CF,1082.7,29.2,False
06b500000000001ef70f,5.9296875,HIGH,1,0.8489999771118164,6P58RR69+6M7Q,1082.9,92.6,False
06b500000000003c8927,5.40625,HIGH,1,0.7268000245094299,6P58RRG7+2935,1082.9,32.0,False
06b50000000000395b4a,7.4453125,HIGH,1,0.7580999732017517,6P58RR9J+7JP5,1082.9,137.7,False
06b5000000000040ea33,6.3515625,HIGH,1,0.8303999900817871,6P58RR96+WR75,1083.1,219.9,False
06b5000000000029e443,6.0625,HIGH,1,0.777899980545044,6P58RR96+QRWX,1083.1,77.2,False
06b500000000003f924c,4.5078125,HIGH,1,0.6510999798774719,6P58RR96+QR9F,1083.3,24.3,False
06b5000000000033a29a,6.5859375,HIGH,1,0.8567000031471252,6P58RR6C+37WC,1083.3,76.4,False
06b500000000002db19f,5.359375,HIGH,1,0.7303000092506409,6P58RR96+PRQ7,1083.6,61.7,False
06b50000000000234fc8,23.640625,HIGH,1,0.7189000248908997,6P58RR8J+36QJ,1083.7,482.2,False
06b50000000000176bdd,7.640625,MEDIUM,1,0.7060999870300293,6P58RR77+6XVJ,1083.7,7.0,False
06b500000000000f5b1a,4.328125,HIGH,1,0.8791999816894531,6P58RR6G+HM85,1083.8,124.8,False
06b500000000000c4b45,5.0078125,HIGH,1,0.8860999941825867,6P58RR6G+JRM5,1084.2,185.3,False
06b500000000000968a2,4.4765625,HIGH,1,0.6675000190734863,6P58RRG7+39QQ,1084.4,104.7,False
06b50000000000318cda,4.9609375,HIGH,1,0.7839999794960022,6P58RRH8+5CR6,1084.5,310.1,False
06b500000000003c0902,6.984375,HIGH,1,0.7997999787330627,6P58RRC6+3RV8,1084.6,239.6,False
06b500000000003b8557,27.828125,HIGH,1,0.8970000147819519,6P58RR8J+MGM9,1084.6,1296.7,False
06b500000000002565f6,10.953125,HIGH,1,0.9301999807357788,6P58RRH8+37JW,1084.6,459.3,False
06b5000000000016d939,6.7734375,HIGH,1,0.8023999929428101,6P58RR68+FXJ3,1084.9,154.8,False
06b50000000000345389,5.0390625,HIGH,1,0.8349999785423279,6P58RR87+9574,1085.0,69.6,False
06b50000000000041b96,11.703125,HIGH,1,0.7756999731063843,6P58RR96+3WF2,1085.1,143.4,False
06b5000000000035ab1e,4.7265625,HIGH,1,0.6811000108718872,6P58RR87+J37W,1085.1,54.6,False
06b500000000003970a0,4.234375,HIGH,1,0.7541999816894531,6P58RR87+H3FX,1085.3,150.9,False
06b50000000000224135,4.703125,HIGH,1,0.7646999955177307,6P58RRH8+6FFV,1085.4,128.4,False
06b5000000000004470b,4.9921875,HIGH,1,0.7742000222206116,6P58RRF7+J4HP,1085.5,215.0,False
06b5000000000004a4f1,5.671875,HIGH,1,0.868399977684021,6P58RRHC+X955,1085.5,638.8,False
06b50000000000335c1d,8.140625,HIGH,1,0.7134000062942505,6P58RR96+XR73,1085.7,87.1,False
06b500000000000377b2,3.9375,HIGH,1,0.7290999889373779,6P58RR87+573H,1085.8,59.8,False
06b50000000000259d6a,5.015625,HIGH,1,0.817300021648407,6P58RRH8+CQP5,1085.9,115.7,False
06b50000000000263bc4,7.0703125,HIGH,1,0.7318000197410583,6P58RR7J+W47Q,1086.0,190.8,False
06b5000000000021332b,6.0703125,HIGH,1,0.8471999764442444,6P58RRC6+HRXV,1086.0,134.3,False
06b500000000003b758f,2.9921875,HIGH,1,0.8914999961853027,6P58RRG7+RXF9,1086.2,152.2,False
06b5000000000004cb39,9.25,LOW,1,0.8526999950408936,6P58RR6F+37WV,1086.3,43.3,False
06b500000000000065f4,5.03125,HIGH,1,0.8090000152587891,6P58RRG7+QW8R,1086.7,143.0,False
06b500000000003ea908,6.265625,HIGH,1,0.7721999883651733,6P58RRC6+5RF4,1086.9,129.2,False
06b5000000000004a416,4.921875,HIGH,1,0.8747000098228455,6P58RRG7+29CV,1086.9,106.9,False
06b500000000002bea6f,7.2109375,HIGH,1,0.7175999879837036,6P58RR6C+452J,1087.3,28.7,False
06b500000000001a524b,3.953125,MEDIUM,1,0.7991999983787537,6P58RRH8+FR5P,1087.3,31.9,False
06b5000000000002a308,5.125,HIGH,1,0.8248000144958496,6P58RR7J+V4C3,1087.4,189.5,False
06b5000000000034d11a,4.484375,HIGH,1,0.777899980545044,6P58RRG7+7G3R,1087.5,48.9,False
06b500000000000e532c,6.65625,HIGH,1,0.76910001039505,6P58RR7J+Q27M,1087.5,83.5,False
06b50000000000277311,4.34375,HIGH,1,0.7088000178337097,6P58RRH8+GXQM,1087.5,31.2,False
06b50000000000223d97,7.4609375,HIGH,1,0.7797999978065491,6P58RRH9+H36R,1087.8,40.8,False
06b5000000000037c5ca,6.78125,HIGH,1,0.7864999771118164,6P58RR6C+4475,1087.8,31.0,False
06b50000000000013798,3.8125,HIGH,1,0.7811999917030334,6P58RR87+F3QG,1088.0,154.8,False
06b5000000000037a6d5,4.96875,HIGH,1,0.7919999957084656,6P58RRH8+9J3M,1088.1,229.3,False
06b50000000000355491,3.1640625,HIGH,1,0.7919999957084656,6P58RRF7+H4F5,1088.1,105.8,False
06b500000000001291ae,6.875,HIGH,1,0.8241999745368958,6P58RRC6+7RM2,1088.3,157.6,False
06b50000000000402c78,10.3671875,HIGH,1,0.816100001335144,6P58RRHC+V2XM,1088.4,187.6,False
06b500000000001e20a6,3.1015625,LOW,1,0.67330002784729,6P58RR6G+GJFG,1088.6,25.5,False
06b500000000002f5280,6.1171875,HIGH,1,0.8072999715805054,6P58RRC6+JRH6,1088.6,107.4,False
06b500000000000a94cd,3.828125,HIGH,1,0.819599986076355,6P58RR87+85V7,1088.7,53.0,False
06b500000000003b62ca,4.984375,MEDIUM,1,0.6933000087738037,6P58RR69+5QJW,1088.7,26.5,False
06b500000000000464ef,6.71875,HIGH,1,0.7178999781608582,6P58RR6C+36GC,1088.7,108.8,False
06b5000000000036ce7a,11.890625,HIGH,1,0.7685999870300293,6P58RR96+5V58,1088.8,74.7,False
06b5000000000030a66d,6.0390625,HIGH,1,0.8611000180244446,6P58RR6C+427C,1088.9,136.2,False
06b500000000001aaa46,5.953125,HIGH,1,0.7968000173568726,6P58RRH8+8H32,1088.9,68.0,False
06b50000000000368dd3,6.34375,HIGH,1,0.7799999713897705,6P58RR6C+33WP,1089.1,197.7,False
06b5000000000013ff13,58.6953125,HIGH,1,0.6754000186920166,6P58RR68+QCHM,1089.4,192.1,False
06b500000000000b7882,50.3515625,HIGH,1,0.6995999813079834,6P58RR68+RCJ3,1089.4,25.8,False
06b500000000002e91c9,7.4453125,HIGH,1,0.7993000149726868,6P58RRC6+8RF2,1089.4,35.4,False
06b5000000000004b1de,10.7734375,HIGH,1,0.8220999836921692,6P58RR77+QFW2,1089.5,86.6,False
06b5000000000030eeb1,5.3203125,HIGH,1,0.8463000059127808,6P58RR77+V9VM,1089.6,445.4,False
06b500000000002395fa,7.6640625,HIGH,1,0.7534999847412109,6P58RR77+5WXX,1089.7,116.4,False
06b5000000000029af89,6.0234375,HIGH,1,0.849399983882904,6P58RR69+93Q3,1089.7,336.1,False
06b5000000000014f9ea,3.484375,MEDIUM,1,0.6980999708175659,6P58RR87+C49F,1089.7,16.4,False
06b50000000000140a3a,,NO_HEIGHT,0,0.7161999940872192,6P58RRF7+W74H,1089.8,53.6,False
06b50000000000326ea8,5.4375,HIGH,1,0.8429999947547913,6P58RR7J+R3MG,1089.9,75.1,False
06b5000000000008cdfa,5.453125,MEDIUM,1,0.6708999872207642,6P58RR87+387W,1089.9,8.4,False
06b5000000000018abbe,4.453125,LOW,1,0.840399980545044,6P58RRHG+HCQH,1089.9,54.6,False
06b50000000000030df6,8.859375,HIGH,1,0.8410999774932861,6P58RR68+MHM8,1090.0,220.8,False
06b500000000000d4cf2,5.3828125,HIGH,1,0.7608000040054321,6P58RR87+28P6,1090.1,50.5,False
06b5000000000020743d,5.7578125,HIGH,1,0.8447999954223633,6P58RR77+X96M,1090.1,117.7,False
06b5000000000033bd65,8.984375,MEDIUM,1,0.8062999844551086,6P58RR7H+3958,1090.5,45.8,False
06b500000000003c1dff,14.0390625,MEDIUM,1,0.7330999970436096,6P58RRC6+VWCJ,1090.5,23.4,False
06b5000000000030ca2f,11.4453125,HIGH,1,0.7617999911308289,6P58RRF7+92PM,1090.7,165.8,False
06b500000000004102b9,13.2421875,HIGH,1,0.9110000133514404,6P58RR9J+5MVP,1090.7,794.5,False
06b500000000001087a6,10.7734375,HIGH,1,0.8072999715805054,6P58RR6H+W9R7,1090.8,539.5,False
06b5000000000027c3a1,5.421875,HIGH,1,0.8299999833106995,6P58RR7H+PX8Q,1090.8,43.8,False
06b50000000000390403,5.625,HIGH,1,0.6500999927520752,6P58RR69+963C,1091.0,55.9,False
06b50000000000052b22,7.125,LOW,1,0.7383999824523926,6P58RR77+7VW8,1091.0,13.2,False
06b5000000000027a036,5.5546875,HIGH,1,0.7651000022888184,6P58RRH9+J4GX,1091.1,78.5,False
06b5000000000033984f,7.6796875,HIGH,1,0.7127000093460083,6P58RR96+5VWW,1091.2,44.3,False
06b5000000000010866a,4.3671875,HIGH,1,0.6908000111579895,6P58RR87+56QW,1091.6,36.2,False
06b50000000000086a7a,5.078125,HIGH,1,0.7810999751091003,6P58RR96+QQW3,1091.6,225.5,False
06b500000000003ef972,6.0,HIGH,1,0.8003000020980835,6P58RR7H+MX7Q,1091.7,148.3,False
06b500000000002c8164,5.703125,HIGH,1,0.8403000235557556,6P58RRG7+GJ55,1091.8,285.0,False
06b5000000000009ff3b,2.46875,MEDIUM,1,0.6725000143051147,6P58RR96+MRCX,1091.8,47.0,False
06b5000000000019860e,3.5390625,MEDIUM,1,0.8287000060081482,6P58RRG7+JQJX,1091.8,260.1,False
06b500000000003684cd,3.9375,HIGH,1,0.7195000052452087,6P58RR87+47F8,1091.9,38.2,False
06b5000000000004dcd4,6.7734375,HIGH,1,0.7473999857902527,6P58RR96+9VRC,1092.1,18.5,False
06b500000000003a20e7,5.109375,LOW,1,0.7088000178337097,6P58RR68+HR68,1092.1,5.4,False
06b50000000000377afa,11.953125,HIGH,1,0.7468000054359436,6P58RR77+9QGP,1092.1,61.8,False
06b50000000000352e61,,NO_HEIGHT,0,0.7113999724388123,6P58RRG7+JQ82,1092.3,18.5,False
06b5000000000008ce3c,6.984375,HIGH,1,0.8068000078201294,6P58RR96+9VCC,1092.4,22.6,False
06b5000000000008d1e0,2.171875,HIGH,1,0.8073999881744385,6P58RRH8+FQ5X,1092.6,64.2,False
06b500000000001e13c5,17.1953125,HIGH,1,0.6561999917030334,6P58RR8J+888Q,1092.6,30.9,False
06b5000000000014b523,8.25,HIGH,1,0.8619999885559082,6P58RR6C+29WP,1092.7,155.3,False
06b500000000002d8fb1,7.7109375,LOW_RELAXED,1,0.6764000058174133,6P58RR6F+325C,1092.8,21.4,False
06b50000000000162c95,5.796875,HIGH,1,0.7605000138282776,6P58RR69+4RQM,1092.9,99.4,False
06b5000000000039d7c5,4.109375,HIGH,1,0.6906999945640564,6P58RR87+46X3,1093.0,132.8,False
06b5000000000020ec61,4.1640625,HIGH,1,0.8201000094413757,6P58RR96+QQ9X,1093.1,79.8,False
06b5000000000006d83e,3.328125,HIGH,1,0.8295999765396118,6P58RR68+GRMF,1093.3,64.7,False
06b500000000003e3e08,3.5859375,HIGH,1,0.6949999928474426,6P58RR87+6662,1093.3,133.2,False
06b5000000000009944d,16.6328125,HIGH,1,0.690500020980835,6P58RR8J+892H,1093.4,133.3,False
06b5000000000008be40,,NO_HEIGHT,0,0.7537000179290771,6P58RR6F+4F26,1093.4,20.7,False
06b5000000000013307e,11.90625,HIGH,1,0.7689999938011169,6P58RR77+PGC3,1093.6,98.2,False
06b5000000000016f004,5.1875,HIGH,1,0.8427000045776367,6P58RR68+FWJ3,1093.7,120.3,False
06b500000000001a0876,7.5078125,HIGH,1,0.7447999715805054,6P58RR6F+4MW5,1093.8,37.9,False
06b500000000000eb7b0,5.7421875,HIGH,1,0.7193999886512756,6P58RR69+4W7G,1093.8,160.5,False
06b500000000002d254c,7.7109375,HIGH,1,0.6521000266075134,6P58RR6C+35CC,1093.9,24.8,False
06b500000000002c21a1,7.671875,HIGH,1,0.7590000033378601,6P58RR77+5WWM,1094.0,94.2,False
06b50000000000136cfb,6.0234375,HIGH,1,0.8044000267982483,6P58RR87+374W,1094.0,133.2,False
06b500000000000da252,10.2890625,HIGH,1,0.6542999744415283,6P58RR77+QFFG,1094.1,55.8,False
06b50000000000117140,5.4765625,HIGH,1,0.7623000144958496,6P58RR6G+88CG,1094.1,285.4,False
06b50000000000210bef,6.671875,HIGH,1,0.798799991607666,6P58RRG7+7F3W,1094.3,110.6,False
06b500000000000ea171,5.5,HIGH,1,0.7091000080108643,6P58RR69+4QM4,1094.3,148.5,False
06b500000000001d1d54,5.0078125,HIGH,1,0.7652999758720398,6P58RR96+WQQC,1094.4,44.8,False
06b500000000001ad85f,5.34375,HIGH,1,0.7400000095367432,6P58RRG7+7GR4,1094.5,31.9,False
06b5000000000007ecd1,7.1171875,HIGH,1,0.819599986076355,6P58RRH8+GWM5,1094.5,41.7,False
06b500000000001b5867,4.1328125,HIGH,1,0.784500002861023,6P58RRH8+7F6H,1094.6,126.0,False
06b5000000000015ae33,18.1171875,MEDIUM,1,0.683899998664856,6P58RRC6+RVWR,1094.6,42.6,False
06b500000000002d162d,6.6171875,HIGH,1,0.7967000007629395,6P58RR69+4VGJ,1094.6,72.2,False
06b5000000000006993a,5.2265625,HIGH,1,0.7914999723434448,6P58RR96+XQ8H,1094.6,53.2,False
06b500000000002a3a70,5.9921875,HIGH,1,0.7257000207901001,6P58RRF7+C2XV,1094.7,85.1,False
06b5000000000006d417,7.8515625,HIGH,1,0.7856000065803528,6P58RRH8+CP2J,1094.9,35.5,False
06b500000000002cc545,5.0546875,HIGH,1,0.7821000218391418,6P58RRH8+7GVW,1095.0,74.6,False
06b500000000000f5285,5.6015625,HIGH,1,0.8938000202178955,6P58RR7J+Q3JX,1095.1,70.4,False
06b500000000003c8563,3.5859375,HIGH,1,0.8673999905586243,6P58RR6G+GMH2,1095.3,99.1,False
06b5000000000019f2b7,5.59375,HIGH,1,0.8172000050544739,6P58RRG7+5CRP,1095.5,274.7,False
06b500000000002f9eca,7.0234375,HIGH,1,0.7605000138282776,6P58RR69+4PXF,1095.6,147.2,False
06b50000000000338a75,6.109375,HIGH,1,0.7932999730110168,6P58RR96+WP6J,1095.6,833.8,False
06b500000000000af5cd,56.765625,HIGH,1,0.7430999875068665,6P58RR68+Q9WG,1095.6,161.7,False
06b500000000002ac7db,9.375,HIGH,1,0.8518000245094299,6P58RRH9+VMQH,1095.6,502.2,False
06b5000000000006d811,6.7421875,HIGH,1,0.7386999726295471,6P58RR7J+Q24G,1095.7,33.3,False
06b5000000000040b196,4.5859375,HIGH,1,0.7915999889373779,6P58RRH8+6CP7,1095.7,45.2,False
06b50000000000140bd1,4.0078125,HIGH,1,0.7387999892234802,6P58RRH8+8HR8,1095.8,124.2,False
06b500000000000e7307,4.65625,HIGH,1,0.777899980545044,6P58RRH8+HW58,1096.0,62.6,False
06b500000000000fcf89,5.484375,HIGH,1,0.7937999963760376,6P58RR96+PPRM,1096.0,1036.2,False
06b500000000002e2dc8,19.9609375,HIGH,1,0.859000027179718,6P58RRH9+VRJJ,1096.0,182.6,False
06b500000000000403f3,5.3671875,HIGH,1,0.8300999999046326,6P58RR68+GQP4,1096.1,166.8,False
06b500000000001914b7,12.7109375,LOW_RELAXED,1,0.8029999732971191,6P58RR8J+2545,1096.1,19.8,False
06b50000000000393f5f,5.8828125,HIGH,1,0.7770000100135803,6P58RR69+92VH,1096.2,267.1,False
06b50000000000020a05,5.3671875,HIGH,1,0.7857000231742859,6P58RRG7+QV38,1096.2,74.3,False
06b50000000000053e4c,9.4140625,HIGH,1,0.7573999762535095,6P58RR77+8RC7,1096.3,92.0,False
06b500000000001d3a9d,4.6953125,HIGH,1,0.7439000010490417,6P58RRF7+H3HR,1096.5,128.3,False
06b500000000003240ab,19.671875,HIGH,1,0.8043000102043152,6P58RRH9+VVVJ,1096.6,220.5,False
06b500000000001a3fa4,12.8203125,HIGH,1,0.8086000084877014,6P58RR77+9QF7,1096.6,59.8,False
06b5000000000040fbe4,8.15625,HIGH,1,0.8820000290870667,6P58RRF7+Q538,1096.6,106.3,False
06b50000000000227bf9,5.390625,HIGH,1,0.7472000122070312,6P58RR87+G3J6,1096.6,91.4,False
06b500000000003790ab,2.953125,HIGH,1,0.6626999974250793,6P58RRC6+CQ56,1096.9,170.8,False
06b5000000000029a531,7.3359375,HIGH,1,0.864799976348877,6P58RR69+853M,1096.9,384.0,False
06b500000000000e9ccf,8.90625,HIGH,1,0.8618000149726868,6P58RR96+5R5M,1097.1,217.2,False
06b500000000003656e2,7.4921875,HIGH,1,0.8463000059127808,6P58RR68+JH8J,1097.2,593.2,False
06b5000000000008f7e7,6.546875,HIGH,1,0.7378000020980835,6P58RR68+FVWV,1097.2,17.5,False
06b500000000001cee4a,7.5390625,HIGH,1,0.7590000033378601,6P58RRH9+M458,1097.3,58.4,False
06b500000000000d3114,7.84375,HIGH,1,0.8894000053405762,6P58RRC6+7QGV,1097.5,169.9,False
06b5000000000012777f,18.2578125,HIGH,1,0.8001999855041504,6P58RR8J+8FRV,1097.5,1399.5,False
06b500000000001c2b5c,4.453125,HIGH,1,0.7639999985694885,6P58RRH8+FP5M,1097.6,126.0,False
06b500000000002160d2,10.5234375,HIGH,1,0.8044000267982483,6P58RR6G+CJRX,1097.6,302.5,False
06b5000000000020ab90,11.046875,HIGH,1,0.7483000159263611,6P58RRH8+46H5,1097.6,147.1,False
06b500000000001fb293,13.2421875,HIGH,1,0.7441999912261963,6P58RR9J+4M37,1097.6,370.3,False
06b500000000001493fb,10.734375,HIGH,1,0.8222000002861023,6P58RR77+QF36,1097.7,105.1,False
06b5000000000028debc,6.5078125,HIGH,1,0.777899980545044,6P58RR69+4PRH,1097.9,96.9,False
06b500000000001e7061,6.1875,HIGH,1,0.7914999723434448,6P58RR69+4Q9G,1097.9,120.3,False
06b50000000000152f8b,5.6328125,HIGH,1,0.7815999984741211,6P58RR7J+P22J,1097.9,31.4,False
06b50000000000327e3d,4.8828125,HIGH,1,0.8317999839782715,6P58RRG7+38Q2,1098.3,132.7,False
06b500000000001c08dd,3.9140625,HIGH,1,0.7038000226020813,6P58RRC6+5Q4V,1098.3,43.2,False
06b5000000000018c32d,31.34375,HIGH,1,0.6980000138282776,6P58RR68+V7CC,1098.4,185.8,False
06b5000000000002904a,10.5859375,HIGH,1,0.9168999791145325,6P58RRJC+2W3W,1098.4,205.2,False
06b50000000000313c18,7.7578125,HIGH,1,0.722000002861023,6P58RR6C+362W,1098.5,21.6,False
06b500000000000836d8,11.9375,HIGH,1,0.8715000152587891,6P58RRC6+WR92,1098.6,340.3,False
06b5000000000013f884,6.8046875,HIGH,1,0.7694000005722046,6P58RR6C+348H,1098.7,34.6,False
06b5000000000025e9d6,5.09375,HIGH,1,0.8309000134468079,6P58RRH8+58J2,1098.7,167.2,False
06b5000000000018b3cd,5.7421875,HIGH,1,0.7853999733924866,6P58RR77+X83Q,1098.8,176.7,False
06b500000000002c2227,7.84375,HIGH,1,0.6682999730110168,6P58RR9J+7MQX,1098.9,114.2,False
06b500000000002ddf1c,,NO_HEIGHT,0,0.7694000005722046,6P58RRF7+V6XM,1098.9,58.3,False
06b5000000000025b342,7.21875,HIGH,1,0.8047000169754028,6P58RR68+MF58,1099.0,516.7,False
06b500000000002a9ed7,5.203125,HIGH,1,0.7317000031471252,6P58RRC6+5PH3,1099.0,282.6,False
06b500000000000c9531,13.125,HIGH,1,0.7493000030517578,6P58RR77+MFXV,1099.2,132.3,False
06b50000000000396b1b,8.2890625,HIGH,1,0.7063999772071838,6P58RRH9+RG3P,1099.2,50.5,False
06b500000000000c6d6c,5.234375,HIGH,1,0.8697999715805054,6P58RR7J+P3R7,1099.3,103.1,False
06b5000000000004eee9,4.5625,HIGH,1,0.7771000266075134,6P58RRG7+RV47,1099.4,252.5,False
06b500000000001eaa16,8.53125,HIGH,1,0.7594000101089478,6P58RRC6+8Q8W,1099.5,24.0,False
06b5000000000015d2a7,3.9921875,HIGH,1,0.8503000140190125,6P58RR6H+R5H7,1099.6,162.9,False
06b500000000001cdd77,4.9296875,HIGH,1,0.7329999804496765,6P58RRF7+M48F,1099.7,27.6,False
06b500000000002356e8,7.8515625,HIGH,1,0.8008000254631042,6P58RR96+6R53,1099.8,63.0,False
06b500000000001fe180,5.5703125,HIGH,1,0.6604999899864197,6P58RRG7+HM44,1099.9,39.7,False
06b50000000000369d88,3.9921875,HIGH,1,0.8274999856948853,6P58RRH8+8GG6,1100.0,73.0,False
06b5000000000005964f,3.78125,HIGH,1,0.7384999990463257,6P58RR87+464Q,1100.0,61.0,False
06b50000000000078e63,5.6015625,HIGH,1,0.6922000050544739,6P58RR7J+P2GW,1100.1,25.9,False
06b50000000000405ab2,6.546875,MEDIUM,1,0.7159000039100647,6P58RR68+FVVP,1100.2,11.1,False
06b500000000002d9563,6.9140625,HIGH,1,0.8555999994277954,6P58RR6C+3388,1100.4,134.2,False
06b50000000000195aef,10.3515625,HIGH,1,0.9402999877929688,6P58RR6G+768W,1100.4,395.2,False
06b500000000000c5ee2,2.5,LOW,1,0.7214999794960022,6P58RR6H+P3JR,1100.4,30.3,False
06b500000000000a0fd6,8.1171875,HIGH,1,0.77920001745224,6P58RR6C+3544,1100.4,55.4,False
06b500000000001f8f6b,4.6640625,HIGH,1,0.7645999789237976,6P58RR68+CXFQ,1100.5,41.2,False
06b5000000000002ee09,68.25,HIGH,1,0.9301999807357788,6P58RRCJ+VR2C,1100.7,2627.9,False
06b5000000000027f099,10.265625,HIGH,1,0.761900007724762,6P58RR77+8QG5,1100.7,72.6,False
06b5000000000030105b,4.78125,HIGH,1,0.7806000113487244,6P58RR69+5J8V,1100.9,39.2,False
06b500000000004046c6,5.15625,HIGH,1,0.8177000284194946,6P58RR87+56C4,1100.9,46.9,False
06b500000000000a6758,9.015625,HIGH,1,0.8277000188827515,6P58RR6F+4J23,1101.0,67.2,False
06b500000000003716b9,4.46875,HIGH,1,0.6603999733924866,6P58RRH8+69Q5,1101.1,35.7,False
06b50000000000050aa2,6.4296875,HIGH,1,0.7146000266075134,6P58RR7H+MX5P,1101.2,63.7,False
06b5000000000034f301,4.734375,HIGH,1,0.7516000270843506,6P58RR87+H27P,1101.3,98.4,False
06b50000000000004faa,6.0390625,HIGH,1,0.7469000220298767,6P58RRC6+2QRF,1101.3,123.5,False
06b500000000003faf29,2.4453125,HIGH,1,0.8130999803543091,6P58RRG7+RWP6,1101.4,59.5,False
06b5000000000023ec0c,5.0,HIGH,1,0.7526999711990356,6P58RR87+F2X9,1101.4,97.6,False
06b5000000000023c442,5.875,HIGH,1,0.8234999775886536,6P58RR6C+32FV,1101.5,45.0,False
06b500000000002df7e4,8.09375,HIGH,1,0.722599983215332,6P58RRH8+47XR,1101.7,35.8,False
06b500000000001a4754,7.2890625,HIGH,1,0.7480000257492065,6P58RR6C+269V,1101.7,139.1,False
06b500000000002eea2a,5.28125,HIGH,1,0.8410000205039978,6P58RR87+27GJ,1101.8,61.5,False
06b500000000004092bf,5.671875,HIGH,1,0.7839000225067139,6P58RR68+FR5V,1101.8,514.3,False
06b500000000001c5b53,5.7890625,HIGH,1,0.864799976348877,6P58RR77+9PRM,1101.9,122.6,False
06b500000000002fcd5d,4.28125,HIGH,1,0.9071000218391418,6P58RR6H+Q4HP,1102.0,132.1,False
06b500000000002ac94a,3.1015625,LOW,1,0.6991000175476074,6P58RR6G+FMVM,1102.2,6.8,False
06b5000000000012dfc5,5.90625,HIGH,1,0.8080000281333923,6P58RR69+5J6W,1102.2,71.1,False
06b5000000000022bfeb,2.53125,MEDIUM,1,0.8051999807357788,6P58RR87+C3VJ,1102.3,74.2,False
06b500000000002ff774,57.1796875,HIGH,1,0.7289999723434448,6P58RR68+R85G,1102.4,56.4,False
06b5000000000036495e,4.890625,HIGH,1,0.7394000291824341,6P58RRH9+M5C6,1102.4,34.4,False
06b50000000000226d27,88.14067444620252,HIGH,1,0.8014000058174133,6P58RR5F+X9H2,1102.6,3194.9,False
06b50000000000013125,5.8125,HIGH,1,0.8299999833106995,6P58RR96+JQM2,1102.8,403.4,False
06b5000000000004244a,5.46875,HIGH,1,0.7508999705314636,6P58RR87+37JC,1102.9,25.1,False
06b500000000001a65cc,6.140625,HIGH,1,0.8514999747276306,6P58RR77+R9V9,1103.1,114.3,False
06b5000000000021f879,6.8515625,HIGH,1,0.7369999885559082,6P58RR69+3XHW,1103.1,20.0,False
06b500000000002c5a0e,1.890625,HIGH,1,0.8252999782562256,6P58RRH8+7FRH,1103.2,86.8,False
06b500000000000a15a9,9.046875,HIGH,1,0.8668000102043152,6P58RRHC+X255,1103.2,127.8,False
06b500000000003c4566,8.1015625,HIGH,1,0.8543000221252441,6P58RRC6+MRRM,1103.4,128.1,False
06b5000000000016c243,5.6484375,LOW,1,0.7648000121116638,6P58RR6H+V64P,1103.5,37.0,False
06b5000000000031ccdf,11.6171875,HIGH,1,0.8223999738693237,6P58RR77+8QCC,1103.5,245.5,False
06b5000000000006349d,5.328125,HIGH,1,0.8184000253677368,6P58RR87+46JQ,1103.5,65.4,False
06b500000000001ebc71,5.5078125,MEDIUM,1,0.8090000152587891,6P58RRF7+G3RW,1103.6,57.2,False
06b500000000003a5421,4.1171875,HIGH,1,0.8359000086784363,6P58RR68+GPGW,1103.6,182.9,False
06b500000000002033b4,5.7734375,HIGH,1,0.8154000043869019,6P58RRG7+37G5,1103.7,394.7,False
06b500000000002eae3a,8.796875,LOW,1,0.6840000152587891,6P58RRF6+2VG3,1103.7,78.0,False
06b50000000000213df9,19.8515625,HIGH,1,0.8895999789237976,6P58RR9J+2MQM,1103.8,529.8,False
06b50000000000060414,6.0234375,HIGH,1,0.8407999873161316,6P58RR69+3VVG,1103.9,76.4,False
06b500000000001aaf2c,25.0546875,HIGH,1,0.7903000116348267,6P58RR68+V5GM,1103.9,639.4,False
06b500000000002c4a15,7.1484375,HIGH,1,0.7925999760627747,6P58RR69+68GX,1104.2,142.0,False
06b500000000001bfe71,5.9375,HIGH,1,0.7681999802589417,6P58RRF7+J33W,1104.2,127.5,False
06b500000000001142be,4.4609375,HIGH,1,0.7145000100135803,6P58RR68+CWJW,1104.3,83.0,False
06b500000000003beb19,5.6953125,HIGH,1,0.7940999865531921,6P58RRH8+JW59,1104.3,125.5,False
06b5000000000015eab5,4.265625,HIGH,1,0.6965000033378601,6P58RR6H+W825,1104.4,107.6,False
06b500000000002c5c24,7.203125,HIGH,1,0.7461000084877014,6P58RR96+XQ6M,1104.8,42.1,False
06b500000000000a0ac8,8.9765625,HIGH,1,0.879800021648407,6P58RR6H+XF27,1104.8,576.2,False
06b500000000003a7136,,NO_HEIGHT,0,0.7662000060081482,6P58RR77+7RMV,1104.9,13.4,False
06b500000000000e7dbe,5.2890625,HIGH,1,0.786899983882904,6P58RR69+3RW8,1105.0,102.0,False
06b500000000002ea878,3.125,MEDIUM,1,0.8101999759674072,6P58RR96+FQWG,1105.1,45.3,False
06b500000000003336b9,17.25,HIGH,1,0.8064000010490417,6P58RR7H+6PCJ,1105.1,324.3,False
06b5000000000011d053,6.8671875,HIGH,1,0.845300018787384,6P58RR69+5H7M,1105.1,120.8,False
06b500000000000de2bd,4.3984375,HIGH,1,0.9147999882698059,6P58RRG7+MQJJ,1105.2,164.5,False
06b5000000000028a06e,4.453125,HIGH,1,0.7188000082969666,6P58RRH8+689G,1105.2,49.4,False
06b500000000002a35a7,8.8046875,HIGH,1,0.8130999803543091,6P58RR77+5VW6,1105.2,103.4,False
06b50000000000207bbf,6.7734375,HIGH,1,0.8087999820709229,6P58RRC6+2MG5,1105.3,752.2,False
06b500000000001203d9,8.40625,HIGH,1,0.828499972820282,6P58RRC6+PRCM,1105.4,66.0,False
06b500000000003083dc,5.6875,HIGH,1,0.8537999987602234,6P58RRH9+M5R7,1105.5,75.2,False
06b50000000000310dd9,7.1328125,HIGH,1,0.8166999816894531,6P58RRH8+GQC9,1105.6,326.6,False
06b500000000000fc7b7,7.5,HIGH,1,0.7511000037193298,6P58RR6C+26CW,1105.7,59.1,False
06b5000000000016b635,5.1796875,HIGH,1,0.7405999898910522,6P58RRC6+5PWW,1105.8,89.3,False
06b500000000000e4ab8,20.7578125,HIGH,1,0.7911999821662903,6P58RR7J+W5Q6,1105.9,40.6,False
06b50000000000110831,43.7890625,LOW,1,0.8037999868392944,6P58RR8J+38JF,1106.0,208.7,False
06b5000000000031f2a9,4.65625,HIGH,1,0.8073999881744385,6P58RRH8+8GVF,1106.1,66.9,False
06b500000000000bcb9a,7.640625,HIGH,1,0.8188999891281128,6P58RRC6+3MXR,1106.1,833.0,False
06b5000000000029aea8,5.0703125,HIGH,1,0.7599999904632568,6P58RRG7+59V3,1106.2,164.7,False
06b50000000000292715,13.484375,HIGH,1,0.8781999945640564,6P58RRH9+VJWR,1106.3,414.6,False
06b500000000000e253a,3.875,HIGH,1,0.7878999710083008,6P58RRH8+CJC9,1106.5,203.0,False
06b500000000002f0747,4.7734375,HIGH,1,0.6583999991416931,6P58RR87+36MG,1106.5,72.8,False
06b500000000000f5b31,10.953125,HIGH,1,0.795799970626831,6P58RR77+PFCC,1106.6,57.1,False
06b5000000000009906d,20.203125,HIGH,1,0.6610999703407288,6P58RR77+3XW3,1106.7,74.2,False
06b500000000003918ca,5.9921875,HIGH,1,0.7592999935150146,6P58RR69+4R3C,1106.7,28.6,False
06b50000000000267f4a,4.8359375,HIGH,1,0.7174000144004822,6P58RR69+68J5,1106.8,159.9,False
06b5000000000039dbaa,3.90625,HIGH,1,0.8323000073432922,6P58RRC6+6PCP,1107.0,349.3,False
06b50000000000037c0d,5.46875,HIGH,1,0.6944000124931335,6P58RR69+3WM2,1107.0,88.3,False
06b500000000002f8b36,8.3125,HIGH,1,0.7124999761581421,6P58RR77+4RHH,1107.0,186.7,False
06b5000000000023d298,9.3984375,HIGH,1,0.6640999913215637,6P58RRHC+X38G,1107.1,49.7,False
06b5000000000011e3b3,4.5546875,HIGH,1,0.8720999956130981,6P58RR87+363X,1107.2,138.4,False
06b50000000000046c71,3.28125,MEDIUM,1,0.6592000126838684,6P58RRG7+5933,1107.2,11.3,False
06b5000000000010f1a6,5.2265625,HIGH,1,0.8084999918937683,6P58RR7J+J2R9,1107.2,63.6,False
06b500000000002d9c9b,6.5859375,HIGH,1,0.7365000247955322,6P58RR69+5G8X,1107.5,52.5,False
06b500000000000cc168,9.203125,HIGH,1,0.6934999823570251,6P58RRHF+XC9J,1107.6,43.8,False
06b50000000000017405,6.78125,HIGH,1,0.7985000014305115,6P58RR7J+Q4MM,1107.6,77.9,False
06b500000000001930e6,5.8046875,HIGH,1,0.7785000205039978,6P58RR6C+322M,1107.7,86.3,False
06b500000000000b62de,5.890625,HIGH,1,0.7962999939918518,6P58RRC6+XVCV,1107.7,59.8,False
06b500000000002bd55d,3.6171875,HIGH,1,0.822700023651123,6P58RR6G+HVG6,1107.8,82.0,False
06b5000000000001cc6e,,NO_HEIGHT,0,0.7767000198364258,6P58RR8J+RH5H,1107.9,48.4,False
06b500000000003ff187,11.84375,HIGH,1,0.8003000020980835,6P58RR77+4WGH,1108.0,92.4,False
06b500000000000242d4,7.0,HIGH,1,0.7901999950408936,6P58RR6C+23PP,1108.0,128.5,False
06b5000000000040db21,5.1484375,HIGH,1,0.8508999943733215,6P58RRG7+7C23,1108.1,138.4,False
06b500000000002a7a8e,4.59375,HIGH,1,0.667900025844574,6P58RRC6+7QCV,1108.2,42.9,False
06b5000000000028c194,4.1796875,HIGH,1,0.7569000124931335,6P58RRH8+7985,1108.4,66.1,False
06b50000000000280c81,3.0390625,LOW,1,0.8234999775886536,6P58RR96+9Q5V,1108.5,50.5,False
06b50000000000186afb,5.5078125,HIGH,1,0.7376999855041504,6P58RRF7+H2RF,1108.8,497.7,False
06b5000000000010ae43,10.546875,HIGH,1,0.8851000070571899,6P58RRHC+X4VJ,1108.8,238.7,False
06b500000000000d9126,8.6953125,HIGH,1,0.7472000122070312,6P58RR77+5RPR,1109.0,480.7,False
06b50000000000200b82,7.625,HIGH,1,0.7832000255584717,6P58RR6C+249W,1109.3,100.7,False
06b50000000000299319,6.265625,HIGH,1,0.7983999848365784,6P58RR77+R8GF,1109.5,301.9,False
06b50000000000043733,9.7890625,MEDIUM,1,0.6718000173568726,6P58RR77+9P86,1109.7,15.8,False
06b50000000000136b38,7.5234375,HIGH,1,0.7142999768257141,6P58RR6H+V77Q,1109.7,20.2,False
06b5000000000030f27c,18.359375,HIGH,1,0.7531999945640564,6P58RRH9+WVCC,1109.8,59.0,False
06b500000000002db26d,5.9296875,HIGH,1,0.8144000172615051,6P58RR96+QPWR,1109.8,116.2,False
06b500000000000c4613,5.8359375,HIGH,1,0.7746999859809875,6P58RR96+RMX5,1109.8,475.2,False
06b50000000000166adb,4.4453125,HIGH,1,0.9190999865531921,6P58RRH8+5678,1109.9,279.4,False
06b500000000002ac90f,4.8125,HIGH,1,0.8120999932289124,6P58RRH8+9FCR,1110.0,494.8,False
06b50000000000254824,6.2421875,HIGH,1,0.7735999822616577,6P58RRH8+9G8J,1110.0,72.7,False
06b500000000002bebb3,5.796875,HIGH,1,0.828499972820282,6P58RR77+X7FC,1110.0,144.5,False
06b500000000003cbc1a,4.875,HIGH,1,0.8234999775886536,6P58RRF7+H246,1110.0,110.5,False
06b500000000003fde7b,10.40625,HIGH,1,0.8324000239372253,6P58RRJC+266W,1110.1,158.3,False
06b500000000003e1794,5.921875,HIGH,1,0.7396000027656555,6P58RR69+774V,1110.1,33.9,False
06b50000000000286be6,7.3125,HIGH,1,0.7451000213623047,6P58RR6H+V7G8,1110.1,15.9,False
06b500000000001cfa3d,7.2109375,HIGH,1,0.800599992275238,6P58RR96+XM9H,1110.3,215.0,False
06b50000000000072585,6.25,HIGH,1,0.8998000025749207,6P58RRHF+XFXP,1110.4,404.7,False
06b500000000003f6f74,4.421875,HIGH,1,0.8306000232696533,6P58RRH8+7923,1110.4,99.7,False
06b50000000000232c54,36.4921875,HIGH,1,0.8529999852180481,6P58RR7J+W6GC,1110.5,126.8,False
06b50000000000020c3e,13.7734375,HIGH,1,0.8147000074386597,6P58RR6F+3P8V,1110.6,399.5,False
06b50000000000386c77,8.453125,HIGH,1,0.9384999871253967,6P58RR96+9JFV,1110.6,1974.4,False
06b500000000000a79a4,9.6796875,HIGH,1,0.8725000023841858,6P58RRJC+26HQ,1110.7,257.3,False
06b500000000002f4799,4.390625,HIGH,1,0.7904999852180481,6P58RR69+4P4G,1110.7,91.6,False
06b5000000000025af9b,8.96875,HIGH,1,0.8719000220298767,6P58RRC6+XR3V,1110.8,248.0,False
06b500000000000ba711,11.109375,HIGH,1,0.7599999904632568,6P58RRJC+27P4,1111.0,108.7,False
06b500000000002f4376,3.9765625,HIGH,1,0.6915000081062317,6P58RR87+462V,1111.0,19.4,False
06b50000000000382c54,4.7734375,HIGH,1,0.7924000024795532,6P58RRG7+58GR,1111.1,263.9,False
06b500000000002086b4,4.078125,HIGH,1,0.8255000114440918,6P58RR69+74VF,1111.3,146.9,False
06b500000000002c7af3,6.9765625,HIGH,1,0.7875000238418579,6P58RR69+4HP2,1111.3,256.8,False
06b5000000000007ed73,,NO_HEIGHT,0,0.7343999743461609,6P58RRC6+HQWC,1111.4,13.4,False
06b50000000000007523,12.671875,HIGH,1,0.9133999943733215,6P58RRJC+28Q9,1111.5,396.1,False
06b500000000004111da,49.953125,HIGH,1,0.7214000225067139,6P58RR68+Q8H4,1111.5,40.5,False
06b50000000000170872,6.25,HIGH,1,0.8080000281333923,6P58RR86+GXXF,1111.6,73.6,False
06b500000000003d6b39,6.9296875,HIGH,1,0.8227999806404114,6P58RR7J+Q43P,1111.8,108.9,False
06b50000000000014d3e,6.09375,HIGH,1,0.8420000076293945,6P58RR6F+4XC7,1111.8,365.9,False
06b50000000000125750,3.3984375,HIGH,1,0.661899983882904,6P58RRH9+RCHP,1112.1,37.1,False
06b500000000000f77eb,5.4609375,HIGH,1,0.7519999742507935,6P58RRG7+GH25,1112.2,162.2,False
06b500000000002ac68b,6.2109375,HIGH,1,0.7903000116348267,6P58RR77+Q9C5,1112.2,248.4,False
06b500000000001534c8,3.7109375,MEDIUM,1,0.6633999943733215,6P58RRF7+M343,1112.3,11.1,False
06b500000000000d72bb,5.484375,HIGH,1,0.6503999829292297,6P58RRH9+M4WW,1112.3,20.1,False
06b500000000003033c7,3.75,HIGH,1,0.757099986076355,6P58RR87+45W2,1112.4,45.0,False
06b5000000000002aa8b,4.9765625,MEDIUM,1,0.7174000144004822,6P58RRH8+GRR9,1112.4,31.7,False
06b500000000000f8204,2.8984375,HIGH,1,0.7250000238418579,6P58RRH8+9HVV,1112.6,34.6,False
06b500000000003b9ae8,5.5859375,HIGH,1,0.7529000043869019,6P58RR69+773J,1112.6,18.3,False
06b500000000002f5237,4.7578125,HIGH,1,0.8087999820709229,6P58RR68+GM89,1112.7,177.2,False
06b5000000000010baef,4.5,HIGH,1,0.6699000000953674,6P58RRGJ+65WJ,1112.7,105.6,False
06b5000000000012eba5,3.0390625,HIGH,1,0.807699978351593,6P58RR96+9QCH,1112.8,119.9,False
06b5000000000040f69a,37.296875,HIGH,1,0.8910999894142151,6P58RRFJ+JG75,1112.8,485.5,False
06b50000000000157ac4,5.140625,HIGH,1,0.7199000120162964,6P58RR5C+X8P8,1112.8,73.8,False
06b500000000001c3adb,3.40625,MEDIUM,1,0.8201000094413757,6P58RR96+HP5G,1112.9,41.4,False
06b500000000003a98e1,4.7734375,HIGH,1,0.8968999981880188,6P58RR6C+22FJ,1113.0,91.9,False
06b50000000000076fa2,4.9375,HIGH,1,0.8590999841690063,6P58RRH8+8CFF,1113.2,230.4,False
06b500000000002a5cf9,5.84375,HIGH,1,0.8004999756813049,6P58RR5C+X7MQ,1113.3,41.7,False
06b50000000000239fb3,11.6328125,HIGH,1,0.7839999794960022,6P58RR86+PWJP,1113.3,133.8,False
06b50000000000006c20,5.765625,HIGH,1,0.6969000101089478,6P58RR69+3W65,1113.3,21.8,False
06b500000000002979d8,3.5078125,LOW,1,0.7129999995231628,6P58RR6H+Q58Q,1113.4,74.2,False
06b500000000000313c4,15.5,HIGH,1,0.7962999939918518,6P58RR6G+9HPV,1113.4,144.5,False
06b500000000003c4d47,26.171875,HIGH,1,0.8884000182151794,6P58RRHG+VH8G,1113.5,9225.3,False
06b50000000000143abd,6.234375,HIGH,1,0.9101999998092651,6P58RRJF+2C6M,1113.5,354.8,False
06b500000000003a25c6,7.03125,HIGH,1,0.8452000021934509,6P58RR7H+7QW7,1113.6,233.7,False
06b5000000000004cc2d,3.6015625,HIGH,1,0.7422000169754028,6P58RR6H+V87Q,1113.6,100.6,False
06b50000000000088576,12.1328125,HIGH,1,0.8533999919891357,6P58RRHC+X2X3,1113.6,170.3,False
06b500000000000597e6,8.47157451923077,HIGH,1,0.9168999791145325,6P58RR6G+272M,1113.8,4969.7,False
06b5000000000039e0f3,4.78125,HIGH,1,0.8115000128746033,6P58RRG7+WWXH,1113.9,202.1,False
06b50000000000148ad8,11.5078125,HIGH,1,0.6930999755859375,6P58RR7H+2GWX,1113.9,68.7,False
06b500000000002bbc45,7.3828125,HIGH,1,0.8001000285148621,6P58RR6C+2623,1114.1,29.7,False
06b500000000003c323f,22.8515625,HIGH,1,0.8130999803543091,6P58RR6H+W99V,1114.1,126.9,False
06b5000000000018849b,4.5,MEDIUM,1,0.6581000089645386,6P58RRG7+7CPC,1114.2,9.5,False
06b50000000000375972,3.6171875,MEDIUM,1,0.8065999746322632,6P58RR87+64VJ,1114.2,47.4,False
06b500000000002196d3,8.0390625,HIGH,1,0.6791999936103821,6P58RR6H+R7VG,1114.2,13.7,False
06b5000000000011f330,2.625,LOW,1,0.8148000240325928,6P58RRH9+M2GG,1114.3,77.7,False
06b500000000000db3d7,5.3359375,HIGH,1,0.7890999913215637,6P58RR7H+GXJ5,1114.5,101.8,False
06b500000000003eceb2,5.40625,HIGH,1,0.8567000031471252,6P58RR68+FQF3,1114.5,93.1,False
06b50000000000371354,9.078125,HIGH,1,0.7504000067710876,6P58RR5C+X7Q5,1114.6,66.9,False
06b500000000003d28f2,6.359375,HIGH,1,0.821399986743927,6P58RR69+3V75,1114.6,47.3,False
06b5000000000001464f,4.7109375,HIGH,1,0.7354999780654907,6P58RR87+F2MR,1114.7,25.1,False
06b500000000000a091c,5.689470307917888,HIGH,1,0.7860000133514404,6P58RR69+4C8X,1114.7,1054.1,False
06b500000000002fbc81,4.59375,HIGH,1,0.800599992275238,6P58RR69+82R2,1114.7,170.9,False
06b5000000000005070c,6.3671875,HIGH,1,0.6610000133514404,6P58RR96+MPGW,1114.7,34.9,False
06b500000000002ac033,6.4140625,HIGH,1,0.7900999784469604,6P58RR77+Q82G,1114.7,477.7,False
06b5000000000039d0a2,6.2109375,MEDIUM,1,0.6956999897956848,6P58RR6C+243J,1115.1,36.8,False
06b500000000002d8773,5.8203125,HIGH,1,0.843999981880188,6P58RR69+2XR2,1115.2,45.9,False
06b5000000000039d149,9.03125,HIGH,1,0.7700999975204468,6P58RRF7+P38G,1115.2,63.7,False
06b50000000000329ebe,10.3359375,HIGH,1,0.804099977016449,6P58RRF6+2R6P,1115.3,304.2,False
06b500000000001badf6,8.109375,HIGH,1,0.7368000149726868,6P58RR9J+6P74,1115.5,26.9,False
06b50000000000004c1d,7.1953125,HIGH,1,0.7851999998092651,6P58RR69+73X2,1115.5,163.1,False
06b5000000000036d9f6,6.28125,MEDIUM,1,0.6541000008583069,6P58RR6C+239H,1115.6,21.1,False
06b5000000000040afa2,3.4765625,LOW,1,0.7896999716758728,6P58RR5C+X9C7,1115.6,41.4,False
06b500000000000bfb2c,5.4375,HIGH,1,0.8677999973297119,6P58RR69+67G2,1115.7,114.6,False
06b5000000000016256d,31.890625,HIGH,1,0.83160001039505,6P58RR86+VR58,1115.8,428.9,False
06b50000000000108f65,4.0703125,HIGH,1,0.677299976348877,6P58RR87+457C,1115.8,84.6,False
06b50000000000327824,50.9453125,HIGH,1,0.6676999926567078,6P58RR68+Q7HC,1115.9,143.0,False
06b500000000001897aa,5.4765625,HIGH,1,0.8299999833106995,6P58RRH8+9GV5,1116.1,62.9,False
06b5000000000012b08c,4.2890625,HIGH,1,0.8561000227928162,6P58RR69+4M2F,1116.1,78.2,False
06b50000000000379c48,3.7890625,HIGH,1,0.7641000151634216,6P58RR6C+234M,1116.2,58.8,False
06b500000000002d4930,5.078125,HIGH,1,0.8654999732971191,6P58RRH8+66GJ,1116.2,605.3,False
06b5000000000015e7e8,4.53125,HIGH,1,0.864799976348877,6P58RRH8+FJ3P,1116.3,91.0,False
06b500000000000f9f37,6.3671875,HIGH,1,0.7448999881744385,6P58RR77+8P3P,1116.3,78.0,False
06b500000000001a0b78,6.34375,HIGH,1,0.6898999810218811,6P58RR69+2WPJ,1116.3,31.0,False
06b5000000000011f16c,4.78125,HIGH,1,0.7196999788284302,6P58RR6H+M3F4,1116.3,69.7,False
06b500000000001d8094,4.34375,HIGH,1,0.7013999819755554,6P58RR87+454G,1116.4,27.6,False
06b500000000003efd67,4.8359375,HIGH,1,0.8521999716758728,6P58RRC6+MQ26,1116.5,100.4,False
06b5000000000039efcf,2.859375,MEDIUM,1,0.7620000243186951,6P58RR68+HJ3V,1116.5,70.0,False
06b5000000000030ff58,9.734375,LOW,1,0.7540000081062317,6P58RR6F+3RJJ,1116.5,107.1,False
06b50000000000254104,14.1171875,HIGH,1,0.805400013923645,6P58RRF7+P257,1116.6,390.5,False
06b500000000002ef30a,5.3203125,HIGH,1,0.8288000226020813,6P58RR87+34MG,1116.6,348.1,False
06b500000000002720d2,4.8125,HIGH,1,0.8174999952316284,6P58RR87+2644,1116.8,50.8,False
06b5000000000029553a,11.8515625,HIGH,1,0.89410001039505,6P58RR6H+XGG6,1116.9,773.6,False
06b500000000003f718b,5.6015625,HIGH,1,0.8428999781608582,6P58RR5C+X6HJ,1116.9,80.7,False
06b50000000000019989,4.5234375,HIGH,1,0.8565000295639038,6P58RRG7+JJ8H,1117.1,146.4,False
06b500000000003c4da2,36.3203125,MEDIUM,1,0.7253000140190125,6P58RR68+Q7J6,1117.1,206.9,False
06b5000000000034470e,5.765625,HIGH,1,0.7896000146865845,6P58RR69+2WR8,1117.1,26.9,False
06b50000000000228d80,2.6875,MEDIUM,1,0.7139000296592712,6P58RR69+59X8,1117.1,12.5,False
06b50000000000278123,8.5,MEDIUM,1,0.6518999934196472,6P58RR77+6RJ8,1117.2,9.3,False
06b50000000000204bf6,7.609375,HIGH,1,0.9146000146865845,6P58RR6H+Q7W3,1117.3,282.5,False
06b500000000000cc5b4,4.734375,HIGH,1,0.7267000079154968,6P58RRF6+GXW4,1117.4,182.3,False
06b5000000000001ecd3,8.9765625,HIGH,1,0.76419997215271,6P58RR86+GX83,1117.4,144.5,False
06b50000000000291668,8.375,HIGH,1,0.8058000206947327,6P58RR68+JC5R,1117.4,704.2,False
06b5000000000004dbee,4.25,HIGH,1,0.7932999730110168,6P58RR77+W73R,1117.4,161.3,False
06b50000000000133073,4.0078125,MEDIUM,1,0.7110999822616577,6P58RRH8+68WF,1117.5,8.5,False
06b500000000002b3df0,10.9375,HIGH,1,0.832099974155426,6P58RR77+9M66,1117.7,293.1,False
06b500000000003296e6,8.25,HIGH,1,0.8167999982833862,6P58RR9J+4PP3,1117.7,102.6,False
06b50000000000140607,1.8046875,HIGH,1,0.6787999868392944,6P58RRH9+Q53X,1117.8,155.5,False
06b500000000000bd07c,4.890625,HIGH,1,0.8001999855041504,6P58RR68+GJ4W,1117.8,382.5,False
06b500000000001d4c1e,7.5625,HIGH,1,0.6948000192642212,6P58RR69+4GWG,1118.0,13.0,False
06b500000000001cc286,6.8984375,LOW,1,0.6761000156402588,6P58RR77+7QJ7,1118.1,17.0,False
06b500000000003b0c06,3.6171875,HIGH,1,0.8339999914169312,6P58RR87+738C,1118.2,156.3,False
06b500000000000d0998,4.6875,HIGH,1,0.83160001039505,6P58RR77+V8CC,1118.3,50.5,False
06b500000000001ea7f7,19.1953125,HIGH,1,0.7458999752998352,6P58RRH9+WQX2,1118.3,69.5,False
06b500000000001e2109,5.078125,HIGH,1,0.8598999977111816,6P58RR68+FPG6,1118.3,172.1,False
06b500000000002b4634,11.171875,HIGH,1,0.838100016117096,6P58RRF7+X45W,1118.3,622.0,False
06b5000000000014a969,5.3828125,HIGH,1,0.7468000054359436,6P58RRH8+JWCG,1118.4,52.2,False
06b50000000000181818,6.5,HIGH,1,0.8098999857902527,6P58RRH8+JV8V,1118.4,130.0,False
06b500000000001c077e,5.453125,HIGH,1,0.77920001745224,6P58RR96+2R3W,1118.6,122.3,False
06b500000000003fd8ab,5.140625,HIGH,1,0.8281000256538391,6P58RRG7+PPJP,1118.7,407.4,False
06b500000000002c8abe,6.421875,HIGH,1,0.6920999884605408,6P58RRFJ+2MQJ,1118.8,115.5,False
06b50000000000182156,4.2265625,HIGH,1,0.8101999759674072,6P58RRC6+9M8G,1118.9,275.4,False
06b500000000003abcc4,6.3125,HIGH,1,0.8041999936103821,6P58RR69+67J2,1119.0,53.7,False
06b500000000002ade1b,10.5625,HIGH,1,0.8086000084877014,6P58RR68+W2QW,1119.2,326.3,False
06b50000000000004d30,5.953125,HIGH,1,0.7486000061035156,6P58RRH8+GP6C,1119.2,53.2,False
06b5000000000009e3b7,3.3515625,HIGH,1,0.7419000267982483,6P58RRH8+MXXF,1119.5,176.9,False
06b500000000003e22ca,5.25,HIGH,1,0.7771999835968018,6P58RR96+JPJM,1119.5,360.4,False
06b5000000000002b760,6.3828125,HIGH,1,0.7864999771118164,6P58RRG7+36G3,1119.6,269.4,False
06b5000000000000437c,31.6640625,HIGH,1,0.8219000101089478,6P58RR7J+R55X,1119.6,240.8,False
06b50000000000281e1f,4.1875,HIGH,1,0.6585000157356262,6P58RRC6+RQMV,1119.7,157.7,False
06b500000000003e4005,4.34375,HIGH,1,0.7581999897956848,6P58RR6G+GVP6,1119.7,94.1,False
06b5000000000034d848,3.359375,MEDIUM,1,0.6575000286102295,6P58RR87+C2J8,1119.8,56.5,False
06b5000000000036344d,3.1484375,LOW,1,0.6552000045776367,6P58RRF6+3VRJ,1119.9,14.6,False
06b50000000000268bc5,3.125,LOW,1,0.7278000116348267,6P58RRH8+FMCC,1120.0,10.9,False
06b5000000000008a971,4.72265625,HIGH,1,0.7950000166893005,6P58RR77+V7PW,1120.4,72.2,False
06b500000000000feab6,5.8828125,HIGH,1,0.8503000140190125,6P58RRG7+FGR7,1120.5,293.3,False
06b5000000000012bb60,6.625,HIGH,1,0.8600000143051147,6P58RR6H+Q8VW,1120.8,305.7,False
06b50000000000227807,11.25,HIGH,1,0.6610999703407288,6P58RR68+V4M6,1121.0,134.0,False
06b500000000000fd08e,4.546875,HIGH,1,0.8435999751091003,6P58RR5C+X84F,1121.0,95.3,False
06b5000000000013d856,5.5625,HIGH,1,0.8176000118255615,6P58RR69+3P3F,1121.1,112.0,False
06b500000000003ec849,8.87803038052373,HIGH,1,0.8442999720573425,6P58RR77+5MQ4,1121.1,1301.2,False
06b500000000003fa9fc,5.265625,HIGH,1,0.7382000088691711,6P58RR69+2WF3,1121.2,36.4,False
06b500000000002a3734,10.4296875,HIGH,1,0.6883999705314636,6P58RR77+4V9C,1121.2,35.0,False
06b500000000002178f4,6.9453125,HIGH,1,0.8589000105857849,6P58RR69+3HW3,1121.3,264.4,False
06b50000000000330646,6.7421875,HIGH,1,0.9225000143051147,6P58RRCJ+PR55,1121.4,963.8,False
06b500000000001a6848,5.1953125,HIGH,1,0.826200008392334,6P58RR96+GMQ4,1121.5,385.0,False
06b50000000000253f1c,3.8828125,HIGH,1,0.7785000205039978,6P58RR77+X64R,1121.5,143.1,False
06b500000000002f9cf9,10.546875,HIGH,1,0.8119000196456909,6P58RR77+GG3M,1121.5,471.2,False
06b500000000003ebf87,5.7109375,HIGH,1,0.8629000186920166,6P58RR69+2W9Q,1121.7,47.0,False
06b50000000000232ce1,14.9296875,HIGH,1,0.6557000279426575,6P58RR86+QV48,1121.7,28.7,False
06b50000000000063f17,3.3828125,HIGH,1,0.7627999782562256,6P58RRG7+CC5H,1121.9,134.4,False
06b5000000000006ee1b,6.6953125,HIGH,1,0.8640000224113464,6P58RR69+66FX,1121.9,64.8,False
06b5000000000017ccd0,5.4765625,HIGH,1,0.8228999972343445,6P58RRH8+FJM8,1122.0,103.0,False
06b5000000000028fc04,16.234375,HIGH,1,0.7494999766349792,6P58RRH9+XQ87,1122.5,93.4,False
06b50000000000243f23,3.78125,HIGH,1,0.7748000025749207,6P58RR87+63HH,1122.5,28.5,False
06b50000000000208565,5.171875,HIGH,1,0.7574999928474426,6P58RR68+HH5J,1122.5,34.2,False
06b50000000000101be9,5.5625,HIGH,1,0.8511999845504761,6P58RRC6+7MGF,1122.5,248.6,False
06b500000000002b90fe,4.6328125,MEDIUM,1,0.6516000032424927,6P58RRC6+CPRH,1122.5,32.9,False
06b500000000001299e6,6.78125,HIGH,1,0.8481000065803528,6P58RRH8+CGF4,1122.6,89.1,False
06b5000000000026f534,6.65625,HIGH,1,0.6873000264167786,6P58RR86+WRRH,1122.6,114.4,False
06b5000000000037cf06,5.578125,HIGH,1,0.7490000128746033,6P58RR6G+CPW8,1122.9,27.2,False
06b500000000000b7ce3,6.1015625,HIGH,1,0.8773999810218811,6P58RRG7+WWJF,1123.0,111.5,False
06b500000000002f218b,5.3828125,HIGH,1,0.7838000059127808,6P58RR7J+G26P,1123.1,122.3,False
06b5000000000035c233,5.9296875,HIGH,1,0.8123000264167786,6P58RRC6+CM48,1123.2,165.7,False
06b5000000000033967a,46.9296875,MEDIUM,1,0.6517999768257141,6P58RR6F+2JC9,1123.2,26.7,False
06b500000000003fb202,6.0546875,HIGH,1,0.7785000205039978,6P58RR69+72GQ,1123.2,289.4,False
06b50000000000152854,7.1015625,HIGH,1,0.8730999827384949,6P58RR6H+J3G3,1123.3,293.5,False
06b5000000000032c104,11.0078125,HIGH,1,0.8876000046730042,6P58RRFJ+MFPF,1123.4,242.3,False
06b50000000000380559,5.125,HIGH,1,0.8235999941825867,6P58RRG7+57F6,1123.4,411.3,False
06b500000000001238a9,5.0625,HIGH,1,0.7228000164031982,6P58RR87+353X,1123.7,48.4,False
06b500000000002d3b42,4.421875,HIGH,1,0.855400025844574,6P58RRC6+PPH2,1123.9,67.5,False
06b50000000000047673,4.8125,HIGH,1,0.7056999802589417,6P58RRG7+JJXQ,1124.1,41.6,False
06b50000000000317871,5.5859375,HIGH,1,0.8406000137329102,6P58RRC6+VQJ9,1124.3,115.9,False
06b50000000000146b9c,5.171875,HIGH,1,0.8222000002861023,6P58RRC6+MMQQ,1124.3,308.3,False
06b500000000002d2df5,12.796875,MEDIUM,1,0.880299985408783,6P58RR68+R523,1124.4,601.3,False
06b500000000002048de,17.6953125,HIGH,1,0.9128000140190125,6P58RR77+3V46,1124.4,787.5,False
06b5000000000006bb04,4.9921875,LOW,1,0.6822999715805054,6P58RRG7+VR5J,1124.5,22.5,False
06b500000000003173a8,9.4375,HIGH,1,0.838699996471405,6P58RR86+PV82,1124.8,122.5,False
06b50000000000102b33,10.890625,HIGH,1,0.7491999864578247,6P58RR77+9JM6,1124.9,65.0,False
06b500000000000973e8,3.9453125,MEDIUM,1,0.8324000239372253,6P58RR6G+FRC2,1124.9,48.3,False
06b5000000000017d15e,12.078125,HIGH,1,0.8234999775886536,6P58RR6G+7C7W,1125.0,108.6,False
06b500000000000b7101,5.7265625,HIGH,1,0.7297000288963318,6P58RR69+2W8J,1125.1,11.6,False
06b500000000000aabff,1.765625,LOW_RELAXED,1,0.6995999813079834,6P58RR96+2RJJ,1125.1,18.7,False
06b50000000000097445,8.3828125,HIGH,1,0.8840000033378601,6P58RR86+QVC2,1125.2,130.9,False
06b50000000000360e05,4.3828125,HIGH,1,0.8341000080108643,6P58RR7J+M438,1125.3,228.8,False
06b500000000002a2ce7,3.375,HIGH,1,0.6525999903678894,6P58RR87+8284,1125.3,70.6,False
06b500000000002236a6,6.8046875,HIGH,1,0.8579000234603882,6P58RR7J+H328,1125.4,216.2,False
06b500000000003b2dda,3.359375,HIGH,1,0.6693999767303467,6P58RR86+CXPX,1125.6,40.8,False
06b5000000000040b3d8,3.953125,HIGH,1,0.8069999814033508,6P58RRH8+88H9,1126.0,143.0,False
06b500000000001d25fb,6.3828125,HIGH,1,0.7914999723434448,6P58RR69+6568,1126.2,154.4,False
06b50000000000289f73,3.515625,HIGH,1,0.7671999931335449,6P58RR87+53QV,1126.2,64.9,False
06b50000000000264762,6.171875,HIGH,1,0.651199996471405,6P58RR69+672J,1126.4,28.1,False
06b50000000000009ecb,10.0078125,HIGH,1,0.766700029373169,6P58RR77+9HX5,1126.4,69.4,False
06b500000000000bf742,4.2734375,HIGH,1,0.7835000157356262,6P58RRH8+FHF6,1126.5,97.9,False
06b5000000000020ad81,6.4921875,HIGH,1,0.8026999831199646,6P58RR96+VM82,1126.6,63.7,False
06b500000000000ef4a6,6.28125,HIGH,1,0.734499990940094,6P58RR5C+X435,1126.7,101.2,False
06b500000000001cc0a8,10.08203125,HIGH,1,0.8363999724388123,6P58RRJC+35J9,1126.8,2071.7,False
06b50000000000070acf,,NO_HEIGHT,0,0.8227999806404114,6P58RR9J+MV3G,1126.9,423.9,False
06b500000000002a85c3,19.2890625,HIGH,1,0.7508999705314636,6P58RR68+R2XW,1126.9,951.9,False
06b500000000000b333b,4.890625,HIGH,1,0.7638999819755554,6P58RRC6+FMH6,1127.0,104.7,False
06b500000000003d1b36,5.2734375,HIGH,1,0.7870000004768372,6P58RR87+25CV,1127.2,180.6,False
06b500000000002971aa,10.453125,HIGH,1,0.9302999973297119,6P58RR96+7P66,1127.3,1099.7,False
06b500000000000e813a,4.4453125,HIGH,1,0.753000020980835,6P58RR68+8W9Q,1127.4,253.1,False
06b5000000000010f0d1,4.2421875,HIGH,1,0.7483999729156494,6P58RR5C+W5VC,1127.5,122.5,False
06b50000000000164645,4.25,HIGH,1,0.7990000247955322,6P58RR77+X5QV,1127.5,66.5,False
06b50000000000372ab1,12.7421875,HIGH,1,0.8070999979972839,6P58RRJ9+2R87,1127.7,298.6,False
06b500000000003e1d26,6.53125,HIGH,1,0.7857999801635742,6P58RRH8+995Q,1127.8,81.9,False
06b5000000000005789e,7.4765625,MEDIUM,1,0.6617000102996826,6P58RR86+XQXF,1127.9,59.0,False
06b5000000000024e1a5,6.78125,HIGH,1,0.6513000130653381,6P58RR7H+FX37,1127.9,90.4,False
06b500000000003e2710,10.1796875,HIGH,1,0.7591000199317932,6P58RR77+CH44,1128.1,69.4,False
06b50000000000096672,3.984375,HIGH,1,0.7035999894142151,6P58RR86+9XP4,1128.2,159.8,False
06b500000000003b04e3,6.546875,HIGH,1,0.8105999827384949,6P58RR5C+W4RR,1128.2,73.7,False
06b5000000000034595c,4.625,HIGH,1,0.847100019454956,6P58RRC6+GMMV,1128.3,238.2,False
06b5000000000020d48e,8.1484375,HIGH,1,0.8637999892234802,6P58RRH9+XM3X,1128.3,164.2,False
06b500000000000aa6d7,6.421875,HIGH,1,0.7975999712944031,6P58RR7H+2HX3,1128.4,83.8,False
06b500000000000446fb,5.2578125,HIGH,1,0.7742000222206116,6P58RRG7+99J9,1128.5,675.7,False
06b5000000000032452a,7.609375,HIGH,1,0.8100000023841858,6P58RR69+65H3,1128.6,40.8,False
06b500000000002e9ad8,4.6875,HIGH,1,0.8471999764442444,6P58RRC6+QP87,1128.7,119.8,False
06b500000000000dd7ee,5.1015625,HIGH,1,0.7455000281333923,6P58RR77+W66H,1128.9,122.7,False
06b50000000000132a6a,4.9609375,HIGH,1,0.7491999864578247,6P58RR5C+X2F3,1128.9,44.9,False
06b50000000000096453,8.15625,HIGH,1,0.8436999917030334,6P58RR6H+H27H,1128.9,224.0,False
06b5000000000040794d,6.359375,HIGH,1,0.7678999900817871,6P58RR69+2V4J,1128.9,56.7,False
06b500000000001e44f2,5.7734375,HIGH,1,0.7289999723434448,6P58RRG7+MJ33,1129.0,122.1,False
06b500000000001836be,6.671875,HIGH,1,0.8490999937057495,6P58RR6H+Q9VJ,1129.0,230.2,False
06b50000000000195b03,4.65625,HIGH,1,0.710099995136261,6P58RR68+CPWC,1129.1,33.8,False
06b500000000001e5c79,5.0078125,HIGH,1,0.7599999904632568,6P58RR6G+CQMX,1129.2,31.7,False
06b50000000000107347,4.546875,HIGH,1,0.7702999711036682,6P58RRH9+WHC9,1129.2,32.5,False
06b5000000000009efc3,5.7890625,HIGH,1,0.8090000152587891,6P58RRG7+787F,1129.2,168.0,False
06b50000000000345de7,6.5,HIGH,1,0.8557999730110168,6P58RR69+56WR,1129.2,66.2,False
06b500000000001e58d0,5.1484375,HIGH,1,0.7821999788284302,6P58RR68+GH4P,1129.3,134.7,False
06b500000000001e1bde,6.40625,HIGH,1,0.84170001745224,6P58RR7J+H3W2,1129.3,83.6,False
06b50000000000163816,5.8125,HIGH,1,0.762499988079071,6P58RR69+2W33,1129.3,30.0,False
06b50000000000240c12,5.546875,HIGH,1,0.7851999998092651,6P58RRH8+FG4H,1129.3,59.0,False
06b500000000003eaeb2,6.5625,HIGH,1,0.8328999876976013,6P58RR59+XXH4,1129.4,81.4,False
06b50000000000090d1d,4.2578125,HIGH,1,0.8253999948501587,6P58RR87+63C9,1129.4,78.4,False
06b500000000003d9d85,6.6015625,MEDIUM,1,0.7893000245094299,6P58RR96+FMPW,1129.6,57.7,False
06b5000000000030d0c1,4.375,HIGH,1,0.8977000117301941,6P58RRH8+JQH5,1129.7,128.3,False
06b500000000002f0b1c,4.765625,HIGH,1,0.8500999808311462,6P58RRC6+CMMM,1129.7,143.4,False
06b500000000002bb050,5.8125,MEDIUM,1,0.6876999735832214,6P58RRG7+GGP5,1129.7,9.9,False
06b5000000000029c9ed,6.0,HIGH,1,0.8026999831199646,6P58RR69+489H,1129.7,221.9,False
06b500000000000128b2,4.59375,MEDIUM,1,0.7864000201225281,6P58RR69+3M3R,1129.8,26.2,False
06b500000000001473b2,4.6953125,HIGH,1,0.7305999994277954,6P58RRG7+CFVH,1129.9,4.3,False
06b500000000001e1f39,4.59375,HIGH,1,0.8061000108718872,6P58RRH8+GJFF,1130.0,173.2,False
06b500000000003e6395,4.734375,HIGH,1,0.7979000210762024,6P58RR6G+CP5Q,1130.1,105.1,False
06b5000000000039fd68,11.390625,HIGH,1,0.8565000295639038,6P58RR69+647G,1130.3,275.7,False
06b500000000000fdc41,4.2578125,HIGH,1,0.801800012588501,6P58RRH9+WGG7,1130.3,83.5,False
06b500000000002c013f,5.2890625,MEDIUM,1,0.6704999804496765,6P58RRG7+GGQF,1130.4,3.3,False
06b500000000001e3b7b,5.5625,HIGH,1,0.7878000140190125,6P58RR59+XXM3,1130.5,32.1,False
06b500000000003768f8,14.6328125,HIGH,1,0.8210999965667725,6P58RRF6+4QQ7,1130.6,232.7,False
06b5000000000016b0ef,4.5390625,HIGH,1,0.8393999934196472,6P58RRC6+GM3F,1130.6,139.6,False
06b50000000000032386,3.6484375,HIGH,1,0.8816999793052673,6P58RRH9+R59P,1130.6,133.8,False
06b500000000003f6910,6.7890625,MEDIUM,1,0.6995000243186951,6P58RR68+CPQ8,1130.6,5.4,False
06b5000000000004e117,4.2890625,HIGH,1,0.8870999813079834,6P58RR6G+FVGM,1130.7,134.0,False
06b500000000001e5652,4.21875,HIGH,1,0.8187999725341797,6P58RR6G+GV5F,1130.9,21.9,False
06b5000000000032ceb8,6.0390625,HIGH,1,0.8126999735832214,6P58RR59+XWQ5,1131.1,50.0,False
06b50000000000054a09,4.75,MEDIUM,1,0.6525999903678894,6P58RR69+3GP6,1131.5,24.8,False
06b50000000000003436,8.453125,HIGH,1,0.8754000067710876,6P58RR5C+WW32,1131.5,162.8,False
06b50000000000311c0e,6.171875,MEDIUM,1,0.7833999991416931,6P58RR69+57J6,1131.6,43.9,False
06b50000000000370ead,4.375,HIGH,1,0.6793000102043152,6P58RR86+CX8J,1131.7,21.6,False
06b50000000000306786,8.015625,HIGH,1,0.6759999990463257,6P58RRH8+CGJP,1131.7,17.5,False
06b500000000003b8db0,9.7734375,MEDIUM,1,0.7785999774932861,6P58RRGJ+474H,1131.8,42.1,False
06b5000000000016baf2,4.7734375,HIGH,1,0.7520999908447266,6P58RR77+V729,1131.9,39.5,False
06b5000000000026612d,4.984375,HIGH,1,0.7214999794960022,6P58RR68+FM75,1131.9,62.0,False
06b500000000003d08fd,6.0625,HIGH,1,0.7258999943733215,6P58RR6F+2WXF,1131.9,423.2,False
06b500000000000b7376,4.625,HIGH,1,0.7932000160217285,6P58RRG7+889G,1132.0,125.8,False
06b50000000000104643,8.9765625,HIGH,1,0.8148999810218811,6P58RRHG+PH5G,1132.0,235.9,False
06b5000000000007635a,,NO_HEIGHT,0,0.7504000067710876,6P58RR8J+JJ4R,1132.1,95.4,False
06b500000000000e7b02,6.3828125,HIGH,1,0.8734999895095825,6P58RR69+2HWW,1132.2,267.4,False
06b50000000000025c97,5.75,HIGH,1,0.7893000245094299,6P58RR68+9PWV,1132.4,286.0,False
06b5000000000031328f,6.1015625,HIGH,1,0.8442000150680542,6P58RR96+HM69,1132.6,119.3,False
06b500000000002a0fcb,13.3515625,HIGH,1,0.8639000058174133,6P58RR86+FWP3,1132.7,143.5,False
06b5000000000007c333,4.9453125,MEDIUM,1,0.6887000203132629,6P58RRG7+FF3X,1132.8,3.5,False
06b500000000002eebb5,4.1484375,HIGH,1,0.7002000212669373,6P58RRF6+PX53,1132.8,191.3,False
06b5000000000011b6a9,10.90625,LOW,1,0.7979000210762024,6P58RR5C+WR44,1132.9,37.7,False
06b500000000003c0694,5.5625,HIGH,1,0.8373000025749207,6P58RR68+FFMM,1133.3,1102.2,False
06b5000000000028c552,4.9609375,HIGH,1,0.7505999803543091,6P58RR77+V6R5,1133.3,107.4,False
06b500000000002b8872,3.9453125,LOW,1,0.7113000154495239,6P58RR6G+FR4X,1133.4,22.7,False
06b500000000003b4801,8.625,HIGH,1,0.8446000218391418,6P58RR69+55X7,1133.4,99.6,False
06b50000000000196591,9.6015625,HIGH,1,0.8349999785423279,6P58RRJC+4992,1133.5,201.7,False
06b5000000000026196a,5.9140625,HIGH,1,0.7728000283241272,6P58RR6H+XHHG,1133.6,379.9,False
06b500000000003ff30f,7.3125,HIGH,1,0.6550999879837036,6P58RRJF+2JCR,1133.6,20.7,False
06b500000000002014fa,4.21875,HIGH,1,0.6942999958992004,6P58RRH8+887R,1133.6,37.4,False
06b500000000003b2512,22.889520202020204,HIGH,1,0.8826000094413757,6P58RRHG+X35V,1133.6,1457.5,False
06b50000000000137c3e,7.8125,HIGH,1,0.8162999749183655,6P58RR7H+6RMG,1133.7,139.6,False
06b500000000002cb2b6,7.2421875,HIGH,1,0.8787999749183655,6P58RR77+J9JH,1133.7,306.5,False
06b500000000000cae5d,6.6328125,HIGH,1,0.7657999992370605,6P58RR77+R73Q,1133.8,57.3,False
06b500000000000552db,4.296875,HIGH,1,0.7196999788284302,6P58RRH8+89VR,1133.8,25.2,False
06b500000000001f4b8c,12.47265625,HIGH,1,0.9355999827384949,6P58RR6G+4GWG,1133.9,1083.1,False
06b5000000000013da61,3.2578125,LOW,1,0.7675999999046326,6P58RR7J+P6JC,1134.1,103.8,False
06b500000000000f1683,4.90625,HIGH,1,0.8220999836921692,6P58RRC6+PPRJ,1134.2,181.2,False
06b500000000000fceca,4.6171875,LOW,1,0.6861000061035156,6P58RRH7+2X6J,1134.3,41.7,False
06b5000000000013abc1,9.1171875,HIGH,1,0.8040000200271606,6P58RR68+M7Q5,1134.3,167.2,False
06b50000000000373040,7.7109375,HIGH,1,0.6513000130653381,6P58RR7H+CXF2,1134.5,53.8,False
06b50000000000050681,2.125,LOW,1,0.8917999863624573,6P58RR6H+J4Q5,1134.5,187.6,False
06b50000000000106fe7,11.125,HIGH,1,0.7688999772071838,6P58RRF6+5RJ8,1134.6,54.3,False
06b500000000001a57ef,4.984375,HIGH,1,0.8195000290870667,6P58RRG7+7697,1134.8,883.2,False
06b500000000001c5856,4.046875,HIGH,1,0.8234000205993652,6P58RRH8+FGM5,1135.0,116.0,False
06b50000000000256380,5.34375,HIGH,1,0.7645000219345093,6P58RRH8+99XX,1135.1,104.7,False
06b5000000000005d12f,6.484375,HIGH,1,0.853600025177002,6P58RRH8+FG26,1135.1,39.7,False
06b5000000000020c93e,5.0625,HIGH,1,0.8170999884605408,6P58RRH8+8625,1135.2,580.6,False
06b500000000002e7386,3.3671875,HIGH,1,0.85589998960495,6P58RR6G+CRC8,1135.3,87.8,False
06b5000000000010e4a9,8.9453125,HIGH,1,0.8008000254631042,6P58RRF6+6R6H,1135.3,52.9,False
06b50000000000112c16,8.9375,HIGH,1,0.8458999991416931,6P58RR7H+6RXQ,1135.4,160.2,False
06b500000000001692c3,5.7578125,HIGH,1,0.8914999961853027,6P58RR6H+VC84,1135.5,82.9,False
06b50000000000313db7,2.515625,LOW,1,0.8522999882698059,6P58RRCJ+FRH9,1135.6,37.8,False
06b500000000000b4b2e,11.5859375,HIGH,1,0.9118000268936157,6P58RR68+J8QF,1135.8,204.4,False
06b500000000003aba1f,4.5,HIGH,1,0.8585000038146973,6P58RRH8+JPHC,1135.9,217.1,False
06b500000000001bebae,10.9140625,HIGH,1,0.8669999837875366,6P58RR77+FG65,1136.0,75.3,False
06b500000000001c2b02,6.2890625,HIGH,1,0.7527999877929688,6P58RR59+XVHJ,1136.1,49.5,False
06b50000000000111eba,4.6171875,MEDIUM,1,0.6650999784469604,6P58RR68+CPR2,1136.1,8.2,False
06b50000000000184995,5.90625,HIGH,1,0.7789999842643738,6P58RR69+63R9,1136.2,76.6,False
06b50000000000045ef2,5.7109375,HIGH,1,0.7919999957084656,6P58RRF7+W38X,1136.2,157.0,False
06b5000000000019aba8,5.203125,HIGH,1,0.7982000112533569,6P58RR59+XW7W,1136.3,43.4,False
06b500000000001e2358,6.15625,HIGH,1,0.8273000121116638,6P58RR69+483R,1136.3,241.6,False
06b500000000002a112c,16.0234375,HIGH,1,0.8141000270843506,6P58RRJ9+2Q79,1136.3,129.6,False
06b50000000000381806,4.96875,HIGH,1,0.8248000144958496,6P58RRG7+MJJ4,1136.3,100.8,False
06b500000000001eb022,7.3515625,HIGH,1,0.6513000130653381,6P58RR96+VJ9G,1136.4,33.1,False
06b500000000000cf691,5.734375,HIGH,1,0.7750999927520752,6P58RR77+W5R8,1136.5,320.0,False
06b50000000000202841,4.578125,HIGH,1,0.786899983882904,6P58RRC6+7J3H,1136.5,371.3,False
06b500000000002ebf07,6.59375,HIGH,1,0.8691999912261963,6P58RR6H+R9HG,1136.6,75.8,False
06b5000000000002e423,5.5390625,HIGH,1,0.7391999959945679,6P58RR77+V679,1136.7,67.7,False
06b500000000003491a3,4.1953125,HIGH,1,0.8693000078201294,6P58RR7J+M5P4,1137.1,109.3,False
06b50000000000119242,4.421875,HIGH,1,0.8116999864578247,6P58RRH8+99JW,1137.3,135.4,False
06b50000000000048f8f,4.484375,HIGH,1,0.7634000182151794,6P58RR86+9XR6,1137.3,73.2,False
06b5000000000016bfe7,6.3671875,HIGH,1,0.8007000088691711,6P58RRF6+6RJJ,1137.4,154.5,False
06b50000000000330441,6.984375,HIGH,1,0.6855000257492065,6P58RRF6+JXFR,1137.4,37.8,False
06b500000000001a2cb6,4.2890625,LOW,1,0.7257999777793884,6P58RR6G+FV3J,1137.5,26.7,False
06b500000000000fc898,5.9609375,HIGH,1,0.7878999710083008,6P58RRG7+352R,1137.6,200.3,False
06b500000000000cc1f3,6.0625,MEDIUM,1,0.7336999773979187,6P58RR6H+M59M,1137.7,47.6,False
06b5000000000035821b,3.6484375,MEDIUM,1,0.7075999975204468,6P58RR68+GGV7,1137.8,16.7,False
06b50000000000397387,5.1484375,HIGH,1,0.8122000098228455,6P58RR77+V652,1137.8,31.1,False
06b500000000002458f0,3.7734375,LOW,1,0.7763000130653381,6P58RR69+56FH,1137.8,31.6,False
06b50000000000404f48,5.734375,HIGH,1,0.7599999904632568,6P58RR96+PJQH,1137.9,31.1,False
06b50000000000107cd0,6.203125,HIGH,1,0.7867000102996826,6P58RR68+CMF9,1137.9,153.8,False
06b50000000000362d1a,4.609375,HIGH,1,0.7825000286102295,6P58RRH8+MVJH,1137.9,96.8,False
06b5000000000017891f,4.3125,HIGH,1,0.800599992275238,6P58RR96+MJM3,1138.5,117.1,False
06b500000000002a8f4c,5.8046875,HIGH,1,0.8205000162124634,6P58RRC6+VM5W,1138.5,314.9,False
06b500000000002e7f64,,NO_HEIGHT,0,0.862500011920929,6P58RR5F+V3Q6,1138.6,55.1,False
06b500000000002508ab,11.1953125,HIGH,1,0.8047000169754028,6P58RR6G+6C3W,1138.6,83.7,False
06b500000000002c51f9,3.4765625,HIGH,1,0.8467000126838684,6P58RR6H+H3GW,1138.7,83.5,False
06b5000000000019096a,11.96875,HIGH,1,0.8694000244140625,6P58RRF6+2PW3,1138.7,356.4,False
06b5000000000013b743,13.4453125,HIGH,1,0.7825999855995178,6P58RRGJ+29H5,1139.1,458.0,False
06b500000000000aaff4,18.40625,LOW,1,0.7860000133514404,6P58RR7J+Q7WP,1139.2,153.6,False
06b500000000002440b2,20.4453125,MEDIUM,1,0.6877999901771545,6P58RR86+VQPQ,1139.2,15.9,False
06b500000000002d90e5,5.8359375,HIGH,1,0.8597000241279602,6P58RR7J+G4R2,1139.6,211.5,False
06b500000000000a9f31,7.0625,HIGH,1,0.7127000093460083,6P58RR5C+W576,1139.6,59.8,False
06b5000000000003f663,4.984375,HIGH,1,0.760699987411499,6P58RRC6+FM6R,1139.7,58.4,False
06b5000000000015bc34,5.015625,HIGH,1,0.7781999707221985,6P58RR7J+F3RV,1140.5,42.3,False
06b5000000000019d033,5.7109375,HIGH,1,0.7706000208854675,6P58RR69+2FX6,1140.6,191.8,False
06b5000000000009bdd4,18.40625,LOW,1,0.7545999884605408,6P58RR7J+Q7RP,1140.7,49.3,False
06b50000000000195eab,6.40625,HIGH,1,0.8925999999046326,6P58RR6G+8PCX,1140.8,327.8,False
06b500000000001893d3,5.1640625,HIGH,1,0.8246999979019165,6P58RRG7+JGC9,1140.9,279.9,False
06b50000000000011b93,4.921875,MEDIUM,1,0.8319000005722046,6P58RRH9+R4Q3,1141.0,92.5,False
06b500000000001d1822,4.1171875,HIGH,1,0.8955000042915344,6P58RR5C+W2C5,1141.0,123.8,False
06b500000000003278ab,12.984375,HIGH,1,0.7993999719619751,6P58RRGJ+39FP,1141.2,177.5,False
06b500000000000158fa,5.453125,HIGH,1,0.8474000096321106,6P58RRG7+55G2,1141.2,530.2,False
06b50000000000173b97,7.03125,HIGH,1,0.8759999871253967,6P58RRF6+MXCR,1141.3,156.5,False
06b50000000000354d13,48.3984375,LOW_RELAXED,1,0.7336000204086304,6P58RR7J+R7XX,1141.4,93.0,False
06b500000000000b3a16,3.3984375,HIGH,1,0.7106000185012817,6P58RR6G+CR8P,1141.5,37.3,False
06b500000000001e22f5,3.90625,HIGH,1,0.7918999791145325,6P58RR6G+9QFM,1141.8,84.8,False
06b500000000003f922a,23.171875,HIGH,1,0.7998999953269958,6P58RR7H+2M86,1141.9,524.8,False
06b50000000000053cd1,3.5546875,MEDIUM,1,0.857200026512146,6P58RRH8+FF72,1142.0,50.8,False
06b50000000000373780,34.2578125,HIGH,1,0.8374999761581421,6P58RR5F+WPH6,1142.0,1303.7,False
06b5000000000018fa01,2.6015625,LOW,1,0.7925000190734863,6P58RRJC+5J48,1142.3,65.4,False
06b50000000000164b8b,2.734375,LOW_RELAXED,1,0.6777999997138977,6P58RR77+8J36,1142.3,63.7,False
06b500000000000939dc,9.96875,HIGH,1,0.765500009059906,6P58RR5C+VR4Q,1142.4,84.6,False
06b5000000000018f1a2,5.5703125,HIGH,1,0.7748000025749207,6P58RR68+CJM8,1142.4,99.9,False
06b50000000000254f5c,11.1796875,HIGH,1,0.7394000291824341,6P58RR68+J7QF,1142.4,333.9,False
06b500000000001e36b7,5.484375,HIGH,1,0.8935999870300293,6P58RR86+6X5F,1142.5,315.2,False
06b5000000000032b1bf,6.4609375,HIGH,1,0.8532999753952026,6P58RR96+GJM8,1142.6,359.4,False
06b50000000000361ffe,6.5390625,HIGH,1,0.8130000233650208,6P58RR69+4747,1142.6,175.5,False
06b500000000002d485b,5.1640625,HIGH,1,0.6668999791145325,6P58RR59+XW28,1142.6,46.9,False
06b500000000000df95e,7.21875,HIGH,1,0.8468000292778015,6P58RRH8+HHQM,1142.7,444.6,False
06b5000000000016fb22,3.90625,MEDIUM,1,0.8194000124931335,6P58RR6F+2V2X,1142.7,52.5,False
06b50000000000144baa,5.828125,HIGH,1,0.84170001745224,6P58RRF6+JWG5,1142.7,58.4,False
06b500000000001f3369,4.8125,HIGH,1,0.8385999798774719,6P58RRG7+FCXR,1142.8,62.4,False
06b500000000003141cb,6.109375,HIGH,1,0.6919999718666077,6P58RR69+62M7,1142.9,90.8,False
06b5000000000036ca10,4.9765625,HIGH,1,0.7243000268936157,6P58RRG7+CCR6,1142.9,39.4,False
06b500000000001557ac,7.515625,MEDIUM,1,0.7427999973297119,6P58RRJF+2PMW,1142.9,23.9,False
06b5000000000003e547,6.640625,HIGH,1,0.7748000025749207,6P58RRF6+7QPQ,1143.0,260.8,False
06b500000000000262c2,4.484375,HIGH,1,0.8409000039100647,6P58RRC6+PMVJ,1143.2,206.2,False
06b500000000003d6b8a,6.6015625,HIGH,1,0.7578999996185303,6P58RR77+M79V,1143.2,424.4,False
06b500000000000bb646,2.46875,HIGH,1,0.7408000230789185,6P58RR6G+9RRP,1143.2,42.3,False
06b500000000002c99a3,9.8203125,HIGH,1,0.8126999735832214,6P58RR69+2H5J,1143.3,249.0,False
06b500000000000c519e,5.703125,HIGH,1,0.8432000279426575,6P58RR6H+QCPR,1143.4,245.2,False
06b5000000000021b15a,6.8359375,HIGH,1,0.7749000191688538,6P58RR77+4Q86,1143.5,67.7,False
06b5000000000035d7ba,4.515625,HIGH,1,0.8270999789237976,6P58RRG7+PH9H,1143.5,121.1,False
06b500000000001050cd,4.59375,HIGH,1,0.6879000067710876,6P58RRG7+8864,1143.6,42.3,False
06b50000000000132cab,6.6015625,HIGH,1,0.8141999840736389,6P58RR59+XPQ2,1143.6,79.5,False
06b5000000000007fae6,5.2578125,MEDIUM,1,0.8360999822616577,6P58RRJF+2PQR,1143.6,46.8,False
06b50000000000086017,4.2265625,HIGH,1,0.6977999806404114,6P58RRG7+QM6J,1143.6,87.2,False
06b5000000000023bf2d,5.359375,HIGH,1,0.8227999806404114,6P58RR69+53JF,1143.8,274.6,False
06b500000000003ef086,3.6171875,HIGH,1,0.7282999753952026,6P58RR87+52PF,1143.9,37.1,False
06b5000000000011ff37,18.40625,LOW,1,0.6862999796867371,6P58RR7J+Q7CG,1143.9,36.8,False
06b500000000003c5d4b,6.8515625,HIGH,1,0.7967000007629395,6P58RR68+7W3X,1144.0,191.7,False
06b5000000000028f2b1,4.7578125,HIGH,1,0.7795000076293945,6P58RRG7+F9CH,1144.1,523.1,False
06b500000000000ee4de,7.1796875,HIGH,1,0.7692999839782715,6P58RRG7+24F6,1144.1,122.7,False
06b500000000001b2e62,,NO_HEIGHT,0,0.7692999839782715,6P58RR7J+P6PF,1144.2,22.8,False
06b500000000000c2385,3.2265625,MEDIUM,1,0.7400000095367432,6P58RR69+5667,1144.3,10.7,False
06b500000000002de162,5.3359375,HIGH,1,0.8363000154495239,6P58RRG7+RMW8,1144.3,403.8,False
06b500000000001cdfb8,4.1171875,HIGH,1,0.8039000034332275,6P58RRH8+GG2Q,1144.3,76.5,False
06b50000000000348769,5.8125,HIGH,1,0.8873999714851379,6P58RR69+2C9R,1144.3,461.7,False
06b5000000000037d2fc,9.078125,HIGH,1,0.7129999995231628,6P58RR6H+VF3M,1144.3,48.8,False
06b500000000003b9899,,NO_HEIGHT,0,0.8144000172615051,6P58RR5C+VX43,1144.5,436.2,False
06b5000000000030a57e,7.03125,HIGH,1,0.79830002784729,6P58RR96+XHXW,1144.5,171.7,False
06b50000000000268bd8,5.890625,HIGH,1,0.8450999855995178,6P58RR77+H9R9,1144.6,110.2,False
06b500000000001d35a3,3.3203125,LOW,1,0.7181000113487244,6P58RR7J+M6RP,1144.7,30.3,False
06b500000000001ee54d,5.828125,HIGH,1,0.8144000172615051,6P58RRC6+JJ58,1144.7,121.1,False
06b500000000003997de,4.7890625,MEDIUM,1,0.8406999707221985,6P58RR6H+H4H9,1144.7,302.4,False
06b5000000000024fb61,7.59375,HIGH,1,0.8195000290870667,6P58RRC6+3HHM,1144.9,454.4,False
06b500000000001751b6,4.4453125,MEDIUM,1,0.6983000040054321,6P58RR68+7WMX,1145.0,4.0,False
06b500000000003e38d6,5.9765625,HIGH,1,0.7382000088691711,6P58RR68+CHQF,1145.1,131.4,False
06b5000000000009f329,7.28125,HIGH,1,0.8022000193595886,6P58RR77+G94X,1145.1,230.1,False
06b5000000000003f1de,17.265625,HIGH,1,0.7125999927520752,6P58RRJ9+2QMM,1145.2,68.3,False
06b500000000003f3f86,6.5625,HIGH,1,0.730400025844574,6P58RR96+VJ2G,1145.3,78.5,False
06b50000000000301338,3.890625,HIGH,1,0.816100001335144,6P58RRH8+MQR5,1145.6,392.4,False
06b500000000002079f0,6.2109375,HIGH,1,0.7774999737739563,6P58RR77+X4FH,1145.6,103.7,False
06b50000000000189773,4.8515625,MEDIUM,1,0.7465000152587891,6P58RR86+FW6J,1145.7,42.2,False
06b5000000000008e046,7.3671875,HIGH,1,0.8903999924659729,6P58RR77+FCFM,1145.7,164.6,False
06b500000000003ab611,6.5859375,HIGH,1,0.8669000267982483,6P58RR5C+V3C5,1145.8,274.8,False
06b500000000003e6263,4.40625,HIGH,1,0.7875999808311462,6P58RRG7+MG5W,1145.8,87.7,False
06b500000000000bb3d0,10.8671875,HIGH,1,0.7871999740600586,6P58RRJ9+3R38,1145.8,79.2,False
06b5000000000005428a,5.0234375,HIGH,1,0.7408000230789185,6P58RR59+WRR6,1145.9,288.7,False
06b5000000000010a500,3.8125,HIGH,1,0.862500011920929,6P58RR59+WWFR,1145.9,87.3,False
06b500000000000e0c61,5.5546875,LOW,1,0.8098000288009644,6P58RRJC+5QFH,1146.0,68.8,False
06b500000000000f244b,7.59375,HIGH,1,0.8636999726295471,6P58RR5C+V57W,1146.0,156.5,False
06b5000000000033248e,6.078125,HIGH,1,0.838699996471405,6P58RRH9+V4QF,1146.1,476.4,False
06b500000000000ab2d1,5.046875,HIGH,1,0.7621999979019165,6P58RR69+53QJ,1146.1,46.9,False
06b50000000000066b32,6.3984375,HIGH,1,0.7682999968528748,6P58RR68+CJ9V,1146.2,61.0,False
06b500000000002458a3,5.7578125,HIGH,1,0.8192999958992004,6P58RR77+V558,1146.3,81.1,False
06b5000000000002de18,,NO_HEIGHT,0,0.7264999747276306,6P58RRHH+G26Q,1146.3,81.2,False
06b500000000000e17e3,5.6015625,HIGH,1,0.8720999956130981,6P58RR7J+J5H8,1146.9,171.7,False
06b5000000000009903d,5.0,HIGH,1,0.838100016117096,6P58RR68+9MGR,1146.9,229.3,False
06b5000000000011c96f,6.4296875,HIGH,1,0.7627999782562256,6P58RR7J+M66V,1147.1,67.0,False
06b50000000000197823,4.5546875,HIGH,1,0.8452000021934509,6P58RRF7+X37Q,1147.2,100.8,False
06b500000000003c1bfa,4.4453125,LOW,1,0.6532999873161316,6P58RRHG+JRH7,1147.2,103.6,False
06b50000000000147ac0,2.9140625,MEDIUM,1,0.8167999982833862,6P58RR6G+CVH7,1147.2,90.9,False
06b5000000000034f2ca,3.75,HIGH,1,0.8521000146865845,6P58RRH8+FFV6,1147.3,98.7,False
06b50000000000156f46,7.1640625,HIGH,1,0.805400013923645,6P58RR77+FC4C,1147.4,137.1,False
06b500000000002fdc63,4.984375,HIGH,1,0.7781000137329102,6P58RRC6+GH8G,1147.6,469.2,False
06b5000000000015170f,6.9453125,HIGH,1,0.6996999979019165,6P58RRF7+W36F,1147.6,34.9,False
06b500000000002825b6,5.421875,HIGH,1,0.7645000219345093,6P58RR59+WVM6,1147.6,82.8,False
06b500000000002b7322,10.5390625,HIGH,1,0.9115999937057495,6P58RR6H+RG26,1148.0,436.2,False
06b500000000002f7ea5,7.265625,HIGH,1,0.8472999930381775,6P58RRF7+W24J,1148.0,229.5,False
06b5000000000039f5a7,8.2890625,HIGH,1,0.7616999745368958,6P58RR5C+V49P,1148.1,48.2,False
06b50000000000178c10,4.7265625,HIGH,1,0.777999997138977,6P58RR7J+G355,1148.1,95.5,False
06b500000000002aa795,4.03125,HIGH,1,0.7493000030517578,6P58RRG7+875V,1148.1,7.6,False
06b5000000000021fe46,3.2890625,LOW,1,0.7232000231742859,6P58RRC6+8JRX,1148.4,22.5,False
06b500000000000f551e,7.375,HIGH,1,0.8282999992370605,6P58RR77+4PHF,1148.6,45.1,False
06b500000000000f1155,8.2109375,HIGH,1,0.6535999774932861,6P58RRJC+5889,1148.8,48.9,False
06b50000000000231e25,3.4765625,MEDIUM,1,0.7365000247955322,6P58RR69+548P,1148.9,53.3,False
06b50000000000394c3d,9.390625,HIGH,1,0.7703999876976013,6P58RRJC+45MQ,1148.9,48.2,False
06b5000000000034f708,5.078125,HIGH,1,0.8723000288009644,6P58RRG7+JF7V,1149.0,279.6,False
06b50000000000035ca4,7.15625,HIGH,1,0.7067999839782715,6P58RRJC+43HR,1149.0,59.7,False
06b50000000000017ff1,5.0625,HIGH,1,0.878600001335144,6P58RR7J+F3F9,1149.2,55.9,False
06b500000000003f81fd,6.0859375,HIGH,1,0.7597000002861023,6P58RR69+52WF,1149.2,98.6,False
06b500000000002ccfc7,5.40625,HIGH,1,0.8137999773025513,6P58RR77+P6QQ,1149.2,93.2,False
06b500000000001e0865,7.5546875,HIGH,1,0.8461999893188477,6P58RRF6+8QCG,1149.3,306.1,False
06b5000000000022f021,14.1953125,HIGH,1,0.8982999920845032,6P58RRJ9+2H9W,1149.3,409.9,False
06b5000000000005fad2,7.1875,HIGH,1,0.7502999901771545,6P58RR77+CCQQ,1149.4,129.7,False
06b5000000000039a307,,NO_HEIGHT,0,0.678600013256073,6P58RR9J+9VF9,1149.4,21.4,False
06b50000000000092442,8.2890625,HIGH,1,0.7788000106811523,6P58RRJC+4282,1149.4,64.0,False
06b50000000000015b8c,5.5390625,HIGH,1,0.8361999988555908,6P58RRG7+343M,1149.5,99.3,False
06b5000000000034dcf5,9.265625,HIGH,1,0.7379000186920166,6P58RRJC+594R,1149.5,79.7,False
06b500000000003a4495,4.34375,HIGH,1,0.7601000070571899,6P58RR86+CW22,1149.5,117.9,False
06b500000000001021a7,30.9765625,HIGH,1,0.7583000063896179,6P58RR67+XVVG,1149.6,34.1,False
06b500000000003f5118,3.6953125,LOW,1,0.7050999999046326,6P58RRH9+R37V,1149.7,32.9,False
06b50000000000339c0a,18.671875,HIGH,1,0.7631000280380249,6P58RRJ9+3Q24,1149.8,56.6,False
06b500000000001fa169,5.6328125,HIGH,1,0.8310999870300293,6P58RR69+36PX,1149.8,268.6,False
06b5000000000002cb04,6.765625,HIGH,1,0.7914000153541565,6P58RR77+CF3H,1149.9,162.3,False
06b500000000002bc8f8,4.8046875,LOW_RELAXED,1,0.7620000243186951,6P58RRH9+R4JP,1150.0,20.1,False
06b500000000000ad1ef,1.7890625,LOW_RELAXED,1,0.666700005531311,6P58RRCJ+4W3P,1150.0,15.5,False
06b5000000000029611e,9.03125,HIGH,1,0.6521000266075134,6P58RRJC+5655,1150.1,97.3,False
06b500000000001ac938,5.0234375,HIGH,1,0.7767999768257141,6P58RRF6+MW46,1150.3,30.7,False
06b500000000002ebe77,3.7421875,HIGH,1,0.8148999810218811,6P58RRH8+98RG,1150.4,79.4,False
06b500000000000c896d,11.03125,HIGH,1,0.8712999820709229,6P58RRJ9+3RCQ,1150.4,149.0,False
06b50000000000024c6b,5.4765625,HIGH,1,0.7932000160217285,6P58RR69+29HV,1150.4,256.4,False
06b500000000000fa7e4,3.171875,MEDIUM,1,0.6547999978065491,6P58RRH7+3W6Q,1150.4,66.5,False
06b500000000003df3bb,52.59375,LOW,1,0.745199978351593,6P58RRCJ+QVJ8,1150.5,76.4,False
06b500000000003c8798,2.8125,LOW,1,0.6765999794006348,6P58RRH7+3WGP,1150.6,18.8,False
06b50000000000352d3d,6.109375,HIGH,1,0.73089998960495,6P58RRF7+X3V9,1150.6,90.8,False
06b50000000000398b93,4.9921875,HIGH,1,0.7739999890327454,6P58RRC6+MJQ7,1150.6,50.4,False
06b500000000003b74bd,4.625,HIGH,1,0.8841000199317932,6P58RRH8+97CC,1150.6,242.2,False
06b500000000001421e8,9.8046875,HIGH,1,0.7896999716758728,6P58RR6H+QFMR,1150.6,205.7,False
06b500000000003fc935,3.8359375,HIGH,1,0.7483000159263611,6P58RRC6+XM7H,1150.8,218.5,False
06b500000000002524b1,4.5859375,HIGH,1,0.7774999737739563,6P58RRG7+HCPW,1150.9,247.7,False
06b5000000000020d9c0,8.0625,HIGH,1,0.7336999773979187,6P58RRJC+5C65,1150.9,23.3,False
06b500000000001d0620,7.6796875,HIGH,1,0.6546000242233276,6P58RR96+XH92,1150.9,47.0,False
06b50000000000109a7e,32.078125,HIGH,1,0.9067000150680542,6P58RRFJ+JJV3,1151.0,243.7,False
06b500000000000d33cc,8.1015625,HIGH,1,0.6906999945640564,6P58RR77+H977,1151.0,43.0,False
06b500000000001157ba,5.9296875,HIGH,1,0.7717000246047974,6P58RR77+R62F,1151.1,86.0,False
06b5000000000019d285,,NO_HEIGHT,0,0.8183000087738037,6P58RR86+WPRQ,1151.1,50.3,False
06b500000000001bdf1e,37.328125,HIGH,1,0.881600022315979,6P58RRJF+72R7,1151.2,3188.5,False
06b50000000000131008,6.171875,HIGH,1,0.714900016784668,6P58RRC6+WM2G,1151.4,124.0,False
06b5000000000006d45f,,NO_HEIGHT,0,0.878600001335144,6P58RR9J+8WVX,1151.5,428.2,False
06b500000000000c16b1,17.296875,HIGH,1,0.8593999743461609,6P58RRFJ+VHV2,1151.5,1497.2,False
06b500000000000036ae,4.5078125,HIGH,1,0.6897000074386597,6P58RR7J+C3JW,1151.6,47.2,False
06b500000000000cc9e7,4.2578125,HIGH,1,0.8398000001907349,6P58RR86+5X94,1151.6,77.2,False
06b500000000002a8e21,6.0,HIGH,1,0.7771000266075134,6P58RR77+W4GV,1151.6,57.7,False
06b500000000000ea845,4.0859375,HIGH,1,0.7064999938011169,6P58RR7J+H5VM,1152.0,18.5,False
06b50000000000222410,5.578125,HIGH,1,0.7476000189781189,6P58RRC6+8H5X,1152.3,16.1,False
06b5000000000022ec7d,5.8125,HIGH,1,0.8610000014305115,6P58RR69+52R8,1152.3,80.6,False
06b500000000001d8f15,4.546875,HIGH,1,0.7982000112533569,6P58RRH8+FCJV,1152.3,184.3,False
06b500000000003086e0,6.6875,HIGH,1,0.7145000100135803,6P58RR86+MQPW,1152.4,82.5,False
06b500000000001173ff,3.4765625,MEDIUM,1,0.7351999878883362,6P58RR69+546P,1152.4,19.7,False
06b500000000002f04c4,3.0546875,HIGH,1,0.8335999846458435,6P58RRJF+2WGG,1152.4,58.0,False
06b500000000002cb7c3,5.3359375,HIGH,1,0.7480000257492065,6P58RR69+46J2,1152.4,14.5,False
06b500000000001936be,4.703125,HIGH,1,0.8608999848365784,6P58RR6H+F27W,1152.4,238.8,False
06b500000000001c2806,8.453125,HIGH,1,0.660099983215332,6P58RR5C+V42P,1152.5,67.2,False
06b5000000000024a7c4,5.9453125,HIGH,1,0.7505000233650208,6P58RRG7+WP26,1152.5,243.3,False
06b50000000000147a2d,6.25,HIGH,1,0.7544999718666077,6P58RRG7+C87C,1152.6,154.2,False
06b50000000000100875,3.125,HIGH,1,0.6800000071525574,6P58RRG7+QH56,1152.6,116.6,False
06b500000000001b8b15,2.109375,MEDIUM,1,0.7074000239372253,6P58RRG7+87QC,1152.6,14.0,False
06b500000000000e221e,43.3359375,HIGH,1,0.7541000247001648,6P58RR67+QMXJ,1152.8,6355.6,True
06b500000000002cf216,1.0,HIGH,1,0.8763999938964844,6P58RR6G+3CRP,1152.8,958.8,False
06b5000000000019d50c,4.0703125,HIGH,1,0.8403000235557556,6P58RRC6+PJ82,1152.9,73.5,False
06b500000000001d4ffa,7.359375,HIGH,1,0.7773000001907349,6P58RR77+8F98,1153.0,884.3,False
06b500000000003d601f,7.8046875,HIGH,1,0.7146999835968018,6P58RR77+FCRH,1153.0,35.7,False
06b500000000003278c5,3.203125,MEDIUM,1,0.6919999718666077,6P58RRC6+RM2X,1153.0,6.0,False
06b5000000000016651f,7.140625,HIGH,1,0.8422999978065491,6P58RR59+WPW3,1153.0,165.3,False
06b5000000000039c069,5.85546875,HIGH,1,0.9129999876022339,6P58RRGJ+7FQ7,1153.0,1180.0,True
06b5000000000018f10e,5.828125,HIGH,1,0.8659999966621399,6P58RRC6+RJWF,1153.2,320.1,False
06b500000000000ea6c1,6.375,HIGH,1,0.7319999933242798,6P58RR96+VH44,1153.2,47.1,False
06b50000000000007676,5.6015625,HIGH,1,0.8235999941825867,6P58RRC6+WJX3,1153.2,220.2,False
06b500000000001a37b2,5.1796875,HIGH,1,0.7524999976158142,6P58RRC6+FJ6F,1153.3,39.5,False
06b500000000000d52a8,6.0546875,HIGH,1,0.7908999919891357,6P58RR6H+WH4P,1153.3,91.6,False
06b500000000001279a1,4.9765625,HIGH,1,0.7757999897003174,6P58RR87+328Q,1153.3,238.7,False
06b500000000003f3540,6.078125,HIGH,1,0.7182000279426575,6P58RR5C+V35C,1153.4,103.2,False
06b500000000000de7c6,5.28125,HIGH,1,0.8210999965667725,6P58RR96+GJ26,1153.4,110.5,False
06b500000000003e95e9,12.21875,HIGH,1,0.6807000041007996,6P58RR5C+V44J,1153.5,70.2,False
06b500000000002a0b2b,3.6953125,MEDIUM,1,0.7802000045776367,6P58RRH9+R3V9,1153.6,46.9,False
06b500000000000337fb,7.4140625,HIGH,1,0.6974999904632568,6P58RR77+6JV5,1153.6,11.8,False
06b5000000000037c573,5.609375,HIGH,1,0.7989000082015991,6P58RR77+R5V4,1153.8,71.4,False
06b500000000003a87e7,27.3203125,LOW,1,0.66839998960495,6P58RRH7+3V4F,1153.9,72.9,False
06b50000000000081d7e,6.378781249999999,HIGH,1,0.8216999769210815,6P58RR69+353H,1154.0,1027.9,False
06b5000000000031bf93,5.4921875,LOW,1,0.7717999815940857,6P58RRHG+HWHM,1154.1,29.6,False
06b500000000000d5ef7,6.0859375,HIGH,1,0.8169999718666077,6P58RRC6+7HG3,1154.1,109.6,False
06b50000000000266bd3,14.1640625,HIGH,1,0.7358999848365784,6P58RRJ9+3Q6M,1154.2,59.9,False
06b50000000000042437,6.0546875,HIGH,1,0.824999988079071,6P58RRF6+6P88,1154.2,174.1,False
06b500000000003b9549,5.9921875,HIGH,1,0.9276000261306763,6P58RRH8+HGFJ,1154.3,281.3,False
06b50000000000008c63,13.3125,HIGH,1,0.8550000190734863,6P58RR59+XH7H,1154.7,298.6,False
06b500000000003505a1,1.8984375,MEDIUM,1,0.7922999858856201,6P58RRGJ+96QJ,1154.7,305.7,False
06b500000000001ae750,3.625,HIGH,1,0.784600019454956,6P58RR7J+H5WG,1154.8,30.1,False
06b500000000002a5b48,3.640625,HIGH,1,0.8338000178337097,6P58RRJC+6JGF,1154.8,196.6,False
06b500000000000b2040,5.2421875,HIGH,1,0.8346999883651733,6P58RR5F+XXM5,1154.8,185.1,False
06b5000000000002a2d3,34.17578125,HIGH,1,0.9138000011444092,6P58RRCM+W49W,1154.9,7073.9,True
06b5000000000034db61,6.5,HIGH,1,0.7200999855995178,6P58RR77+6JMV,1155.1,15.1,False
06b500000000003ee202,7.1796875,MEDIUM,1,0.7303000092506409,6P58RR59+VXX6,1155.1,9.7,False
06b500000000000c38f5,6.1171875,HIGH,1,0.7828999757766724,6P58RR77+H8P2,1155.2,93.3,False
06b5000000000026e830,4.703125,HIGH,1,0.7778000235557556,6P58RR7J+92FM,1155.3,15.9,False
06b500000000003878d9,4.8671875,HIGH,1,0.8845999836921692,6P58RRJC+6Q2Q,1155.4,84.4,False
06b50000000000019b66,5.1015625,HIGH,1,0.7459999918937683,6P58RRF6+9Q4W,1155.4,58.0,False
06b5000000000001536f,10.0625,HIGH,1,0.8086000084877014,6P58RR68+7QGM,1155.4,198.6,False
06b500000000000654ad,4.3828125,HIGH,1,0.7502999901771545,6P58RRG7+MGJX,1155.4,192.5,False
06b50000000000331eff,5.3671875,HIGH,1,0.9065999984741211,6P58RR96+6J3J,1155.6,249.2,False
06b5000000000039d685,23.4765625,HIGH,1,0.6899999976158142,6P58RR77+2QH7,1155.6,110.1,False
06b500000000000a43c1,4.59375,HIGH,1,0.8277000188827515,6P58RRC6+MJM3,1155.6,83.6,False
06b50000000000061a9e,6.1171875,HIGH,1,0.7148000001907349,6P58RR77+W4M7,1155.8,28.6,False
06b500000000000b586c,3.7265625,HIGH,1,0.782800018787384,6P58RR7J+H5F3,1155.8,22.0,False
06b5000000000039b436,6.7421875,HIGH,1,0.7240999937057495,6P58RRJC+5285,1155.9,136.1,False
06b5000000000018a010,6.078125,HIGH,1,0.8159000277519226,6P58RRC6+QJ39,1155.9,124.9,False
06b50000000000318180,6.3203125,HIGH,1,0.8317999839782715,6P58RRH8+PQMF,1156.0,424.1,False
06b500000000003d2df8,4.8828125,HIGH,1,0.6919000148773193,6P58RR77+7H92,1156.1,40.8,False
06b5000000000011522c,5.96875,MEDIUM,1,0.6998000144958496,6P58RRH9+R2Q7,1156.1,26.8,False
06b5000000000013f811,4.1953125,HIGH,1,0.6837000250816345,6P58RR86+7WMH,1156.2,74.5,False
06b5000000000016718e,7.9296875,HIGH,1,0.744700014591217,6P58RR68+7R7F,1156.2,178.1,False
06b500000000002765eb,16.9140625,HIGH,1,0.7279999852180481,6P58RR59+XGX7,1156.2,24.9,False
06b50000000000147190,8.932443893528182,HIGH,1,0.8781999945640564,6P58RRFJ+QMGG,1156.2,1236.4,False
06b500000000000a2344,7.0234375,HIGH,1,0.7809000015258789,6P58RRF6+5MQF,1156.4,487.4,False
06b500000000000ba447,6.2734375,HIGH,1,0.8878999948501587,6P58RR59+VX5F,1156.4,265.6,False
06b500000000001738af,4.984375,MEDIUM,1,0.6850000023841858,6P58RR6G+8RR3,1156.4,36.0,False
06b5000000000027b3a9,4.4453125,HIGH,1,0.8761000037193298,6P58RRHG+MR5M,1156.6,91.7,False
06b500000000001c79aa,8.5703125,HIGH,1,0.7407000064849854,6P58RRJ9+4XGJ,1156.8,43.7,False
06b500000000001c9700,5.953125,HIGH,1,0.8529999852180481,6P58RRG7+23MR,1156.8,199.4,False
06b5000000000034cb93,5.453125,HIGH,1,0.651199996471405,6P58RR5F+XV24,1156.8,74.7,False
06b500000000003fe158,4.1171875,HIGH,1,0.765999972820282,6P58RRC6+FH9C,1157.0,46.1,False
06b5000000000022d9f3,8.109375,LOW,1,0.7035999894142151,6P58RRH9+R2C9,1157.0,18.7,False
06b500000000003caa99,4.40625,HIGH,1,0.7883999943733215,6P58RR7J+C3W9,1157.1,50.7,False
06b500000000000717a9,4.34375,HIGH,1,0.7605000138282776,6P58RRH8+GCGQ,1157.1,143.6,False
06b500000000000d8d74,6.3203125,HIGH,1,0.8291000127792358,6P58RR68+5WWG,1157.1,196.4,False
06b50000000000315b93,5.4921875,HIGH,1,0.8812999725341797,6P58RRHG+HXPV,1157.1,172.9,False
06b500000000000f2677,4.859375,MEDIUM,1,0.7645000219345093,6P58RR59+XFX6,1157.2,107.8,False
06b500000000001b3759,3.5390625,HIGH,1,0.8019000291824341,6P58RR6H+P9HP,1157.2,85.8,False
06b50000000000182c58,8.2265625,MEDIUM,1,0.7817000150680542,6P58RR96+5J8X,1157.2,83.4,False
06b5000000000014c826,4.28125,HIGH,1,0.7355999946594238,6P58RR87+4262,1157.2,87.6,False
06b500000000003d6e74,6.078125,HIGH,1,0.8323000073432922,6P58RRC6+VJHV,1157.3,77.5,False
06b50000000000204d1f,3.2578125,MEDIUM,1,0.6958000063896179,6P58RR69+535G,1157.4,13.3,False
06b500000000000fb960,5.90625,HIGH,1,0.6891000270843506,6P58RRC6+8H3H,1157.5,14.8,False
06b500000000001ba558,4.5546875,HIGH,1,0.8335999846458435,6P58RRG7+97FV,1157.6,162.2,False
06b500000000000187ff,3.796875,MEDIUM,1,0.7792999744415283,6P58RRH8+GFC9,1157.6,40.2,False
06b5000000000025f9bb,12.703125,HIGH,1,0.8374999761581421,6P58RRGJ+495P,1157.7,59.5,False
06b5000000000020c262,7.359375,HIGH,1,0.6988999843597412,6P58RRJC+55H2,1157.8,68.2,False
06b50000000000260aa3,6.546875,HIGH,1,0.7067000269889832,6P58RRJC+54GW,1157.9,218.0,False
06b500000000002c774c,7.5859375,HIGH,1,0.8044999837875366,6P58RR68+CG3W,1158.0,389.9,False
06b5000000000017ecaa,11.328125,HIGH,1,0.9135000109672546,6P58RR96+MGG8,1158.0,1379.0,False
06b500000000000d4ea1,4.234375,HIGH,1,0.775600016117096,6P58RR68+H8J7,1158.0,91.8,False
06b500000000002004ae,5.21875,HIGH,1,0.7998999953269958,6P58RR6G+9R95,1158.1,121.4,False
06b5000000000002b28f,7.3671875,HIGH,1,0.9107999801635742,6P58RRF6+7PGF,1158.1,234.6,False
06b500000000003d8cb4,,NO_HEIGHT,0,0.7095000147819519,6P58RR8J+GMX7,1158.1,17.7,False
06b50000000000315d3b,17.4765625,HIGH,1,0.7860999703407288,6P58RRJG+2278,1158.3,29.3,False
06b5000000000029d109,6.7734375,HIGH,1,0.7351999878883362,6P58RRJC+56R4,1158.3,88.4,False
06b500000000003fc1a3,3.9609375,HIGH,1,0.8335000276565552,6P58RR68+5XFP,1158.3,193.4,False
06b500000000002dd906,10.375,HIGH,1,0.7494000196456909,6P58RRJ9+2C86,1158.3,73.5,False
06b500000000000a5a7e,5.9296875,HIGH,1,0.6934999823570251,6P58RRC6+QJPG,1158.4,8.2,False
06b500000000002934ba,6.8203125,MEDIUM,1,0.6898000240325928,6P58RRCJ+QVQC,1158.4,87.7,False
06b500000000003674be,4.8515625,HIGH,1,0.6743999719619751,6P58RR68+8PGC,1158.4,34.1,False
06b500000000003cd91b,3.421875,HIGH,1,0.6985999941825867,6P58RR7J+C346,1158.4,137.2,False
06b50000000000037bd9,5.6171875,HIGH,1,0.6901999711990356,6P58RR77+W4J8,1158.5,21.0,False
06b50000000000395046,6.9140625,HIGH,1,0.8166000247001648,6P58RR59+VW5X,1158.6,205.0,False
06b50000000000264160,6.1875,HIGH,1,0.7103999853134155,6P58RR59+VWJ9,1158.6,60.9,False
06b5000000000001c37c,5.609375,HIGH,1,0.8126999735832214,6P58RRF6+9QMW,1158.9,152.0,False
06b500000000002000fe,,NO_HEIGHT,0,0.7635999917984009,6P58RR5C+QXFG,1158.9,946.0,False
06b500000000002024d4,41.6875,HIGH,1,0.7541999816894531,6P58RRH7+2VRC,1158.9,32.9,False
06b500000000001780b9,7.1640625,HIGH,1,0.7175999879837036,6P58RRH9+R2VW,1158.9,100.2,False
06b500000000000d7440,3.125,HIGH,1,0.7551000118255615,6P58RR7J+H6R8,1158.9,62.4,False
06b5000000000011febc,4.515625,HIGH,1,0.8216999769210815,6P58RRGJ+6988,1158.9,434.3,False
06b500000000002a609b,36.57421875,HIGH,1,0.8659999966621399,6P58RR96+WGJR,1158.9,1701.4,False
06b500000000000bd6e5,5.4375,HIGH,1,0.7842000126838684,6P58RR5F+XW2P,1159.0,98.6,False
06b5000000000008e7e6,6.9140625,HIGH,1,0.7950000166893005,6P58RR77+V4F9,1159.0,157.5,False
06b5000000000025746a,4.3671875,HIGH,1,0.680899977684021,6P58RR59+WR39,1159.1,43.3,False
06b5000000000036dd2a,4.8359375,LOW,1,0.8163999915122986,6P58RR87+236R,1159.1,39.3,False
06b500000000002d9a66,10.140625,HIGH,1,0.8104000091552734,6P58RRJ9+4Q5H,1159.3,148.3,False
06b5000000000022588b,22.8671875,HIGH,1,0.9322999715805054,6P58RRFJ+8RGP,1159.3,1241.9,False
06b5000000000035ba16,6.0234375,HIGH,1,0.7459999918937683,6P58RR77+Q5VQ,1159.4,98.6,False
06b5000000000033b593,4.625,HIGH,1,0.8166999816894531,6P58RRC6+JG58,1159.5,503.4,False
06b5000000000004bb5e,8.3203125,HIGH,1,0.829800009727478,6P58RRJC+6784,1159.5,502.0,False
06b500000000000b7c77,6.5390625,HIGH,1,0.7802000045776367,6P58RRC6+9HM6,1159.5,145.5,False
06b500000000002bb237,4.21875,HIGH,1,0.7739999890327454,6P58RR86+6XCJ,1159.6,18.7,False
06b500000000001cc5c9,8.1328125,HIGH,1,0.7985000014305115,6P58RRF6+WXFQ,1159.7,295.9,False
06b500000000002e744f,3.7734375,LOW,1,0.6679999828338623,6P58RRC6+8HVP,1159.8,23.3,False
06b50000000000148dc3,7.1796875,HIGH,1,0.8971999883651733,6P58RR59+VV4F,1159.8,311.9,False
06b500000000003af5be,6.484375,HIGH,1,0.760200023651123,6P58RRJC+56VQ,1159.8,67.9,False
06b500000000000e43b8,11.018028846153847,HIGH,1,0.8985999822616577,6P58RRGJ+2H9V,1160.0,1142.8,False
06b50000000000344da0,9.703125,HIGH,1,0.8374000191688538,6P58RR68+6R5J,1160.2,488.3,False
06b50000000000226fd1,6.515625,HIGH,1,0.8654999732971191,6P58RR59+VMJ7,1160.4,433.9,False
06b50000000000045fcc,4.5390625,HIGH,1,0.741599977016449,6P58RR86+7WRW,1160.4,42.4,False
06b5000000000008b15e,4.8515625,HIGH,1,0.6978999972343445,6P58RR68+8P9J,1160.4,11.8,False
06b500000000002b8b40,5.0390625,HIGH,1,0.8108000159263611,6P58RR6H+WJ2G,1160.5,43.4,False
06b5000000000000088b,6.796875,HIGH,1,0.7132999897003174,6P58RR77+J6W5,1160.7,230.2,False
06b5000000000024d9ca,14.609375,HIGH,1,0.7900999784469604,6P58RRJ9+2GX2,1160.9,80.6,False
06b50000000000362b53,2.984375,MEDIUM,1,0.782800018787384,6P58RR9J+FWXP,1161.0,95.0,False
06b50000000000046c48,68.6484375,HIGH,1,0.9520000219345093,6P58RR5F+Q7Q9,1161.0,855.8,False
06b500000000000958dc,4.8515625,MEDIUM,1,0.6862999796867371,6P58RR68+8P9M,1161.0,2.6,False
06b5000000000008f3e7,13.7890625,HIGH,1,0.6844000220298767,6P58RRJ9+2HXF,1161.0,30.5,False
06b5000000000025707e,5.9296875,HIGH,1,0.7231000065803528,6P58RR77+P6FP,1161.1,29.4,False
06b50000000000330573,5.484375,HIGH,1,0.769599974155426,6P58RRH8+F8PF,1161.1,143.3,False
06b5000000000033d9dc,8.4921875,HIGH,1,0.8503000140190125,6P58RR8J+HPHG,1161.1,148.6,False
06b50000000000060e80,10.4140625,HIGH,1,0.7540000081062317,6P58RR7H+2P94,1161.1,163.9,False
06b50000000000318409,6.953125,HIGH,1,0.739799976348877,6P58RR68+7QCJ,1161.1,85.4,False
06b500000000001049ed,6.5,HIGH,1,0.7534999847412109,6P58RR59+WQ38,1161.3,59.7,False
06b50000000000067e09,6.171875,HIGH,1,0.836899995803833,6P58RRG7+64VP,1161.4,534.8,False
06b50000000000022511,6.7734375,HIGH,1,0.8019000291824341,6P58RR68+9HG9,1161.6,164.2,False
06b50000000000051d47,5.0234375,MEDIUM,1,0.73089998960495,6P58RR7J+P8MR,1161.6,44.1,False
06b500000000003430cc,7.1171875,HIGH,1,0.701200008392334,6P58RR77+CCG8,1161.6,26.4,False
06b500000000003dc490,7.890625,HIGH,1,0.8080999851226807,6P58RR7J+M7W8,1161.7,54.6,False
06b5000000000034a5f9,1.75,LOW,1,0.7243000268936157,6P58RRG7+H957,1161.9,70.9,False
06b500000000001220f1,8.59375,HIGH,1,0.7347999811172485,6P58RRJC+693X,1162.0,146.2,False
06b50000000000043c4e,4.0390625,HIGH,1,0.7373999953269958,6P58RRG7+5467,1162.0,224.4,False
06b5000000000019b24b,4.03125,HIGH,1,0.8083999752998352,6P58RRC6+FH69,1162.0,96.2,False
06b500000000002b9ba9,6.6875,HIGH,1,0.7574999928474426,6P58RRJC+53GR,1162.1,78.7,False
06b50000000000121eec,5.9140625,HIGH,1,0.7533000111579895,6P58RR77+Q54X,1162.2,82.5,False
06b50000000000354534,2.546875,HIGH,1,0.8482000231742859,6P58RRC6+6GG9,1162.2,123.9,False
06b500000000001adda1,7.5,HIGH,1,0.8353000283241272,6P58RRC6+4GGR,1162.2,586.7,False
06b500000000002b2cf9,6.3046875,HIGH,1,0.7231000065803528,6P58RR77+M6FV,1162.2,255.4,False
06b500000000002e137e,4.125,MEDIUM,1,0.7078999876976013,6P58RRF7+X2G7,1162.8,18.6,False
06b50000000000294a00,8.9609375,HIGH,1,0.890999972820282,6P58RRG7+VJPQ,1162.8,337.7,False
06b500000000001aab54,8.2421875,HIGH,1,0.7730000019073486,6P58RRJ9+4XVH,1162.8,33.2,False
06b5000000000035765f,6.234375,HIGH,1,0.690500020980835,6P58RRJC+5227,1162.9,49.2,False
06b5000000000005154a,33.8671875,HIGH,1,0.8482999801635742,6P58RR6H+WMGP,1162.9,197.8,False
06b500000000003e48a0,,NO_HEIGHT,0,0.6676999926567078,6P58RRHH+G474,1162.9,70.8,False
06b500000000001da19f,5.046875,HIGH,1,0.7914000153541565,6P58RR87+22F2,1163.0,157.4,False
06b5000000000028c091,5.0,HIGH,1,0.8726999759674072,6P58RRH8+9536,1163.1,223.7,False
06b5000000000003e370,5.5,HIGH,1,0.7398999929428101,6P58RR69+3734,1163.2,64.0,False
06b500000000000e0f2f,5.2734375,HIGH,1,0.737500011920929,6P58RR68+7PGP,1163.2,100.4,False
06b5000000000018d744,7.671875,HIGH,1,0.7667999863624573,6P58RRFJ+HMHX,1163.2,290.6,False
06b50000000000202687,6.046875,HIGH,1,0.8335999846458435,6P58RRG7+96WF,1163.3,364.1,False
06b500000000002c16cb,7.9921875,HIGH,1,0.669700026512146,6P58RR7H+3Q85,1163.3,56.7,False
06b50000000000311992,4.15625,HIGH,1,0.7447999715805054,6P58RR6H+J77F,1163.4,20.4,False
06b500000000003f373f,4.4453125,HIGH,1,0.7179999947547913,6P58RRH9+W34M,1163.7,206.0,False
06b50000000000011531,11.0078125,HIGH,1,0.8317999839782715,6P58RRJ9+3HQ3,1163.7,317.3,False
06b50000000000028cd0,5.5078125,HIGH,1,0.8442999720573425,6P58RR86+3X9V,1163.7,140.5,False
06b50000000000155634,7.765625,HIGH,1,0.7013999819755554,6P58RR6G+25Q7,1164.0,37.5,False
06b50000000000393342,6.6640625,HIGH,1,0.840399980545044,6P58RRF6+9P7G,1164.2,309.8,False
06b500000000002c27f1,4.6171875,HIGH,1,0.7335000038146973,6P58RRF6+6PCH,1164.3,54.8,False
06b500000000001ccbdc,4.8828125,HIGH,1,0.6674000024795532,6P58RR7J+P8C5,1164.3,37.7,False
06b50000000000046af5,4.453125,HIGH,1,0.7343000173568726,6P58RRH8+F7HW,1164.3,280.4,False
06b50000000000291bd3,3.3125,LOW,1,0.7597000002861023,6P58RR77+X36G,1164.6,78.5,False
06b5000000000004e9ee,7.8828125,HIGH,1,0.9405999779701233,6P58RRCM+G2Q5,1164.7,836.0,False
06b500000000002e21cd,6.0390625,HIGH,1,0.7605000138282776,6P58RR69+34R3,1164.8,167.9,False
06b500000000002425ae,8.1953125,HIGH,1,0.9233999848365784,6P58RR5F+WV28,1164.8,232.0,False
06b50000000000174825,6.2734375,HIGH,1,0.714900016784668,6P58RR77+9CWF,1164.8,74.4,False
06b50000000000314511,6.2109375,HIGH,1,0.801800012588501,6P58RRC6+7GP5,1164.9,96.7,False
06b50000000000033f16,19.5390625,HIGH,1,0.7778000235557556,6P58RR7H+6XF7,1165.0,175.3,False
06b50000000000035e34,53.6875,HIGH,1,0.8676999807357788,6P58RRH7+3QRJ,1165.0,1376.8,False
06b500000000001b2e98,5.796875,HIGH,1,0.7853999733924866,6P58RR5F+WVQ7,1165.1,44.9,False
06b500000000002f2231,4.1015625,HIGH,1,0.7584999799728394,6P58RR86+8VG6,1165.1,45.0,False
06b500000000001d8ec0,88.7421875,HIGH,1,0.8256000280380249,6P58RR8J+9MG8,1165.3,264.4,False
06b500000000002a5561,4.125,HIGH,1,0.8197000026702881,6P58RRH8+RXR8,1165.3,93.0,False
06b5000000000022136d,6.640625,HIGH,1,0.7369999885559082,6P58RR68+H75H,1165.3,113.5,False
06b5000000000005fc3d,5.7578125,HIGH,1,0.7498000264167786,6P58RR77+P5Q7,1165.4,22.2,False
06b500000000002d5b5b,14.640625,HIGH,1,0.9262999892234802,6P58RR7J+H7WP,1165.5,437.6,False
06b500000000002398f2,6.28515625,LOW,1,0.7488999962806702,6P58RRH8+MJ77,1165.5,71.5,False
06b500000000003460a5,7.0703125,HIGH,1,0.7656000256538391,6P58RR77+J65X,1165.7,113.0,False
06b5000000000003ec62,6.3515625,HIGH,1,0.8428999781608582,6P58RRC6+7G44,1165.7,68.1,False
06b50000000000022cbc,6.4921875,HIGH,1,0.8248999714851379,6P58RRG6+2XQ8,1165.7,509.8,False
06b500000000003aca7e,6.5078125,HIGH,1,0.7531999945640564,6P58RR68+G97C,1165.8,50.6,False
06b500000000003672ba,8.484375,HIGH,1,0.8343999981880188,6P58RRH8+VX99,1165.8,78.5,False
06b500000000002fbac8,21.8203125,HIGH,1,0.6934000253677368,6P58RR6H+XPMW,1165.9,19.3,False
06b500000000004056f0,4.390625,HIGH,1,0.7815999984741211,6P58RR86+6W34,1165.9,170.2,False
06b500000000001bf415,5.5859375,HIGH,1,0.7247999906539917,6P58RR59+WJC5,1166.0,121.5,False
06b500000000000bf057,4.109375,HIGH,1,0.8432999849319458,6P58RRF6+2JX6,1166.0,205.7,False
06b50000000000131501,5.515625,HIGH,1,0.8429999947547913,6P58RR6H+C2Q7,1166.1,156.2,False
06b5000000000015189a,7.703125,HIGH,1,0.7494999766349792,6P58RR77+6GPM,1166.3,134.7,False
06b50000000000243f19,9.5625,HIGH,1,0.8208000063896179,6P58RR6G+8VQP,1166.3,123.4,False
06b500000000003f5f34,6.0625,HIGH,1,0.8134999871253967,6P58RR77+P66C,1166.3,41.6,False
06b500000000003e05e3,5.7421875,HIGH,1,0.8479999899864197,6P58RR59+VR3M,1166.3,223.9,False
06b500000000003b9898,7.2890625,HIGH,1,0.7565000057220459,6P58RR7J+M8J3,1166.4,129.0,False
06b5000000000011cee6,4.7421875,HIGH,1,0.8953999876976013,6P58RR6G+6PW4,1166.6,334.1,False
06b50000000000116066,4.546875,HIGH,1,0.8331000208854675,6P58RRG7+J948,1166.7,224.5,False
06b500000000002d10f0,5.09375,HIGH,1,0.7315000295639038,6P58RRH8+84FG,1166.7,72.0,False
06b500000000002de8d4,8.84375,HIGH,1,0.7996000051498413,6P58RRCJ+7X86,1166.7,60.7,False
06b5000000000032692e,1.4140625,MEDIUM,1,0.7278000116348267,6P58RR6G+38G8,1166.7,45.8,False
06b500000000003bc2f1,5.78125,HIGH,1,0.7997000217437744,6P58RRJC+6544,1166.8,53.6,False
06b5000000000036f90c,5.1171875,HIGH,1,0.8402000069618225,6P58RRG7+75M4,1166.9,127.9,False
06b5000000000006fa82,6.0546875,HIGH,1,0.6656000018119812,6P58RR77+R45P,1166.9,16.0,False
06b500000000001867fa,6.3359375,HIGH,1,0.7717000246047974,6P58RR6G+9W34,1166.9,97.3,False
06b5000000000005d0f5,7.9609375,HIGH,1,0.7994999885559082,6P58RR7J+M78P,1167.0,19.8,False
06b50000000000114a74,3.6640625,HIGH,1,0.7379000186920166,6P58RR86+4W7P,1167.1,301.7,False
06b500000000000e0896,3.546875,HIGH,1,0.6758999824523926,6P58RRC6+MH44,1167.3,11.6,False
06b500000000003a4e67,6.6796875,HIGH,1,0.727400004863739,6P58RRJ9+5X9C,1167.3,78.1,False
06b5000000000020cd70,18.25,HIGH,1,0.8449000120162964,6P58RRFJ+MM33,1167.4,132.2,False
06b5000000000029d6c8,3.484375,HIGH,1,0.766700029373169,6P58RR86+8VMJ,1167.6,43.9,False
06b5000000000038bf70,12.078125,HIGH,1,0.8725000023841858,6P58RR7J+F62V,1167.6,341.9,False
06b5000000000040f741,2.71875,LOW,1,0.7002999782562256,6P58RR7J+H6FP,1167.7,13.3,False
06b500000000000491fd,8.015625,HIGH,1,0.8258000016212463,6P58RRH8+RJ32,1167.7,1332.5,False
06b500000000000c5cb4,6.421875,HIGH,1,0.6832000017166138,6P58RR69+43FP,1167.7,11.6,False
06b50000000000283b53,5.109375,HIGH,1,0.8253999948501587,6P58RRG7+XM56,1167.8,182.2,False
06b5000000000022a2c3,31.596354166666668,HIGH,1,0.835099995136261,6P58RR77+2G47,1167.9,3682.5,True
06b500000000001a1381,3.4765625,HIGH,1,0.7391999959945679,6P58RR9M+W22F,1168.0,74.1,False
06b50000000000127e62,9.5234375,HIGH,1,0.6969000101089478,6P58RRJ9+4PXG,1168.1,102.1,False
06b5000000000012e7ed,9.546875,HIGH,1,0.817799985408783,6P58RRJ9+5Q45,1168.2,296.2,False
06b500000000000de770,5.3359375,HIGH,1,0.833299994468689,6P58RRC6+CG4M,1168.2,327.2,False
06b50000000000106ff3,7.53125,HIGH,1,0.8079000115394592,6P58RR77+9C97,1168.3,43.4,False
06b50000000000170731,13.7890625,HIGH,1,0.8967000246047974,6P58RRF6+WWG3,1168.3,504.3,False
06b500000000000ce718,22.2734375,HIGH,1,0.7275000214576721,6P58RR6H+WPJV,1168.4,94.9,False
06b5000000000027f199,6.4609375,HIGH,1,0.7656999826431274,6P58RR77+G7QQ,1168.7,106.7,False
06b50000000000037fe0,5.234375,HIGH,1,0.8306000232696533,6P58RRG7+533H,1168.7,243.5,False
06b50000000000091640,6.8046875,HIGH,1,0.8626000285148621,6P58RR69+33V2,1168.8,225.6,False
06b5000000000033376e,3.9453125,LOW_RELAXED,1,0.6646000146865845,6P58RR5C+R4C5,1168.9,11.0,False
06b50000000000006435,8.2421875,HIGH,1,0.8058000206947327,6P58RR68+G8J9,1168.9,66.9,False
06b5000000000022ccae,6.7734375,HIGH,1,0.661300003528595,6P58RRJC+6WV7,1169.0,42.6,False
06b5000000000032aaf4,1.75,LOW,1,0.7656999826431274,6P58RRG7+G8QM,1169.1,63.2,False
06b500000000003c4c18,5.390625,HIGH,1,0.7409999966621399,6P58RRH9+W2H4,1169.2,178.1,False
06b500000000002539e1,4.8828125,HIGH,1,0.8027999997138977,6P58RR7J+P8QH,1169.2,60.5,False
06b500000000002b68a1,4.375,HIGH,1,0.7491999864578247,6P58RRC6+JHVP,1169.4,23.3,False
06b500000000003534e0,4.4921875,HIGH,1,0.7465000152587891,6P58RRG7+JCVG,1169.4,106.4,False
06b500000000002429b6,5.03125,HIGH,1,0.777899980545044,6P58RRH8+QQH9,1169.5,46.7,False
06b500000000001831a2,13.5546875,HIGH,1,0.7809000015258789,6P58RRJ9+3GG6,1169.5,127.5,False
06b500000000001a9efb,6.5234375,MEDIUM,1,0.723800003528595,6P58RR69+27GM,1169.6,37.3,False
06b5000000000001ebc4,7.125,HIGH,1,0.8133999705314636,6P58RR77+F85P,1169.7,110.5,False
06b500000000000a760b,7.0703125,HIGH,1,0.7202000021934509,6P58RRJC+7M64,1169.8,130.6,False
06b500000000000fc70a,6.234375,HIGH,1,0.6879000067710876,6P58RRC6+8G4M,1170.0,23.9,False
06b50000000000055224,4.265625,LOW,1,0.7226999998092651,6P58RR6H+C27C,1170.0,14.2,False
06b500000000001ceb97,9.171875,HIGH,1,0.7135000228881836,6P58RR7H+2QQF,1170.0,40.1,False
06b500000000000b60e6,4.3359375,HIGH,1,0.7961000204086304,6P58RRG7+MFJG,1170.0,59.4,False
06b500000000000e9c0a,5.09375,HIGH,1,0.7664999961853027,6P58RRC6+VJRF,1170.1,63.8,False
06b500000000000240e8,4.8515625,HIGH,1,0.8676000237464905,6P58RRCJ+PX38,1170.1,93.7,False
06b500000000003cf6e9,9.40625,HIGH,1,0.8610000014305115,6P58RRJ9+4M67,1170.1,133.9,False
06b5000000000016cfeb,4.9921875,HIGH,1,0.7577000260353088,6P58RR77+X24H,1170.2,74.0,False
06b500000000001efa45,19.25,HIGH,1,0.9207000136375427,6P58RRH7+5V72,1170.2,345.1,False
06b50000000000194c06,6.703125,HIGH,1,0.786300003528595,6P58RR68+9CQC,1170.2,474.7,False
06b500000000000f16bb,4.5859375,HIGH,1,0.745199978351593,6P58RRH8+RWV8,1170.4,90.4,False
06b50000000000383352,6.53125,HIGH,1,0.802299976348877,6P58RR59+VQ42,1170.5,195.8,False
06b5000000000019d86e,10.609375,HIGH,1,0.7908999919891357,6P58RR7J+F53C,1170.6,102.3,False
06b500000000001b61b4,7.125,HIGH,1,0.7537000179290771,6P58RR77+H7J9,1170.6,101.4,False
06b50000000000375b21,3.8828125,MEDIUM,1,0.8632000088691711,6P58RRCJ+CX84,1170.8,67.5,False
06b5000000000023860a,7.6875,HIGH,1,0.8385999798774719,6P58RRCJ+PXR6,1170.8,79.1,False
06b5000000000037fc0b,5.171875,MEDIUM,1,0.66839998960495,6P58RR6G+9X22,1170.9,78.4,False
06b5000000000025510e,3.3671875,HIGH,1,0.7603999972343445,6P58RR86+7VG3,1170.9,39.0,False
06b50000000000308ad1,7.234375,HIGH,1,0.6919000148773193,6P58RR6H+XPHW,1171.0,48.2,False
06b5000000000029fccb,4.5,HIGH,1,0.8011000156402588,6P58RRH8+HCQC,1171.1,121.9,False
06b500000000001f3182,7.421875,HIGH,1,0.8015999794006348,6P58RRJC+69V3,1171.1,151.2,False
06b500000000001ece8c,5.9140625,HIGH,1,0.8396999835968018,6P58RR7J+P892,1171.3,70.5,False
06b500000000002ed192,6.03125,HIGH,1,0.8930000066757202,6P58RRGJ+6F4M,1171.3,963.9,False
06b5000000000024739f,21.5703125,LOW,1,0.6822999715805054,6P58RR5F+RC4H,1171.3,133.2,False
06b50000000000183b84,5.7421875,HIGH,1,0.7006000280380249,6P58RR77+C994,1171.4,41.3,False
06b500000000001e8240,6.6875,HIGH,1,0.6525999903678894,6P58RR59+RWPP,1171.5,34.6,False
06b500000000002ddb15,5.171875,LOW,1,0.7396000027656555,6P58RR77+W3R6,1171.6,11.5,False
06b5000000000006989d,5.7109375,LOW,1,0.8187999725341797,6P58RRFJ+3VVF,1171.6,36.5,False
06b50000000000084d84,6.15625,HIGH,1,0.7480000257492065,6P58RR86+3XMJ,1171.6,43.4,False
06b500000000001aee84,6.0234375,HIGH,1,0.6722999811172485,6P58RR69+42GJ,1171.6,18.8,False
06b50000000000103ee3,3.7578125,MEDIUM,1,0.6791999936103821,6P58RR77+V3P4,1171.6,21.9,False
06b50000000000180b85,6.734375,HIGH,1,0.9093999862670898,6P58RR6H+J962,1171.6,173.8,False
06b500000000003ca0df,2.6171875,LOW,1,0.7756999731063843,6P58RR96+5H56,1171.7,53.8,False
06b500000000001ea76d,11.2734375,HIGH,1,0.6736999750137329,6P58RR7J+72M9,1171.7,42.2,False
06b500000000002ff769,,NO_HEIGHT,0,0.6618000268936157,6P58RR68+M4F7,1171.7,31.7,False
06b5000000000036809c,3.390625,HIGH,1,0.7961999773979187,6P58RRC6+RHGH,1171.8,66.1,False
06b5000000000036e4c0,3.4296875,HIGH,1,0.8507000207901001,6P58RRG7+H88H,1171.9,200.9,False
06b50000000000051a41,5.2421875,HIGH,1,0.7574999928474426,6P58RRG7+959P,1172.1,210.5,False
06b5000000000006926e,6.3125,HIGH,1,0.820900022983551,6P58RR59+VP4R,1172.3,269.8,False
06b50000000000173429,5.0078125,HIGH,1,0.8424999713897705,6P58RR68+9H2M,1172.3,66.8,False
06b5000000000001871a,18.6953125,HIGH,1,0.8313999772071838,6P58RRJF+3XW6,1172.4,67.6,False
06b500000000003b52ea,5.796875,HIGH,1,0.7993999719619751,6P58RR76+XXW9,1172.4,126.3,False
06b500000000000e9cd2,6.7734375,HIGH,1,0.7717999815940857,6P58RRF6+3JPX,1172.6,129.0,False
06b500000000001096fa,4.375,HIGH,1,0.7656999826431274,6P58RR6H+H74R,1172.7,74.5,False
06b500000000002bcfe1,5.328125,HIGH,1,0.805899977684021,6P58RRG7+74HP,1172.7,113.4,False
06b5000000000039cc0f,3.921875,HIGH,1,0.6675999760627747,6P58RR6H+C3WH,1172.8,36.9,False
06b50000000000239ed0,9.15625,HIGH,1,0.8223000168800354,6P58RRH8+QQC3,1173.0,105.7,False
06b5000000000015b196,3.4921875,HIGH,1,0.7803000211715698,6P58RR86+8RXC,1173.0,43.2,False
06b50000000000020020,5.7109375,HIGH,1,0.7893999814987183,6P58RR69+2657,1173.2,169.4,False
06b500000000001ca204,6.71875,HIGH,1,0.8840000033378601,6P58RR5F+WX39,1173.4,295.6,False
06b500000000001a1ee0,6.203125,MEDIUM,1,0.6600000262260437,6P58RR77+6H2C,1173.4,32.6,False
06b50000000000156a30,5.984375,HIGH,1,0.6850000023841858,6P58RR77+C9MH,1173.4,36.8,False
06b500000000002ceebd,6.7578125,HIGH,1,0.760200023651123,6P58RR77+G827,1173.5,74.6,False
06b5000000000002f71f,9.609375,HIGH,1,0.7591000199317932,6P58RRH9+X6WW,1173.5,134.7,False
06b50000000000173ba0,4.8671875,HIGH,1,0.8228999972343445,6P58RRH8+RVPQ,1173.5,86.4,False
06b500000000000c3181,4.4765625,HIGH,1,0.7465999722480774,6P58RRH8+G89X,1173.6,39.4,False
06b50000000000293657,7.0,HIGH,1,0.7703999876976013,6P58RR77+99HQ,1173.6,101.7,False
06b500000000001dcdf3,5.15625,HIGH,1,0.8080999851226807,6P58RRH8+9432,1173.7,64.5,False
06b5000000000037f56f,3.203125,HIGH,1,0.6589000225067139,6P58RR86+9R7F,1173.7,69.2,False
06b5000000000015971b,46.53125,MEDIUM,1,0.7031999826431274,6P58RRJF+7358,1173.7,36.9,False
06b500000000002d9cd2,4.15625,HIGH,1,0.7764999866485596,6P58RRG7+PF6G,1173.8,111.1,False
06b5000000000034df2c,8.0390625,HIGH,1,0.8450999855995178,6P58RRH9+W2FC,1173.8,240.4,False
06b500000000000f24ed,4.296875,HIGH,1,0.767799973487854,6P58RR86+7R92,1173.9,148.7,False
06b500000000001cbbda,4.046875,HIGH,1,0.8033999800682068,6P58RRC6+JGWC,1173.9,103.4,False
06b50000000000156ade,6.8046875,HIGH,1,0.8842999935150146,6P58RR69+32PR,1174.0,158.3,False
06b5000000000019625a,8.75,HIGH,1,0.7809000015258789,6P58RR7H+2R3J,1174.0,307.5,False
06b500000000001d39e2,5.109375,HIGH,1,0.805400013923645,6P58RRC6+XH54,1174.1,129.3,False
06b50000000000181176,4.5546875,HIGH,1,0.7706000208854675,6P58RR86+8V2J,1174.1,52.6,False
06b5000000000000ef61,7.0,HIGH,1,0.78329998254776,6P58RR77+G7VQ,1174.2,89.0,False
06b50000000000045382,6.640625,HIGH,1,0.8047000169754028,6P58RR59+WFJR,1174.2,166.1,False
06b500000000002e3b52,,NO_HEIGHT,0,0.7351999878883362,6P58RR9J+FXGJ,1174.7,11.4,False
06b500000000003a80cf,6.90625,HIGH,1,0.8055999875068665,6P58RRF6+4JV2,1174.8,481.2,False
06b500000000003628c1,8.2734375,HIGH,1,0.7954000234603882,6P58RR68+5QR4,1175.0,436.9,False
06b500000000002a2f88,4.515625,HIGH,1,0.8123999834060669,6P58RR86+6V7G,1175.1,157.2,False
06b5000000000012de5f,5.09375,HIGH,1,0.7872999906539917,6P58RRC6+RHMW,1175.1,91.5,False
06b500000000003c195f,6.484375,HIGH,1,0.8185999989509583,6P58RR7J+M8G9,1175.2,109.1,False
06b50000000000404f0e,3.8046875,HIGH,1,0.8547000288963318,6P58RRC6+GG7V,1175.3,90.2,False
06b500000000003afd9d,1.1796875,LOW_RELAXED,1,0.819100022315979,6P58RR7J+946J,1175.5,14.0,False
06b5000000000031e114,4.171875,MEDIUM,1,0.6633999943733215,6P58RR59+X8QJ,1175.5,20.2,False
06b500000000003d28c8,4.3984375,HIGH,1,0.7793999910354614,6P58RRG7+MCVP,1175.6,183.8,False
06b500000000001cb032,4.2890625,HIGH,1,0.7278000116348267,6P58RRH8+H92X,1175.7,126.9,False
06b5000000000013d35f,3.7578125,MEDIUM,1,0.7263000011444092,6P58RR77+Q4RQ,1175.7,67.8,False
06b500000000003c2827,5.796875,MEDIUM,1,0.7045000195503235,6P58RR69+2745,1175.8,48.2,False
06b500000000001c41a0,3.328125,MEDIUM,1,0.6761000156402588,6P58RRF6+2JC5,1175.9,69.8,False
06b5000000000038b9df,,NO_HEIGHT,0,0.8050000071525574,6P58RR68+M3HP,1175.9,19.6,False
06b500000000002e0647,3.1328125,HIGH,1,0.7179999947547913,6P58RRC6+6FHF,1175.9,74.5,False
06b500000000003bc648,5.4609375,HIGH,1,0.722000002861023,6P58RRG7+WJQV,1176.0,122.1,False
06b5000000000040cafa,9.6484375,HIGH,1,0.7426999807357788,6P58RR77+8CVC,1176.0,102.3,False
06b5000000000032f24e,5.5078125,HIGH,1,0.859000027179718,6P58RRC6+7FQX,1176.0,88.9,False
06b5000000000010f612,3.4765625,LOW,1,0.8675000071525574,6P58RR9M+V2M8,1176.1,58.9,False
06b500000000002631a9,5.84375,HIGH,1,0.7964000105857849,6P58RRG7+F7FC,1176.2,98.8,False
06b500000000002dff27,9.7109375,HIGH,1,0.8895000219345093,6P58RR7J+73M5,1176.3,204.9,False
06b500000000000aebee,4.9375,HIGH,1,0.8083999752998352,6P58RR5F+VWJ7,1176.5,140.8,False
06b5000000000013e529,5.703125,HIGH,1,0.6825000047683716,6P58RRC6+VHP7,1176.5,57.7,False
06b50000000000226895,5.2734375,HIGH,1,0.7993999719619751,6P58RRC6+7F57,1176.5,91.2,False
06b500000000002d2603,4.984375,HIGH,1,0.8191999793052673,6P58RRH8+QQVR,1176.5,196.8,False
06b500000000003aa83e,3.9765625,HIGH,1,0.8199999928474426,6P58RRH8+MHJ5,1176.6,86.3,False
06b50000000000160942,8.9375,HIGH,1,0.7989000082015991,6P58RR68+F7GR,1176.7,500.0,False
06b500000000002452f2,5.1875,HIGH,1,0.7944999933242798,6P58RRCM+52M4,1176.8,45.1,False
06b50000000000348d70,4.4296875,HIGH,1,0.7451000213623047,6P58RR77+V329,1177.0,87.7,False
06b500000000001f11a2,5.7265625,HIGH,1,0.8853999972343445,6P58RRH8+C5CH,1177.2,299.0,False
06b50000000000218420,5.1875,HIGH,1,0.6658999919891357,6P58RR86+3W9H,1177.2,49.0,False
06b5000000000024601f,,NO_HEIGHT,0,0.7282999753952026,6P58RR5C+PC6H,1177.2,307.8,False
06b50000000000083a89,2.1875,LOW,1,0.741100013256073,6P58RRCM+3279,1177.2,24.3,False
06b500000000003eafcc,13.5,HIGH,1,0.8086000084877014,6P58RR6H+WPGH,1177.4,153.3,False
06b500000000002b46c0,6.078125,HIGH,1,0.8385999798774719,6P58RR59+VJ2X,1177.4,225.4,False
06b500000000003302a6,7.4765625,HIGH,1,0.6883999705314636,6P58RR6H+MC3M,1177.5,53.3,False
06b5000000000022d285,,NO_HEIGHT,0,0.7371000051498413,6P58RR9J+FXGQ,1177.6,11.7,False
06b500000000003bd547,,NO_HEIGHT,0,0.7031999826431274,6P58RRGJ+H5J8,1177.9,10.8,False
06b50000000000228a3b,6.1484375,HIGH,1,0.7311999797821045,6P58RR77+C9C2,1177.9,108.0,False
06b5000000000023760d,17.34375,HIGH,1,0.8675000071525574,6P58RRF6+VVGC,1178.0,389.3,False
06b5000000000019fba0,12.2421875,HIGH,1,0.8082000017166138,6P58RRH8+VQ8H,1178.1,1011.0,False
06b500000000003cd26d,5.4921875,HIGH,1,0.6656000018119812,6P58RR6H+RJ2F,1178.3,60.1,False
06b500000000001a0dab,5.203125,HIGH,1,0.7688999772071838,6P58RRC6+CF8F,1178.3,271.2,False
06b500000000002cd08c,40.71875,HIGH,1,0.9241999983787537,6P58RRJF+789V,1178.6,501.1,False
06b500000000003be697,4.9375,HIGH,1,0.8373000025749207,6P58RRF6+8M3G,1178.6,122.3,False
06b500000000003fd94a,5.5,HIGH,1,0.867900013923645,6P58RR6G+6RJC,1178.9,181.1,False
06b500000000002df09f,4.6484375,HIGH,1,0.7724999785423279,6P58RR77+P4PR,1178.9,88.6,False
06b500000000002c8e6c,5.1328125,HIGH,1,0.8047999739646912,6P58RR86+5VHC,1178.9,56.7,False
06b5000000000023e8d1,6.8359375,HIGH,1,0.7756999731063843,6P58RR68+6HW5,1178.9,495.5,False
06b500000000001b10aa,5.109375,MEDIUM,1,0.9002000093460083,6P58RR8J+FQFM,1179.0,104.6,False
06b50000000000328763,4.54296875,HIGH,1,0.6747000217437744,6P58RRC6+FG72,1179.0,24.9,False
06b5000000000031c6d6,5.1328125,HIGH,1,0.8162000179290771,6P58RR68+9G34,1179.1,68.6,False
06b500000000000214a9,11.3515625,HIGH,1,0.8048999905586243,6P58RR77+7CHR,1179.2,249.8,False
06b5000000000025f029,7.9140625,HIGH,1,0.6984000205993652,6P58RR77+99VH,1179.3,22.8,False
06b50000000000369485,23.203125,LOW,1,0.722599983215332,6P58RRJF+7496,1179.3,25.1,False
06b500000000001e9f74,7.1640625,HIGH,1,0.7577999830245972,6P58RRGJ+3G3Q,1179.8,162.7,False
06b5000000000028a6d0,2.2578125,LOW_RELAXED,1,0.6744999885559082,6P58RRHH+H3X8,1179.8,37.6,False
06b500000000001db38f,5.078125,HIGH,1,0.8410000205039978,6P58RRG7+J84C,1179.8,231.4,False
06b50000000000114581,8.8203125,HIGH,1,0.8531000018119812,6P58RR59+VH73,1179.8,328.3,False
06b50000000000242c9b,3.7578125,LOW,1,0.7544000148773193,6P58RR68+4VXP,1180.1,52.3,False
06b500000000000af719,8.6640625,HIGH,1,0.8888000249862671,6P58RRH8+PJWW,1180.1,200.8,False
06b5000000000020e9ab,4.25,HIGH,1,0.6798999905586243,6P58RRH8+94QR,1180.3,22.9,False
06b500000000003320c8,6.71875,HIGH,1,0.7759000062942505,6P58RR86+2XJ3,1180.3,52.0,False
06b500000000001dcfc9,6.6328125,HIGH,1,0.8734999895095825,6P58RRCM+C36M,1180.5,707.0,False
06b5000000000014350b,6.8359375,HIGH,1,0.8654999732971191,6P58RRCM+43H8,1180.5,1254.9,False
06b5000000000036310c,9.2890625,HIGH,1,0.6590999960899353,6P58RR7J+M9M9,1180.6,153.2,False
06b5000000000034df6e,6.59375,HIGH,1,0.821399986743927,6P58RR59+WC35,1180.7,768.8,False
06b5000000000037a482,10.4921875,HIGH,1,0.7415000200271606,6P58RR6H+WQRX,1180.7,37.7,False
06b5000000000030d0e0,4.15625,HIGH,1,0.7914000153541565,6P58RR86+7QP3,1180.8,250.4,False
06b50000000000106697,6.2734375,HIGH,1,0.8402000069618225,6P58RRC6+4FGC,1180.8,242.0,False
06b50000000000168d05,4.390625,HIGH,1,0.817799985408783,6P58RRC6+PG76,1180.9,320.1,False
06b5000000000031257a,29.6265625,HIGH,1,0.816100001335144,6P58RR7J+XM5M,1180.9,4396.6,True
06b500000000000a73e1,5.8984375,HIGH,1,0.8241000175476074,6P58RR68+3XP7,1180.9,193.3,False
06b500000000000674cc,10.6640625,HIGH,1,0.9059000015258789,6P58RR7J+F7CW,1180.9,247.0,False
06b5000000000021f9b8,4.65625,HIGH,1,0.814300000667572,6P58RR96+6G4Q,1181.0,129.1,False
06b500000000003f808a,8.921875,HIGH,1,0.703499972820282,6P58RRH7+6WMH,1181.1,115.0,False
06b500000000003b22f8,4.7421875,MEDIUM,1,0.670799970626831,6P58RRH8+F7MV,1181.1,15.6,False
06b50000000000237459,5.390625,HIGH,1,0.7609999775886536,6P58RR7J+95R6,1181.2,27.0,False
06b500000000001b0370,5.796875,LOW,1,0.7106000185012817,6P58RR59+X7P8,1181.3,31.0,False
06b5000000000040058e,6.640625,HIGH,1,0.7677000164985657,6P58RRF6+3JCR,1181.3,91.2,False
06b500000000003b8df2,6.953125,HIGH,1,0.7815999984741211,6P58RR69+237W,1181.4,660.0,False
06b50000000000129691,5.15625,HIGH,1,0.8514000177383423,6P58RRG7+RF48,1181.5,188.4,False
06b5000000000032a0fd,5.2421875,HIGH,1,0.8083000183105469,6P58RRG7+956J,1181.7,240.7,False
06b500000000003662bb,2.8203125,HIGH,1,0.8450999855995178,6P58RR9M+X2QV,1181.8,54.1,False
06b500000000000bbf55,6.0390625,HIGH,1,0.8519999980926514,6P58RRC6+WG9F,1181.9,441.0,False
06b5000000000020a84e,3.78125,HIGH,1,0.8440999984741211,6P58RR68+9F57,1181.9,91.6,False
06b50000000000238e37,18.078125,HIGH,1,0.8384000062942505,6P58RRJ9+6XRP,1182.0,351.2,False
06b500000000001d6141,4.09375,MEDIUM,1,0.8019000291824341,6P58RRC6+RG5V,1182.1,57.8,False
06b50000000000010cb7,5.3125,HIGH,1,0.7533000111579895,6P58RR86+8QQX,1182.1,86.9,False
06b50000000000228ea3,4.578125,HIGH,1,0.8402000069618225,6P58RRG7+M9PV,1182.1,225.3,False
06b500000000001b3b0a,4.15625,HIGH,1,0.7720000147819519,6P58RR86+7RJ8,1182.4,119.3,False
06b5000000000006b63b,8.5625,HIGH,1,0.8446999788284302,6P58RRCJ+PXGH,1182.7,52.6,False
06b500000000002628f5,7.7734375,HIGH,1,0.8855000138282776,6P58RRH8+WXM6,1183.0,242.5,False
06b5000000000019c9a5,4.0,HIGH,1,0.7480999827384949,6P58RRH8+VWXJ,1183.2,28.7,False
06b500000000002223eb,3.5390625,HIGH,1,0.7560999989509583,6P58RR68+F84X,1183.2,45.7,False
06b500000000003252c5,12.3515625,HIGH,1,0.7718999981880188,6P58RR7J+63P6,1183.4,249.2,False
06b500000000002b7f63,3.78125,HIGH,1,0.7160000205039978,6P58RRC6+HG23,1183.4,29.2,False
06b5000000000008a8a8,4.53125,HIGH,1,0.8202999830245972,6P58RRC6+FF4V,1183.4,118.4,False
06b5000000000034a15e,66.30022527726433,HIGH,1,0.8306999802589417,6P58RR96+C938,1183.5,1685.8,True
06b500000000000d7fd1,6.671875,HIGH,1,0.8919000029563904,6P58RR6H+JF6P,1183.6,453.7,False
06b500000000000f94e7,8.21875,HIGH,1,0.6801000237464905,6P58RR68+6PFM,1183.7,36.7,False
06b5000000000027fe64,12.984375,HIGH,1,0.7396000027656555,6P58RRJG+3572,1183.7,22.2,False
06b500000000001d8f0e,56.484375,LOW,1,0.78329998254776,6P58RRCJ+RX46,1183.7,54.4,False
06b5000000000010d443,8.5234375,HIGH,1,0.8084999918937683,6P58RR5C+P4WG,1183.8,53.1,False
06b500000000003316d9,3.4921875,MEDIUM,1,0.6703000068664551,6P58RRH8+F62M,1183.9,21.0,False
06b500000000003cbb86,2.5078125,LOW,1,0.73580002784729,6P58RR59+RR8J,1184.1,31.3,False
06b5000000000031fef3,6.5703125,HIGH,1,0.8080000281333923,6P58RRH8+PG65,1184.1,511.3,False
06b5000000000003248c,4.8046875,HIGH,1,0.7961999773979187,6P58RR6H+VP3G,1184.1,267.6,False
06b5000000000006636a,7.90625,HIGH,1,0.8327999711036682,6P58RR5G+W8X4,1184.2,464.4,False
06b5000000000008b2de,9.03125,HIGH,1,0.6934999823570251,6P58RR77+6FGH,1184.2,30.4,False
06b5000000000010998a,5.1953125,HIGH,1,0.808899998664856,6P58RRH7+2J46,1184.2,461.1,False
06b500000000003179cf,,NO_HEIGHT,0,0.7775999903678894,6P58RRJG+355G,1184.3,37.0,False
06b5000000000006b48d,29.7265625,HIGH,1,0.7455000281333923,6P58RRJF+74WH,1184.3,98.2,False
06b5000000000021450c,5.75,HIGH,1,0.8098999857902527,6P58RRG7+629W,1184.4,207.8,False
06b50000000000002399,4.3984375,HIGH,1,0.7452999949455261,6P58RR77+M4X2,1184.4,47.3,False
06b5000000000033861e,61.40625,HIGH,1,0.7512000203132629,6P58RRCJ+RXPQ,1184.7,144.1,False
06b5000000000000acf0,5.171875,HIGH,1,0.8263000249862671,6P58RRC6+RGPX,1184.8,91.1,False
06b500000000000d1cdb,7.5078125,HIGH,1,0.7447999715805054,6P58RRCJ+PXXR,1184.9,49.7,False
06b500000000002c49ab,5.2890625,HIGH,1,0.7264999747276306,6P58RR86+6RHM,1184.9,47.7,False
06b50000000000231efc,5.3515625,HIGH,1,0.7760999798774719,6P58RRG7+C5CW,1185.1,417.0,False
06b500000000003ee2e1,3.9375,HIGH,1,0.8167999982833862,6P58RRC6+GF4X,1185.1,125.2,False
06b5000000000016e570,7.1640625,HIGH,1,0.8090000152587891,6P58RR5C+P4R7,1185.3,141.8,False
06b500000000002ac597,7.890625,HIGH,1,0.6549000144004822,6P58RRG6+3XGG,1185.5,30.2,False
06b500000000003f532e,2.5078125,LOW,1,0.6812000274658203,6P58RR59+RQH5,1185.5,11.9,False
06b500000000001b7442,14.28125,HIGH,1,0.8040000200271606,6P58RRJG+646R,1185.6,770.9,True
06b50000000000308ee1,5.359375,HIGH,1,0.8532000184059143,6P58RRG7+VHR6,1185.7,122.3,False
06b50000000000079eba,42.890625,HIGH,1,0.6556000113487244,6P58RRJF+7C7H,1185.7,122.8,False
06b5000000000026b6e8,8.5078125,HIGH,1,0.7394999861717224,6P58RRJ9+5QV5,1185.8,78.0,False
06b50000000000384760,3.8671875,HIGH,1,0.8361999988555908,6P58RRH8+G642,1186.0,110.7,False
06b5000000000023d41f,6.890625,HIGH,1,0.8248999714851379,6P58RR68+7GWX,1186.0,200.3,False
06b5000000000030a64e,3.6875,HIGH,1,0.6532999873161316,6P58RR86+4VX2,1186.0,12.4,False
06b500000000002f48ab,3.71875,HIGH,1,0.8497999906539917,6P58RR6H+H9PH,1186.0,108.6,False
06b50000000000300589,17.2265625,HIGH,1,0.8725000023841858,6P58RRJF+4XQ7,1186.2,42.8,False
06b500000000002a2fda,6.8359375,HIGH,1,0.6614000201225281,6P58RR5C+Q2C7,1186.2,26.4,False
06b500000000001515fb,7.59375,HIGH,1,0.8626999855041504,6P58RR68+3W89,1186.2,573.1,False
06b5000000000015654b,4.3671875,HIGH,1,0.8079000115394592,6P58RR6H+G746,1186.3,81.7,False
06b5000000000020165b,5.8203125,HIGH,1,0.7753999829292297,6P58RR77+P4C4,1186.4,72.0,False
06b5000000000008091a,2.1171875,MEDIUM,1,0.6514999866485596,6P58RRG7+H75C,1186.5,14.6,False
06b500000000002bb57f,7.7890625,HIGH,1,0.6726999878883362,6P58RRH8+WW6H,1186.6,100.0,False
06b500000000002459cb,7.65625,HIGH,1,0.821399986743927,6P58RR6H+WQQH,1186.6,235.9,False
06b5000000000002fd17,4.6015625,HIGH,1,0.6722000241279602,6P58RR77+M52R,1186.7,35.9,False
06b500000000003e6178,6.8359375,HIGH,1,0.7397000193595886,6P58RRG7+52PG,1186.8,87.9,False
06b50000000000003a06,3.265625,HIGH,1,0.65420001745224,6P58RR86+7RF9,1186.8,11.3,False
06b500000000001fb0d5,,NO_HEIGHT,0,0.9236999750137329,6P58RR5C+PX3F,1186.9,324.7,False
06b500000000000e397a,5.4375,HIGH,1,0.7139000296592712,6P58RR77+H5QW,1187.0,47.8,False
06b500000000003f3917,4.9921875,HIGH,1,0.7206000089645386,6P58RRH8+VVVV,1187.1,76.2,False
06b500000000000edcb0,4.4296875,HIGH,1,0.7581999897956848,6P58RRC6+7FCQ,1187.1,64.3,False
06b5000000000002ed52,5.03125,HIGH,1,0.7443000078201294,6P58RR77+J5R9,1187.2,29.3,False
06b5000000000030ca54,6.8515625,HIGH,1,0.7700999975204468,6P58RRG6+2WP8,1187.3,211.8,False
06b5000000000026ca08,5.4453125,HIGH,1,0.8927000164985657,6P58RRH8+H73G,1187.3,189.9,False
06b500000000001b32c1,4.8671875,LOW_RELAXED,1,0.7940000295639038,6P58RR6H+PHV2,1187.5,24.3,False
06b5000000000037bd58,2.3359375,HIGH,1,0.6535000205039978,6P58RR86+WH7Q,1187.5,206.9,False
06b500000000000aa046,11.125,HIGH,1,0.7102000117301941,6P58RRCM+3426,1187.6,173.4,False
06b500000000002e4bb0,7.9296875,HIGH,1,0.8654999732971191,6P58RR59+V8XM,1187.6,204.8,False
06b500000000002a1391,7.109375,HIGH,1,0.766700029373169,6P58RRJC+8843,1187.9,171.3,False
06b5000000000032ee8e,5.6953125,HIGH,1,0.7404000163078308,6P58RR6G+5QJ3,1187.9,114.3,False
06b500000000000a1239,6.6953125,HIGH,1,0.8001999855041504,6P58RR5C+P2WQ,1187.9,111.1,False
06b500000000002aa471,13.0234375,HIGH,1,0.9246000051498413,6P58RR9M+X3XP,1188.0,544.7,False
06b50000000000255db9,6.296875,HIGH,1,0.7836999893188477,6P58RR6H+QJ3J,1188.1,146.5,False
06b50000000000362513,12.9453125,HIGH,1,0.8054999709129333,6P58RRFJ+3XVJ,1188.1,297.1,False
06b50000000000261830,17.609375,HIGH,1,0.958299994468689,6P58RRHH+P42F,1188.5,1140.2,False
06b500000000003657df,6.8046875,HIGH,1,0.7955999970436096,6P58RR77+C876,1188.6,159.2,False
06b500000000000edf77,4.09375,MEDIUM,1,0.7437000274658203,6P58RR6H+H969,1188.6,45.5,False
06b5000000000031c23e,10.015625,HIGH,1,0.9422000050544739,6P58RRJF+7R9C,1188.7,1236.1,False
06b5000000000025201e,2.171875,LOW,1,0.8203999996185303,6P58RRH8+MF36,1188.8,19.5,False
06b500000000000384f3,7.609375,HIGH,1,0.7511000037193298,6P58RRH8+WV9M,1189.0,78.9,False
06b50000000000343663,4.28125,MEDIUM,1,0.6604999899864197,6P58RRG7+J8QV,1189.0,28.1,False
06b500000000003a8970,5.609375,HIGH,1,0.703499972820282,6P58RR7J+PC2Q,1189.0,50.0,False
06b50000000000117000,8.6171875,HIGH,1,0.7437999844551086,6P58RR7J+856C,1189.1,119.8,False
06b500000000000b2490,5.3359375,HIGH,1,0.8910999894142151,6P58RR6H+F64G,1189.3,144.3,False
06b50000000000125dbc,4.515625,HIGH,1,0.8084999918937683,6P58RRC6+JF28,1189.3,167.9,False
06b50000000000049e9c,4.1953125,MEDIUM,1,0.853600025177002,6P58RRC6+HFCF,1189.7,149.2,False
06b500000000001227c6,9.5703125,HIGH,1,0.8447999954223633,6P58RRF6+GM9X,1189.8,156.3,False
06b5000000000022e16d,,NO_HEIGHT,0,0.7117999792098999,6P58RR86+PJ5F,1189.9,55.0,False
06b5000000000021adce,5.53125,HIGH,1,0.7113999724388123,6P58RR6H+93HR,1189.9,35.7,False
06b5000000000024765e,4.078125,HIGH,1,0.7906000018119812,6P58RRC6+9FJW,1190.0,83.3,False
06b500000000001ac469,4.671875,HIGH,1,0.8199999928474426,6P58RR5C+P54P,1190.1,165.2,False
06b500000000000d2c86,2.8046875,LOW,1,0.7603999972343445,6P58RR59+X5HW,1190.1,53.5,False
06b500000000000b1492,5.0703125,HIGH,1,0.8313999772071838,6P58RR6H+G83C,1190.2,136.4,False
06b5000000000011e563,6.9375,HIGH,1,0.70169997215271,6P58RRH8+WV4R,1190.3,59.2,False
06b50000000000399fe2,8.7421875,HIGH,1,0.8349999785423279,6P58RRGJ+3H7V,1190.3,176.7,False
06b50000000000216d02,,NO_HEIGHT,0,0.7828999757766724,6P58RR9M+W3PJ,1190.4,63.7,False
06b500000000001e3a5d,7.875,HIGH,1,0.8392000198364258,6P58RRF6+7H45,1190.8,424.2,False
06b50000000000100e01,2.953125,HIGH,1,0.7105000019073486,6P58RR86+4VMR,1191.0,51.4,False
06b5000000000001bbc8,13.6328125,HIGH,1,0.8568000197410583,6P58RRH7+6RG9,1191.2,288.3,False
06b5000000000012da2f,8.546875,HIGH,1,0.8945000171661377,6P58RR77+M25M,1191.4,523.2,False
06b500000000002cb5c8,4.0625,HIGH,1,0.7939000129699707,6P58RRH8+RG9X,1191.4,533.7,False
06b50000000000234229,5.3671875,HIGH,1,0.7468000054359436,6P58RR76+VXGF,1191.4,179.9,False
06b500000000000de480,4.1953125,HIGH,1,0.7418000102043152,6P58RRG7+QCQJ,1191.5,71.0,False
06b50000000000405601,5.5625,HIGH,1,0.8177000284194946,6P58RRC6+GC4P,1191.6,425.2,False
06b500000000000431ba,6.4296875,HIGH,1,0.7961999773979187,6P58RR77+6F6F,1191.7,30.4,False
06b500000000003d831f,5.46875,HIGH,1,0.8374000191688538,6P58RRG7+733J,1191.7,48.2,False
06b500000000001f86a6,7.84375,HIGH,1,0.8324000239372253,6P58RR59+W8F2,1191.8,87.5,False
06b5000000000039cb75,6.1328125,HIGH,1,0.7784000039100647,6P58RR77+G56P,1191.9,469.4,False
06b500000000001ba90d,5.2890625,HIGH,1,0.8586999773979187,6P58RRH8+F4Q4,1191.9,295.1,False
06b5000000000032b015,,NO_HEIGHT,0,0.7129999995231628,6P58RR5F+M3WC,1192.1,16.3,False
06b500000000000c4c9d,8.7421875,HIGH,1,0.8027999997138977,6P58RRH8+QJXR,1192.5,179.5,False
06b50000000000093137,6.109375,HIGH,1,0.6668999791145325,6P58RR5C+P3M9,1192.8,28.8,False
06b500000000001da1b7,5.6640625,HIGH,1,0.869700014591217,6P58RRG7+J8R2,1192.9,170.0,False
06b5000000000026af90,3.828125,HIGH,1,0.7498000264167786,6P58RR86+8Q2X,1193.0,114.8,False
06b5000000000025b60f,4.7890625,HIGH,1,0.7789000272750854,6P58RRC6+MF3R,1193.0,331.4,False
06b5000000000019b5b8,5.40625,MEDIUM,1,0.8363000154495239,6P58RR68+4V8M,1193.1,3.1,False
06b500000000002269b3,4.28125,HIGH,1,0.7742999792098999,6P58RR86+6R3M,1193.1,46.0,False
06b50000000000242c96,4.265625,MEDIUM,1,0.7749999761581421,6P58RR59+QVGH,1193.1,3.2,False
06b5000000000037915a,7.2734375,HIGH,1,0.6525999903678894,6P58RRH8+XX5Q,1193.2,20.5,False
06b5000000000010cd2c,5.09375,MEDIUM,1,0.6769000291824341,6P58RR6H+F7C5,1193.4,40.2,False
06b5000000000024174a,0.984375,MEDIUM,1,0.7239000201225281,6P58RRF6+3HCG,1193.4,72.2,False
06b500000000000e321d,6.2890625,HIGH,1,0.6674000024795532,6P58RRFJ+JQVQ,1193.5,88.8,False
06b500000000000a0178,5.296875,HIGH,1,0.8277000188827515,6P58RRC6+RFX7,1193.6,357.6,False
06b50000000000159850,4.4921875,MEDIUM,1,0.6805999875068665,6P58RRH8+MFV7,1193.6,44.2,False
06b500000000002aac9c,5.90625,HIGH,1,0.7646999955177307,6P58RR77+J52V,1193.6,56.6,False
06b500000000001c7707,9.140625,HIGH,1,0.7135999798774719,6P58RRG6+2VP5,1193.8,272.4,False
06b5000000000009ecd3,12.2890625,HIGH,1,0.7282000184059143,6P58RR77+984X,1193.9,37.3,False
06b500000000001f61fe,5.3828125,HIGH,1,0.7628999948501587,6P58RR76+XW6V,1193.9,231.7,False
06b5000000000039df3f,5.8984375,HIGH,1,0.7847999930381775,6P58RR86+3V5C,1194.0,45.5,False
06b500000000001ad837,4.53125,HIGH,1,0.6679999828338623,6P58RR6G+6VC9,1194.2,32.4,False
06b500000000002a7ffe,4.9140625,HIGH,1,0.7901999950408936,6P58RR96+RCM9,1194.3,112.7,False
06b500000000001c98a1,6.7109375,HIGH,1,0.8014000058174133,6P58RR77+G63G,1194.3,120.1,False
06b5000000000040e798,,NO_HEIGHT,0,0.6660000085830688,6P58RRHG+QVRF,1194.3,21.9,False
06b500000000000b61ab,4.96875,HIGH,1,0.8432999849319458,6P58RRG7+WGGH,1194.4,130.2,False
06b5000000000040c801,6.4375,HIGH,1,0.8048999905586243,6P58RR59+W74F,1194.4,123.3,False
06b500000000002da68f,18.9140625,HIGH,1,0.9293000102043152,6P58RRJG+38P8,1194.5,546.8,False
06b50000000000154470,5.4453125,HIGH,1,0.805899977684021,6P58RRF6+9J4C,1194.5,111.5,False
06b500000000002dad31,8.8828125,HIGH,1,0.8815000057220459,6P58RRF6+HMPX,1194.7,454.8,False
06b500000000003efacc,10.5390625,HIGH,1,0.8582000136375427,6P58RRCM+Q683,1194.7,1702.7,True
06b5000000000020f207,3.015625,HIGH,1,0.8041999936103821,6P58RR86+5RGV,1194.7,55.1,False
06b500000000001dc5ce,6.9609375,HIGH,1,0.6687999963760376,6P58RRH8+C4VH,1194.7,32.1,False
06b5000000000027087c,6.5,HIGH,1,0.8313000202178955,6P58RR59+RF6C,1194.8,799.7,False
06b500000000003db22a,7.515625,HIGH,1,0.6725000143051147,6P58RR77+F72H,1195.1,41.0,False
06b5000000000040ba9f,4.25,HIGH,1,0.7315999865531921,6P58RR86+HJG4,1195.2,650.2,False
06b500000000001febc3,2.3671875,HIGH,1,0.8147000074386597,6P58RR6H+H95M,1195.3,43.9,False
06b50000000000338124,4.3671875,HIGH,1,0.7598999738693237,6P58RR86+8QJW,1195.3,38.8,False
06b50000000000152f00,5.3671875,HIGH,1,0.7426000237464905,6P58RR77+P3CF,1195.4,212.0,False
06b500000000001b33bf,5.5625,HIGH,1,0.8770999908447266,6P58RR96+H9VF,1195.4,890.5,False
06b50000000000213b10,18.03125,HIGH,1,0.9101999998092651,6P58RR96+7CJQ,1195.5,1759.9,False
06b500000000001e6db1,6.25,MEDIUM,1,0.7802000045776367,6P58RRF6+4H78,1195.6,20.2,False
06b50000000000238278,3.9921875,HIGH,1,0.8282999992370605,6P58RR5C+M4XV,1195.7,124.0,False
06b500000000003fe475,5.3984375,HIGH,1,0.8131999969482422,6P58RRG7+M8W5,1195.7,102.7,False
06b5000000000011c575,7.765625,HIGH,1,0.7200999855995178,6P58RR77+C792,1195.7,61.5,False
06b50000000000281cee,6.1484375,HIGH,1,0.7113999724388123,6P58RR68+6J75,1195.7,89.6,False
06b5000000000009bd12,9.4140625,HIGH,1,0.6608999967575073,6P58RR7J+85PM,1195.7,45.5,False
06b5000000000016a1d4,5.140625,LOW,1,0.7480000257492065,6P58RR9J+4XHH,1195.8,15.2,False
06b5000000000025906a,7.390625,HIGH,1,0.8014000058174133,6P58RR68+3VFM,1196.0,156.6,False
06b500000000002afa97,0.796875,HIGH,1,0.8029000163078308,6P58RR6H+HCG7,1196.0,96.3,False
06b500000000000c1533,5.109375,HIGH,1,0.8575999736785889,6P58RRG7+7244,1196.0,100.4,False
06b5000000000029accb,4.7421875,HIGH,1,0.826200008392334,6P58RRC6+PFMW,1196.2,180.6,False
06b500000000001726c0,29.578125,HIGH,1,0.6801999807357788,6P58RRFJ+WM8W,1196.3,543.9,False
06b500000000001a1b91,7.7109375,HIGH,1,0.8064000010490417,6P58RR7J+H936,1196.4,141.6,False
06b500000000000369ff,4.3125,HIGH,1,0.8321999907493591,6P58RRG7+72Q6,1196.4,183.0,False
06b50000000000331b00,5.390625,HIGH,1,0.689300000667572,6P58RRH8+WVC6,1196.6,44.5,False
06b50000000000137943,17.7109375,HIGH,1,0.8679999709129333,6P58RRF6+WRHQ,1196.7,134.6,False
06b50000000000223458,8.46875,MEDIUM,1,0.7028999924659729,6P58RR77+97HH,1196.7,54.2,False
06b5000000000036509c,7.4375,HIGH,1,0.6715999841690063,6P58RRF6+FM64,1196.8,116.2,False
06b5000000000003440d,6.8125,HIGH,1,0.7159000039100647,6P58RRJC+88HC,1196.9,66.5,False
06b5000000000021c42b,4.578125,HIGH,1,0.7687000036239624,6P58RRC6+FC4Q,1196.9,82.7,False
06b50000000000062f07,7.265625,HIGH,1,0.9129999876022339,6P58RR96+V9R4,1197.0,782.6,False
06b5000000000031072f,39.2265625,HIGH,1,0.8845999836921692,6P58RRJF+89F6,1197.1,246.1,False
06b50000000000087db0,4.7109375,HIGH,1,0.7275999784469604,6P58RR5C+M4RM,1197.2,119.6,False
06b5000000000008a522,2.140625,LOW,1,0.6922000050544739,6P58RRH8+MC2M,1197.3,25.9,False
06b500000000002e5237,9.046875,HIGH,1,0.8988999724388123,6P58RR67+HXQV,1197.4,642.2,False
06b50000000000122087,10.5234375,HIGH,1,0.9199000000953674,6P58RR9M+Q4WF,1197.5,535.7,False
06b50000000000407a94,7.140625,HIGH,1,0.7806000113487244,6P58RRH8+J83M,1197.8,47.6,False
06b5000000000018b680,17.109375,HIGH,1,0.8327999711036682,6P58RR5F+PJ7P,1197.9,586.3,False
06b50000000000140c20,8.161458333333334,HIGH,1,0.8870000243186951,6P58RRC6+38V5,1198.0,1634.9,False
06b50000000000333fd1,10.8046875,HIGH,1,0.6707000136375427,6P58RRJC+84H4,1198.0,48.8,False
06b500000000001f4210,5.703125,HIGH,1,0.8238999843597412,6P58RR68+88XR,1198.2,459.0,False
06b500000000001ac676,2.71875,LOW,1,0.7348999977111816,6P58RRC6+8CWF,1198.2,11.8,False
06b5000000000016fde6,9.8125,HIGH,1,0.9610000252723694,6P58RR96+Q9CQ,1198.3,716.0,False
06b500000000000a215b,10.3515625,HIGH,1,0.7939000129699707,6P58RRJC+85F6,1198.3,74.5,False
06b5000000000009c120,4.53125,HIGH,1,0.7746000289916992,6P58RRG7+RC8M,1198.3,88.7,False
06b500000000000e385b,4.25,MEDIUM,1,0.8264999985694885,6P58RR86+FJQH,1198.5,127.9,False
06b500000000002f2b42,16.8515625,MEDIUM,1,0.7297000288963318,6P58RR77+3GV2,1198.6,88.5,False
06b50000000000154681,10.0234375,HIGH,1,0.6514000296592712,6P58RRFJ+QPP3,1198.8,52.5,False
06b500000000000a2805,13.71875,HIGH,1,0.7480999827384949,6P58RRF6+XVMR,1198.8,202.6,False
06b500000000000fcbb0,10.466145833333334,HIGH,1,0.8521000146865845,6P58RRGJ+V745,1198.8,2856.6,True
06b5000000000001e395,4.46875,HIGH,1,0.8700000047683716,6P58RRC6+9CCH,1198.9,210.8,False
06b5000000000005d028,,NO_HEIGHT,0,0.7493000030517578,6P58RR5F+M3GC,1198.9,13.3,False
06b5000000000038bee7,5.203125,HIGH,1,0.8098999857902527,6P58RRG7+Q9X7,1198.9,149.3,False
06b500000000002d3adc,6.15625,HIGH,1,0.7569000124931335,6P58RR59+W652,1198.9,71.5,False
06b5000000000014590b,7.6875,HIGH,1,0.8367000222206116,6P58RR59+PQXC,1199.0,387.3,False
06b50000000000110bab,7.5546875,HIGH,1,0.7723000049591064,6P58RR68+6GWM,1199.0,172.0,False
06b5000000000028cdb4,9.4375,HIGH,1,0.8682000041007996,6P58RRG6+4WW8,1199.0,392.9,False
06b50000000000261a97,26.9140625,HIGH,1,0.8361999988555908,6P58RR5F+PQQP,1199.0,721.1,False
06b50000000000342ad4,2.9609375,HIGH,1,0.711899995803833,6P58RRG7+H6HV,1199.1,71.1,False
06b500000000003db994,5.65625,HIGH,1,0.7462000250816345,6P58RR77+H4WP,1199.3,93.6,False
06b500000000000cdd32,3.6875,HIGH,1,0.7371000051498413,6P58RR86+2V5G,1199.5,25.4,False
06b5000000000032dd5f,5.1875,HIGH,1,0.6535000205039978,6P58RR76+RXQF,1199.5,17.9,False
06b5000000000035deda,7.828125,HIGH,1,0.8870000243186951,6P58RR7J+C7HR,1199.6,330.7,False
06b500000000002eaf86,4.8828125,HIGH,1,0.7778000235557556,6P58RRC6+WF6Q,1199.6,395.2,False
06b500000000002a3d9c,7.109375,HIGH,1,0.8277999758720398,6P58RR68+2Q9H,1200.0,830.8,False
06b500000000003ada81,6.0078125,HIGH,1,0.8812000155448914,6P58RRG7+VFMF,1200.1,182.2,False
06b500000000002c57a7,7.046875,HIGH,1,0.8044999837875366,6P58RR5C+M6GF,1200.5,67.6,False
06b5000000000036b490,8.8671875,HIGH,1,0.7652000188827515,6P58RRJC+87R9,1200.5,47.2,False
06b500000000003e6870,9.5546875,HIGH,1,0.8574000000953674,6P58RR5F+QV4P,1200.6,314.8,False
06b5000000000025ecb5,3.6015625,LOW_RELAXED,1,0.7886999845504761,6P58RR8J+9Q5H,1200.6,87.7,False
06b500000000003dc2e4,4.6015625,HIGH,1,0.8654999732971191,6P58RRCM+54W2,1200.6,128.4,False
06b500000000002c4165,3.9140625,LOW,1,0.6991999745368958,6P58RR59+RH7P,1200.7,43.1,False
06b500000000000cf42a,10.8984375,HIGH,1,0.8233000040054321,6P58RR96+F9V6,1200.9,592.7,False
06b500000000003c601a,6.59375,HIGH,1,0.8014000058174133,6P58RR59+W624,1201.0,270.5,False
06b500000000002cd4b4,9.5546875,HIGH,1,0.8424999713897705,6P58RRJC+85P9,1201.0,97.7,False
06b500000000000035f3,4.3359375,HIGH,1,0.7222999930381775,6P58RR86+8P4V,1201.0,114.1,False
06b500000000003263cb,4.59375,HIGH,1,0.7746999859809875,6P58RRJC+984J,1201.2,334.0,False
06b500000000002d592d,4.7578125,HIGH,1,0.7037000060081482,6P58RR86+4R3P,1201.3,142.7,False
06b5000000000006fc86,9.0234375,HIGH,1,0.8098000288009644,6P58RRJC+86MV,1201.6,96.5,False
06b500000000001f32e2,6.59375,HIGH,1,0.6574000120162964,6P58RR68+4R6C,1201.7,14.3,False
06b50000000000349187,5.5546875,HIGH,1,0.7016000151634216,6P58RR86+3V23,1201.7,50.9,False
06b5000000000040dd9c,20.953125,HIGH,1,0.654699981212616,6P58RR77+9759,1202.0,23.5,False
06b500000000003d5544,5.15625,HIGH,1,0.880299985408783,6P58RR6H+62JC,1202.0,295.5,False
06b5000000000036cef5,14.7421875,HIGH,1,0.8659999966621399,6P58RR8J+QWHQ,1202.2,97.9,False
06b50000000000221b9a,8.8671875,HIGH,1,0.7822999954223633,6P58RRJC+86XF,1202.3,58.1,False
06b50000000000094042,5.5390625,HIGH,1,0.7727000117301941,6P58RR86+3RHP,1202.4,63.7,False
06b50000000000019735,5.6953125,HIGH,1,0.6983000040054321,6P58RR76+XVQP,1202.6,23.4,False
06b5000000000021dd3b,24.125,HIGH,1,0.678600013256073,6P58RR77+8826,1202.7,225.0,False
06b500000000001102a6,5.84375,HIGH,1,0.6700999736785889,6P58RR77+H49V,1202.7,19.5,False
06b50000000000251d11,4.53125,HIGH,1,0.8471999764442444,6P58RR5C+M2PW,1202.7,138.1,False
06b500000000003b3530,7.890625,HIGH,1,0.746999979019165,6P58RR7J+JCPM,1202.7,71.9,False
06b500000000000b913d,2.5625,HIGH,1,0.8277999758720398,6P58RRF6+2G62,1202.7,149.7,False
06b500000000000486f4,4.125,HIGH,1,0.7322999835014343,6P58RRG7+J7MH,1202.8,25.5,False
06b500000000001e7da5,7.546875,HIGH,1,0.7929999828338623,6P58RR59+PPVJ,1203.0,191.7,False
06b500000000003c5840,4.578125,HIGH,1,0.8199999928474426,6P58RRH8+G56J,1203.0,112.0,False
06b500000000003bab95,7.5859375,HIGH,1,0.7613000273704529,6P58RRJC+9735,1203.1,51.8,False
06b500000000000187e0,7.6640625,HIGH,1,0.7215999960899353,6P58RRH8+WR6X,1203.4,33.6,False
06b500000000001d85c7,5.8359375,HIGH,1,0.6699000000953674,6P58RRG7+XHCJ,1203.4,53.9,False
06b500000000000c75bb,5.9921875,HIGH,1,0.8292999863624573,6P58RR86+2V35,1203.4,75.3,False
06b500000000003ae164,6.0390625,HIGH,1,0.7623999714851379,6P58RRG7+93JF,1203.5,364.2,False
06b5000000000029f3c0,5.453125,HIGH,1,0.8248999714851379,6P58RRG7+M7PH,1203.7,202.1,False
06b5000000000038da32,5.5625,HIGH,1,0.8202000260353088,6P58RRC6+MCGJ,1203.8,197.8,False
06b50000000000145fdd,4.5859375,HIGH,1,0.8513000011444092,6P58RRC6+CCJJ,1203.9,97.6,False
06b50000000000202958,5.4375,HIGH,1,0.7436000108718872,6P58RR76+VVWP,1203.9,497.5,False
06b5000000000007b5d1,5.40625,HIGH,1,0.6697999835014343,6P58RRF6+FJ88,1203.9,83.5,False
06b50000000000058717,4.3046875,LOW,1,0.7142000198364258,6P58RR6H+VRVG,1203.9,69.2,False
06b500000000003f1e3b,4.125,HIGH,1,0.7849000096321106,6P58RRG7+J7M2,1204.0,24.5,False
06b5000000000008abc2,5.2109375,HIGH,1,0.7766000032424927,6P58RR76+RX24,1204.0,284.4,False
06b5000000000032f919,16.3984375,HIGH,1,0.7336000204086304,6P58RRJ9+7WX7,1204.0,101.0,False
06b5000000000021281d,6.0625,HIGH,1,0.6898999810218811,6P58RRFJ+PQR4,1204.1,25.5,False
06b50000000000311115,5.1953125,HIGH,1,0.8044000267982483,6P58RR59+MXRH,1204.3,147.4,False
06b500000000001894a8,11.8359375,HIGH,1,0.8098000288009644,6P58RR6G+2G72,1204.3,22.8,False
06b500000000000a3aab,4.6875,HIGH,1,0.8197000026702881,6P58RRG7+VC78,1204.3,253.6,False
06b500000000001ecded,5.2578125,HIGH,1,0.67330002784729,6P58RRFJ+MQ9V,1204.4,161.0,False
06b500000000001f49fc,0.8046875,MEDIUM,1,0.7229999899864197,6P58RR6H+HF72,1204.4,105.9,False
06b500000000002870f1,4.40625,HIGH,1,0.8159999847412109,6P58RR6H+F838,1204.4,80.4,False
06b500000000004051a7,4.1171875,HIGH,1,0.8147000074386597,6P58RRH8+F3P8,1204.5,139.2,False
06b500000000004073cb,7.15625,MEDIUM,1,0.7505000233650208,6P58RR7J+8556,1204.6,30.7,False
06b500000000002c4353,7.2109375,HIGH,1,0.7817000150680542,6P58RR96+R9PC,1204.9,136.9,False
06b50000000000201d47,6.4453125,HIGH,1,0.8381999731063843,6P58RR68+3QQ8,1204.9,145.5,False
06b500000000000d59e0,7.375,HIGH,1,0.8472999930381775,6P58RR7J+64HG,1205.0,118.1,False
06b50000000000339582,4.21875,HIGH,1,0.7692999839782715,6P58RR86+4QPX,1205.1,120.7,False
06b5000000000014260d,11.0703125,HIGH,1,0.8672999739646912,6P58RR68+7C3V,1205.2,566.0,False
06b5000000000038779e,4.9296875,HIGH,1,0.796999990940094,6P58RR7J+756H,1205.2,48.6,False
06b50000000000230070,5.3125,HIGH,1,0.7803000211715698,6P58RR77+J353,1205.2,233.7,False
06b500000000001c8b95,4.34375,LOW,1,0.6523000001907349,6P58RRFJ+HRWJ,1205.4,17.1,False
06b500000000003f9c36,5.234375,HIGH,1,0.7893000245094299,6P58RRG7+H5HJ,1205.4,235.5,False
06b50000000000250623,4.6015625,HIGH,1,0.7113999724388123,6P58RRC6+XF44,1205.5,81.4,False
06b5000000000011a949,4.34375,HIGH,1,0.720300018787384,6P58RRFJ+JR7G,1205.5,42.6,False
06b5000000000008e5c7,9.6640625,HIGH,1,0.809499979019165,6P58RRG6+5WPX,1205.7,156.5,False
06b50000000000222fc1,5.21875,MEDIUM,1,0.7293999791145325,6P58RRH7+4M3P,1205.8,37.1,False
06b500000000000c2c08,5.890625,HIGH,1,0.7160999774932861,6P58RR77+H489,1205.8,9.4,False
06b500000000003fd00d,5.75,HIGH,1,0.871399998664856,6P58RRH7+2HW2,1205.8,218.0,False
06b5000000000004f3f8,6.15625,HIGH,1,0.8528000116348267,6P58RR77+P262,1206.0,248.3,False
06b50000000000360454,2.984375,MEDIUM,1,0.7135000228881836,6P58RRG7+Q9J7,1206.1,100.5,False
06b5000000000031dca1,6.9453125,HIGH,1,0.8521999716758728,6P58RR8J+PXJ6,1206.1,117.1,False
06b500000000001fcc70,4.1171875,MEDIUM,1,0.6883999705314636,6P58RR7J+862M,1206.3,32.5,False
06b500000000000326ea,5.5625,HIGH,1,0.8148999810218811,6P58RR76+WVWC,1206.4,114.1,False
06b5000000000003b067,5.1640625,HIGH,1,0.85589998960495,6P58RR59+MWWF,1206.5,107.2,False
06b500000000001fdef2,6.171875,HIGH,1,0.840499997138977,6P58RRC6+RCP4,1206.5,404.7,False
06b50000000000161faf,7.53125,HIGH,1,0.8626000285148621,6P58RRG7+XG78,1206.6,88.2,False
06b50000000000258c5f,6.53125,HIGH,1,0.6754000186920166,6P58RRG7+F44F,1206.6,22.7,False
06b500000000003e6fdb,4.9296875,HIGH,1,0.7310000061988831,6P58RR7J+75GM,1206.7,40.4,False
06b5000000000026d2b1,7.3046875,HIGH,1,0.8087000250816345,6P58RR96+GCC4,1206.7,51.3,False
06b500000000003e167b,4.6796875,HIGH,1,0.7167999744415283,6P58RRFJ+PQ8F,1207.0,20.1,False
06b500000000002e4a40,3.84375,HIGH,1,0.7598999738693237,6P58RR86+6QF2,1207.2,36.1,False
06b500000000000b6b50,,NO_HEIGHT,0,0.6879000067710876,6P58RR8J+7QWH,1207.3,26.5,False
06b500000000000cc748,5.140625,HIGH,1,0.8700000047683716,6P58RRH8+PFR4,1207.4,56.8,False
06b50000000000071ad4,5.84375,HIGH,1,0.7523999810218811,6P58RR68+3QJX,1207.5,91.4,False
06b5000000000013b02e,7.203125,HIGH,1,0.8012999892234802,6P58RRF6+JMWW,1207.6,106.8,False
06b500000000001faf33,20.6953125,MEDIUM,1,0.7479000091552734,6P58RR77+3FW8,1207.7,47.2,False
06b500000000001b45e7,0.7109375,LOW_RELAXED,1,0.6735000014305115,6P58RR86+WFQ3,1207.7,194.0,False
06b5000000000016283a,4.484375,HIGH,1,0.753000020980835,6P58RRF6+3F5G,1207.7,113.7,False
06b50000000000006ac2,6.078125,HIGH,1,0.7035999894142151,6P58RRFJ+PQVP,1207.8,31.2,False
06b5000000000031a4ac,8.6875,HIGH,1,0.6657000184059143,6P58RR7J+PGCF,1207.8,76.4,False
06b50000000000331d49,4.453125,HIGH,1,0.7735999822616577,6P58RR86+5Q8R,1208.0,60.8,False
06b500000000003b6f12,6.8125,MEDIUM,1,0.7487000226974487,6P58RRCM+J3P5,1208.0,20.1,False
06b500000000000e7276,4.59375,HIGH,1,0.8048999905586243,6P58RR7J+HCJQ,1208.1,43.0,False
06b50000000000348bcd,5.4453125,HIGH,1,0.8428000211715698,6P58RR59+PMVQ,1208.1,123.1,False
06b500000000001cdc9d,6.7890625,HIGH,1,0.7366999983787537,6P58RR59+MVX6,1208.3,164.5,False
06b50000000000323c65,3.75,HIGH,1,0.8495000004768372,6P58RRC6+C986,1208.4,169.6,False
06b500000000001689a5,3.2421875,MEDIUM,1,0.671500027179718,6P58RRG6+3WRG,1208.5,15.4,False
06b500000000000d78d5,4.1171875,MEDIUM,1,0.7879999876022339,6P58RR7J+86GF,1208.5,82.7,False
06b500000000000b2245,3.21875,HIGH,1,0.7753000259399414,6P58RRG7+G4H8,1208.6,166.8,False
06b50000000000015794,17.80078125,HIGH,1,0.9059000015258789,6P58RRJG+3HXF,1208.7,1992.5,True
06b500000000000a3cb9,5.953125,HIGH,1,0.7911999821662903,6P58RR77+H43W,1209.1,32.3,False
06b50000000000347164,4.640625,HIGH,1,0.7853999733924866,6P58RR86+7P35,1209.2,156.4,False
06b5000000000027292d,1.8515625,HIGH,1,0.6978999972343445,6P58RRGJ+CCM8,1209.2,57.7,False
06b500000000003d253f,22.453125,MEDIUM,1,0.7089999914169312,6P58RR77+78G8,1209.4,12.3,False
06b5000000000033e336,5.6796875,HIGH,1,0.788100004196167,6P58RR86+3R82,1209.5,56.2,False
06b500000000001115a2,5.828125,HIGH,1,0.8529000282287598,6P58RRH7+4J7Q,1209.5,315.7,False
06b500000000000f0837,45.7109375,HIGH,1,0.8906000256538391,6P58RR7J+PH3P,1209.6,1086.2,False
06b5000000000036a3df,4.765625,HIGH,1,0.7955999970436096,6P58RRC6+J93R,1209.6,507.4,False
06b500000000000c6620,4.9140625,HIGH,1,0.7131999731063843,6P58RR9M+X4X9,1209.7,237.4,False
06b5000000000003c035,5.6953125,MEDIUM,1,0.6503999829292297,6P58RRG7+WGJV,1209.7,9.3,False
06b500000000000739ba,8.5,HIGH,1,0.829800009727478,6P58RRH8+H56F,1209.8,138.7,False
06b500000000002cb68b,25.8046875,HIGH,1,0.7681999802589417,6P58RRCM+74H7,1209.9,134.1,False
06b500000000002bb764,9.859375,HIGH,1,0.7950000166893005,6P58RR67+MR5C,1210.0,713.4,False
06b50000000000113f9d,4.53125,HIGH,1,0.7896999716758728,6P58RRG7+82M3,1210.1,115.5,False
06b50000000000038ecd,8.3984375,HIGH,1,0.7368999719619751,6P58RR8J+MWQV,1210.1,33.0,False
06b50000000000247263,5.46875,HIGH,1,0.6947000026702881,6P58RR76+RWXF,1210.2,14.1,False
06b500000000000f741c,9.7421875,HIGH,1,0.7006000280380249,6P58RRJG+63Q6,1210.2,352.5,False
06b500000000003ebb15,6.9296875,HIGH,1,0.6938999891281128,6P58RR7J+JFPJ,1210.4,115.0,False
06b500000000000dee8a,7.328125,HIGH,1,0.9121999740600586,6P58RR96+5CV3,1210.5,245.2,False
06b50000000000185bbc,6.1015625,HIGH,1,0.7574999928474426,6P58RRCM+C4GM,1210.5,128.8,False
06b500000000000644e1,6.8203125,HIGH,1,0.6510999798774719,6P58RRFJ+PQHH,1210.5,45.3,False
06b50000000000044532,6.1640625,HIGH,1,0.8519999980926514,6P58RRFJ+PR2V,1210.8,52.0,False
06b5000000000014d512,4.515625,HIGH,1,0.7357000112533569,6P58RRFJ+MR7W,1210.9,79.9,False
06b500000000003af106,5.765625,HIGH,1,0.714900016784668,6P58RR77+G4PF,1210.9,18.4,False
06b500000000001f3f94,9.875,MEDIUM,1,0.6804999709129333,6P58RR96+R98C,1211.2,12.4,False
06b500000000001ff63a,8.2265625,HIGH,1,0.9122999906539917,6P58RR5G+XJGH,1211.3,971.9,False
06b500000000001aa3de,7.125,HIGH,1,0.795799970626831,6P58RRJF+7V9Q,1211.3,95.8,False
06b5000000000029a4f8,8.4609375,HIGH,1,0.917900025844574,6P58RR5F+QX29,1211.4,293.0,False
06b50000000000197bef,7.0234375,HIGH,1,0.8385000228881836,6P58RRFJ+JV6H,1211.6,243.1,False
06b5000000000031843e,5.4140625,HIGH,1,0.7835000157356262,6P58RR6G+5W6C,1211.6,90.3,False
06b50000000000076f86,7.421875,HIGH,1,0.7764000296592712,6P58RR59+PJRF,1212.2,134.7,False
06b50000000000159d2e,7.0390625,HIGH,1,0.7836999893188477,6P58RR68+3P8Q,1212.3,213.2,False
06b50000000000103ec0,7.109375,HIGH,1,0.8306000232696533,6P58RR59+MRV6,1212.7,152.0,False
06b50000000000274de9,15.6796875,HIGH,1,0.6657000184059143,6P58RRJF+92VQ,1212.9,62.8,False
06b5000000000007bebe,8.9140625,HIGH,1,0.7243000268936157,6P58RR77+499V,1212.9,285.5,False
06b500000000001fb259,14.296875,HIGH,1,0.8062999844551086,6P58RRH8+G3XX,1212.9,270.7,False
06b500000000003a7260,12.53125,HIGH,1,0.7692000269889832,6P58RRG6+2RHR,1213.1,102.3,False
06b5000000000004d87b,4.7734375,MEDIUM,1,0.7210999727249146,6P58RR7J+F9V7,1213.1,33.9,False
06b5000000000026f6e5,5.5390625,HIGH,1,0.7351999878883362,6P58RR76+XRWH,1213.2,77.8,False
06b500000000003309e7,6.90625,HIGH,1,0.8134999871253967,6P58RRG7+XGV2,1213.4,81.8,False
06b5000000000022a99d,5.7421875,HIGH,1,0.7940000295639038,6P58RRF6+6GVR,1213.4,180.5,False
06b50000000000157b05,6.7890625,HIGH,1,0.7633000016212463,6P58RRGJ+P768,1213.8,146.7,False
06b500000000002622a4,33.6875,LOW,1,0.7170000076293945,6P58RRFM+32MV,1213.8,26.1,False
06b500000000002648b0,6.0234375,HIGH,1,0.7257000207901001,6P58RR59+V4VM,1213.9,135.0,False
06b5000000000020c00d,10.0546875,HIGH,1,0.7628999948501587,6P58RR59+PHRQ,1214.2,213.2,False
06b500000000001cf0d4,6.82421875,HIGH,1,0.8429999947547913,6P58RRFM+72XJ,1214.2,1255.4,True
06b500000000003423fa,5.0625,HIGH,1,0.7799000144004822,6P58RR7J+GCJG,1214.5,40.5,False
06b500000000001a09ee,5.4765625,HIGH,1,0.6686000227928162,6P58RRFJ+QQQC,1214.6,69.5,False
06b5000000000013086e,7.75,HIGH,1,0.7759000062942505,6P58RR8J+MXRQ,1214.8,42.5,False
06b500000000000bcae6,6.640625,HIGH,1,0.7721999883651733,6P58RR8J+PXPR,1215.2,41.5,False
06b50000000000303b29,6.640625,HIGH,1,0.7710999846458435,6P58RRJF+8W83,1215.2,197.8,False
06b50000000000172b3f,6.7890625,HIGH,1,0.7282999753952026,6P58RR59+MQW6,1215.2,125.4,False
06b5000000000009070e,8.4765625,HIGH,1,0.7329000234603882,6P58RR8J+QX95,1215.3,178.4,False
06b5000000000010268b,10.890625,HIGH,1,0.6690000295639038,6P58RRG6+4VGX,1215.3,69.0,False
06b500000000000c6a47,11.7109375,HIGH,1,0.7936999797821045,6P58RRH8+H48F,1215.5,87.9,False
06b50000000000185ef7,6.46875,HIGH,1,0.6797999739646912,6P58RR67+HWXG,1215.6,76.8,False
06b500000000003c6747,5.96875,HIGH,1,0.9089000225067139,6P58RRGJ+6HGH,1215.6,211.9,False
06b500000000000e95dd,5.421875,HIGH,1,0.8819000124931335,6P58RRG7+P7WV,1215.6,173.1,False
06b50000000000197176,4.640625,HIGH,1,0.8586000204086304,6P58RR6H+9769,1215.6,88.3,False
06b500000000001fa530,7.039062499999999,HIGH,1,0.8565000295639038,6P58RRH8+RF6J,1215.7,888.5,False
06b5000000000009a727,4.0078125,HIGH,1,0.8705000281333923,6P58RR7J+F9XV,1215.7,133.9,False
06b50000000000033029,6.03125,HIGH,1,0.8723000288009644,6P58RRJG+5824,1215.7,245.1,False
06b5000000000005f6e0,7.7890625,HIGH,1,0.7545999884605408,6P58RRJF+8PCG,1215.9,97.7,False
06b5000000000031b111,5.65625,HIGH,1,0.7918999791145325,6P58RR77+H354,1216.2,34.5,False
06b50000000000079883,5.75,HIGH,1,0.7698000073432922,6P58RR7J+JFF2,1216.3,12.7,False
06b500000000002a46fb,6.6875,HIGH,1,0.8172000050544739,6P58RRG7+92JW,1216.5,325.7,False
06b500000000000f5929,7.546875,HIGH,1,0.8535000085830688,6P58RRG6+7W78,1216.6,387.9,False
06b50000000000371820,9.03125,HIGH,1,0.8568000197410583,6P58RR68+5FHR,1216.6,333.4,False
06b5000000000038a5eb,1.8515625,LOW,1,0.7372999787330627,6P58RRJF+9F6F,1216.7,55.0,False
06b50000000000027d5f,5.1875,HIGH,1,0.701200008392334,6P58RR5C+J6C3,1216.8,61.7,False
06b5000000000003c488,7.3203125,HIGH,1,0.8899000287055969,6P58RR59+V3MH,1216.9,397.5,False
06b5000000000038d48e,5.546875,HIGH,1,0.7912999987602234,6P58RR68+86X6,1217.0,278.5,False
06b5000000000038a24c,6.3359375,MEDIUM,1,0.692300021648407,6P58RR86+6PG3,1217.0,12.1,False
06b5000000000026c130,7.4921875,HIGH,1,0.7871000170707703,6P58RR68+3M9Q,1217.0,224.6,False
06b500000000003e7f94,4.1875,HIGH,1,0.714900016784668,6P58RRCM+657Q,1217.1,58.0,False
06b50000000000130f14,4.203125,HIGH,1,0.7459999918937683,6P58RR86+4QRF,1217.1,48.5,False
06b50000000000145a60,5.859375,HIGH,1,0.8392999768257141,6P58RRH8+P745,1217.4,160.4,False
06b50000000000241dc7,18.9765625,HIGH,1,0.8902999758720398,6P58RR5F+HHQ3,1217.6,641.1,True
06b50000000000163ffe,5.0390625,HIGH,1,0.8540999889373779,6P58RR6G+4V22,1217.7,185.8,False
06b500000000002eaea6,4.671875,MEDIUM,1,0.7373999953269958,6P58RRF6+7GWG,1218.0,36.0,False
06b5000000000010c576,6.8359375,HIGH,1,0.8641999959945679,6P58RRG7+R8XV,1218.0,214.8,False
06b50000000000213a57,6.078125,HIGH,1,0.8100000023841858,6P58RR5C+J574,1218.1,119.8,False
06b500000000000f2f0c,4.40625,HIGH,1,0.8562999963760376,6P58RR7J+HF67,1218.3,122.0,False
06b50000000000251554,7.6015625,HIGH,1,0.7836999893188477,6P58RR96+G9F4,1218.4,41.8,False
06b500000000000a387f,3.3203125,LOW_RELAXED,1,0.824999988079071,6P58RRGJ+GC3H,1218.4,142.5,False
06b5000000000005a122,3.5703125,HIGH,1,0.8072999715805054,6P58RR6G+4WVC,1218.5,79.1,False
06b500000000000fa49c,5.234375,HIGH,1,0.8158000111579895,6P58RRH7+3HVJ,1218.5,248.5,False
06b500000000000db8ae,4.1484375,HIGH,1,0.7742000222206116,6P58RRC6+M992,1218.5,37.5,False
06b500000000003d3237,5.859375,HIGH,1,0.7937999963760376,6P58RRCM+57R2,1218.6,266.8,True
06b50000000000405b2a,5.3828125,HIGH,1,0.6585000157356262,6P58RR86+6P38,1218.9,37.2,False
06b500000000002a854f,12.078125,HIGH,1,0.7107999920845032,6P58RR5F+HJMX,1219.0,213.4,True
06b500000000000d42ac,6.9375,MEDIUM,1,0.758899986743927,6P58RRJG+62W2,1219.1,27.6,False
06b5000000000012c929,5.9921875,HIGH,1,0.8348000049591064,6P58RR59+Q9Q8,1219.1,138.9,False
06b500000000000149e2,4.59375,HIGH,1,0.8514999747276306,6P58RR6H+C85X,1219.4,117.4,False
06b50000000000359390,5.3984375,MEDIUM,1,0.6764000058174133,6P58RR86+7MQF,1219.4,12.5,False
06b500000000003883ae,14.984375,HIGH,1,0.8564000129699707,6P58RRJ9+9W46,1219.5,154.5,False
06b50000000000075dd0,4.7421875,HIGH,1,0.8898000121116638,6P58RR6H+52XW,1219.6,211.4,False
06b50000000000346265,5.296875,HIGH,1,0.8104000091552734,6P58RR59+Q6XQ,1219.6,434.5,False
06b5000000000033400c,31.7578125,HIGH,1,0.6503999829292297,6P58RR77+58XW,1219.7,13.2,False
06b50000000000072b0e,6.375,HIGH,1,0.784500002861023,6P58RR68+5H37,1219.7,64.6,False
06b50000000000022599,10.46875,HIGH,1,0.6606000065803528,6P58RR5F+MJ84,1219.7,38.9,False
06b500000000002e1b0e,5.0859375,HIGH,1,0.8644000291824341,6P58RR59+MPR4,1219.8,132.4,False
06b5000000000032190c,5.7109375,HIGH,1,0.7318999767303467,6P58RR86+2R2H,1219.8,30.6,False
06b500000000002992cc,17.703125,HIGH,1,0.7894999980926514,6P58RRJ9+9X79,1219.8,74.0,False
06b5000000000017372c,7.3671875,HIGH,1,0.7501999735832214,6P58RR96+R8M5,1219.9,147.8,False
06b500000000001ea443,6.8984375,HIGH,1,0.9280999898910522,6P58RR6H+75HF,1220.0,374.7,False
06b500000000001e31ef,6.28125,HIGH,1,0.7444999814033508,6P58RR59+JXXG,1220.0,87.8,False
06b5000000000000c52f,16.484375,HIGH,1,0.7681999802589417,6P58RRJC+926V,1220.1,72.0,False
06b500000000000a119c,4.6328125,HIGH,1,0.7360000014305115,6P58RRGJ+Q6PH,1220.1,199.2,False
06b50000000000278559,6.171875,LOW,1,0.8167999982833862,6P58RR7J+C895,1220.3,40.0,False
06b500000000001ff20e,5.6953125,HIGH,1,0.6545000076293945,6P58RR77+85QW,1220.3,75.2,False
06b500000000000fd6ed,16.0703125,HIGH,1,0.7437999844551086,6P58RRJC+92HM,1220.4,104.8,False
06b5000000000039b0c3,4.0859375,HIGH,1,0.7822999954223633,6P58RR86+6MGJ,1220.6,403.2,False
06b5000000000014c8d4,4.3203125,HIGH,1,0.8109999895095825,6P58RRG7+G3X5,1220.6,219.5,False
06b5000000000011c681,6.3828125,HIGH,1,0.7031000256538391,6P58RR76+RWCR,1220.6,28.3,False
06b5000000000007aea2,4.515625,HIGH,1,0.8719000220298767,6P58RRC6+F8WM,1220.8,218.8,False
06b500000000003757ec,5.515625,HIGH,1,0.8567000031471252,6P58RR76+XQ9Q,1220.8,180.5,False
06b500000000003f2232,7.6484375,LOW_RELAXED,1,0.7228999733924866,6P58RRJF+C56F,1220.8,15.8,False
06b500000000000e82b5,14.453125,HIGH,1,0.7882000207901001,6P58RRJC+93MH,1220.9,51.7,False
06b500000000003ad7c2,2.84375,HIGH,1,0.7534000277519226,6P58RRH8+P9VC,1221.0,79.9,False
06b500000000000cc579,4.5390625,HIGH,1,0.805400013923645,6P58RRG7+M66F,1221.1,87.8,False
06b5000000000039a658,11.3828125,HIGH,1,0.7633000016212463,6P58RRJC+93QV,1221.2,40.8,False
06b500000000002a42f3,6.3125,HIGH,1,0.8072999715805054,6P58RR77+G2C4,1221.2,792.8,True
06b500000000003f91f5,10.6015625,HIGH,1,0.7534000277519226,6P58RR77+48M7,1221.5,519.6,False
06b5000000000009c6ed,7.6015625,HIGH,1,0.7224000096321106,6P58RR86+FHXF,1221.5,41.3,False
06b500000000002687be,12.8515625,HIGH,1,0.7508999705314636,6P58RRJC+94R5,1221.5,41.6,False
06b50000000000007c92,6.109375,HIGH,1,0.6948000192642212,6P58RRG7+XC9C,1221.5,152.3,False
06b50000000000255b2c,6.4140625,HIGH,1,0.6705999970436096,6P58RRJF+7XJP,1221.7,123.7,False
06b500000000000cb7b9,10.359375,HIGH,1,0.6715999841690063,6P58RR5F+JMWW,1221.7,93.7,False
06b5000000000019e82a,5.484375,HIGH,1,0.7671999931335449,6P58RR8J+HXV6,1221.8,45.9,False
06b50000000000059360,4.046875,MEDIUM,1,0.7490000128746033,6P58RRC6+88Q3,1221.8,21.8,False
06b50000000000242c91,51.7734375,HIGH,1,0.8536999821662903,6P58RR9M+G863,1221.9,1509.3,True
06b5000000000032a0d2,10.171875,HIGH,1,0.7312999963760376,6P58RRF6+RM43,1221.9,255.6,False
06b5000000000016072f,4.8671875,HIGH,1,0.8726000189781189,6P58RR76+QW84,1222.1,46.4,False
06b500000000002dbaf5,6.0546875,HIGH,1,0.7138000130653381,6P58RRC6+P98M,1222.2,131.2,False
06b500000000002c14b0,7.625,HIGH,1,0.90829998254776,6P58RRFM+62Q3,1222.2,374.7,False
06b500000000001400cc,29.640625,HIGH,1,0.7818999886512756,6P58RR77+6843,1222.3,22.8,False
06b500000000000684ce,9.2890625,HIGH,1,0.762499988079071,6P58RRFJ+XQ6C,1222.3,284.4,False
06b5000000000013941f,4.7421875,HIGH,1,0.7534000277519226,6P58RR59+R6R7,1222.3,124.0,False
06b50000000000370ec6,19.671875,HIGH,1,0.8041999936103821,6P58RRCM+75Q2,1222.4,244.7,False
06b50000000000062780,4.1953125,HIGH,1,0.7447999715805054,6P58RR76+RVQC,1222.4,37.1,False
06b5000000000009ca96,6.546875,HIGH,1,0.7914000153541565,6P58RR59+V2PM,1222.7,127.3,False
06b500000000000b4031,2.9765625,MEDIUM,1,0.6952999830245972,6P58RRF6+5FW7,1222.8,58.2,False
06b500000000000d7d2f,3.9140625,HIGH,1,0.7232999801635742,6P58RR6H+526P,1222.8,122.4,False
06b5000000000022da17,5.6484375,HIGH,1,0.8427000045776367,6P58RR76+QWMV,1223.0,33.5,False
06b500000000000c05d7,6.3359375,HIGH,1,0.8673999905586243,6P58RR5F+MWW5,1223.4,586.7,False
06b500000000001c4787,4.828125,HIGH,1,0.733299970626831,6P58RR68+5G57,1223.4,67.1,False
06b50000000000298325,16.3984375,HIGH,1,0.8701000213623047,6P58RR6J+X4R2,1223.7,950.6,True
06b50000000000179621,8.8828125,HIGH,1,0.7447999715805054,6P58RR68+G269,1223.7,47.1,False
06b500000000000d0a38,3.734375,HIGH,1,0.911300003528595,6P58RR6H+876W,1224.1,145.1,False
06b500000000000f323c,,NO_HEIGHT,0,0.7936999797821045,6P58RR7J+C9PC,1224.1,30.0,False
06b5000000000000a2ce,5.7265625,HIGH,1,0.8496000170707703,6P58RRC6+8877,1224.2,119.0,False
06b5000000000022b054,4.84375,HIGH,1,0.8201000094413757,6P58RR6H+PQV4,1224.3,92.4,False
06b500000000003a0f6f,6.814755577427821,HIGH,1,0.8779000043869019,6P58RR86+CG37,1224.4,1453.2,True
06b500000000003708dc,66.4296875,HIGH,1,0.8949000239372253,6P58RRHH+V73F,1224.4,3182.4,True
06b5000000000003c61a,8.5078125,HIGH,1,0.8263999819755554,6P58RR7J+HGR8,1224.4,189.7,False
06b500000000002b7b9a,3.1875,MEDIUM,1,0.7653999924659729,6P58RR6G+4WPX,1224.4,41.2,False
06b50000000000250932,13.3359375,HIGH,1,0.8037999868392944,6P58RRJ9+56WX,1224.5,169.9,False
06b50000000000318205,9.6875,HIGH,1,0.6546000242233276,6P58RRJG+2JMQ,1224.6,23.6,False
06b500000000001f3bc5,4.4375,HIGH,1,0.8687000274658203,6P58RRF6+2C29,1224.6,181.5,False
06b5000000000006bdae,5.765625,MEDIUM,1,0.8324999809265137,6P58RR77+864J,1224.6,39.3,False
06b500000000002c9dc5,3.4296875,HIGH,1,0.7037000060081482,6P58RRG7+R87M,1224.7,42.0,False
06b500000000000a2db3,40.91796875,HIGH,1,0.8317000269889832,6P58RRCM+889H,1224.7,2523.8,True
06b50000000000258223,4.828125,HIGH,1,0.8224999904632568,6P58RRC6+M92R,1224.7,87.1,False
06b50000000000080ba6,,NO_HEIGHT,0,0.7989000082015991,6P58RRFJ+FX2M,1224.9,29.6,False
06b500000000001ac036,7.3046875,HIGH,1,0.7610999941825867,6P58RR5C+H4X9,1225.1,75.9,False
06b5000000000009116a,4.9765625,HIGH,1,0.8518000245094299,6P58RRF6+8GJ6,1225.1,139.4,False
06b5000000000022711f,5.6015625,HIGH,1,0.7806000113487244,6P58RR76+VV23,1225.1,125.9,False
06b500000000000f37d8,7.109375,HIGH,1,0.7138000130653381,6P58RR6H+RVM7,1225.1,58.7,False
06b500000000002bef4d,,NO_HEIGHT,0,0.7371000051498413,6P58RRFJ+HWCX,1225.2,35.3,False
06b50000000000154ca3,5.1484375,HIGH,1,0.9218000173568726,6P58RR6G+4XQJ,1225.2,200.0,False
06b500000000000e6b2c,10.65625,HIGH,1,0.7089999914169312,6P58RRJ9+6623,1225.2,160.6,False
06b500000000003d9245,5.2734375,HIGH,1,0.7501000165939331,6P58RRH7+3GFG,1225.3,157.4,False
06b50000000000289f9d,11.9609375,HIGH,1,0.8971999883651733,6P58RR8J+4RC7,1225.3,206.5,False
06b50000000000169ee7,4.234375,LOW,1,0.661899983882904,6P58RR6G+4V9F,1225.5,10.6,False
06b500000000000f73ce,5.5546875,HIGH,1,0.7551000118255615,6P58RR5G+Q4Q5,1225.5,48.6,False
06b500000000000f3829,4.953125,LOW_RELAXED,1,0.6819000244140625,6P58RRFJ+QRV8,1225.6,18.0,False
06b500000000000c686e,5.671875,HIGH,1,0.7771000266075134,6P58RR59+JXHG,1225.6,71.4,False
06b50000000000230606,9.0390625,HIGH,1,0.8061000108718872,6P58RRJ9+55VJ,1225.8,353.3,False
06b5000000000019188b,9.8515625,HIGH,1,0.8271999955177307,6P58RRH7+CRH3,1225.8,662.5,False
06b500000000000cc87b,3.7578125,LOW,1,0.7997000217437744,6P58RRCM+36XM,1225.9,167.5,False
06b50000000000116ff1,3.1875,MEDIUM,1,0.8889999985694885,6P58RRH8+M6M3,1225.9,171.3,False
06b5000000000014740b,3.890625,HIGH,1,0.8242999911308289,6P58RRH8+M7J6,1225.9,42.3,False
06b500000000001974c0,3.421875,MEDIUM,1,0.6554999947547913,6P58RR6H+63HW,1226.0,24.4,False
06b500000000002e55ae,5.5,HIGH,1,0.761900007724762,6P58RR76+WRCM,1226.0,181.0,False
06b5000000000005761d,7.109375,HIGH,1,0.7207000255584717,6P58RR6H+VV56,1226.0,54.8,False
06b500000000002e23ee,4.5234375,HIGH,1,0.8141000270843506,6P58RRF6+6FF9,1226.1,91.3,False
06b5000000000007cb3a,10.7109375,HIGH,1,0.8884999752044678,6P58RRCM+C6Q8,1226.2,897.8,True
06b50000000000301435,32.203125,HIGH,1,0.8569999933242798,6P58RR9M+C7RR,1226.3,548.7,True
06b500000000003b6c06,4.34375,HIGH,1,0.7854999899864197,6P58RRF6+FG35,1226.3,282.0,False
06b50000000000041be9,23.4140625,HIGH,1,0.7734000086784363,6P58RRG6+6V72,1226.3,279.5,False
06b500000000001694f0,5.2734375,HIGH,1,0.6951000094413757,6P58RR59+Q8PH,1226.4,41.3,False
06b5000000000019540c,11.0390625,HIGH,1,0.8134999871253967,6P58RR68+7724,1226.5,910.2,True
06b5000000000017c015,6.75,HIGH,1,0.8118000030517578,6P58RR8M+J2J7,1226.5,153.6,False
06b5000000000003909f,7.0625,HIGH,1,0.8490999937057495,6P58RRFJ+JW6M,1226.8,102.6,False
06b50000000000109659,7.6484375,HIGH,1,0.921999990940094,6P58RR68+5C7J,1227.1,542.3,True
06b5000000000032ea19,16.09375,HIGH,1,0.7433000206947327,6P58RR8M+P2PR,1227.1,74.9,False
06b5000000000004b46e,6.3125,HIGH,1,0.8271999955177307,6P58RRC6+P894,1227.2,312.1,False
06b5000000000019d62b,5.8671875,HIGH,1,0.7998999953269958,6P58RR76+PV5J,1227.4,529.2,True
06b5000000000008de59,43.34375,LOW,1,0.7896000146865845,6P58RRJ9+69XC,1227.6,80.8,False
06b500000000000f880f,3.1640625,HIGH,1,0.8009999990463257,6P58RRJ9+5422,1227.6,200.5,False
06b5000000000017574e,6.2265625,HIGH,1,0.8634999990463257,6P58RR59+JVJ2,1227.6,261.0,False
06b5000000000033c91b,8.3828125,HIGH,1,0.8287000060081482,6P58RR68+3J5F,1227.9,365.9,False
06b5000000000019c42e,3.890625,HIGH,1,0.7578999996185303,6P58RRF6+3CM5,1228.0,106.7,False
06b500000000001531db,8.296875,HIGH,1,0.8999000191688538,6P58RRF6+VMGJ,1228.0,411.3,False
06b5000000000006aa15,4.8515625,HIGH,1,0.8436999917030334,6P58RRG7+W9XQ,1228.0,91.6,False
06b5000000000037eb33,5.578125,HIGH,1,0.7980999946594238,6P58RR67+FXR3,1228.2,272.0,False
06b5000000000014babc,6.3515625,MEDIUM,1,0.7567999958992004,6P58RR67+GXR5,1228.2,21.2,False
06b50000000000084731,12.7265625,HIGH,1,0.7445999979972839,6P58RRJ9+CX99,1228.5,158.3,False
06b500000000001fb7dc,16.7734375,HIGH,1,0.805400013923645,6P58RRJ9+8HCF,1229.2,289.1,False
06b5000000000023a6a5,11.4921875,HIGH,1,0.7766000032424927,6P58RR68+8764,1229.2,23.1,False
06b50000000000316eb3,6.453125,HIGH,1,0.8984000086784363,6P58RR76+HWHV,1229.3,546.9,True
06b500000000002d2109,6.9921875,HIGH,1,0.829800009727478,6P58RR77+758Q,1229.3,467.6,True
06b500000000003d40d6,5.046875,HIGH,1,0.6607999801635742,6P58RRG7+M54J,1229.4,17.3,False
06b50000000000250d40,4.765625,HIGH,1,0.659500002861023,6P58RR76+QVWG,1229.4,32.2,False
06b5000000000001a946,1.828125,MEDIUM,1,0.7032999992370605,6P58RRJF+CF2V,1229.5,54.7,False
06b500000000002ccebe,5.8125,HIGH,1,0.7702000141143799,6P58RRG6+8WGF,1229.5,158.1,False
06b5000000000002b0c9,15.1328125,HIGH,1,0.7376999855041504,6P58RRJC+C282,1229.5,52.5,False
06b5000000000021847c,6.375,HIGH,1,0.8111000061035156,6P58RRC6+87XQ,1229.6,119.1,False
06b500000000003529a0,5.28125,HIGH,1,0.8568999767303467,6P58RR5G+P4Q3,1229.6,299.5,False
06b500000000000ddfb0,5.5546875,HIGH,1,0.6924999952316284,6P58RRH7+4HXH,1229.7,11.2,False
06b5000000000036585e,2.921875,MEDIUM,1,0.6827999949455261,6P58RRC6+H87V,1229.9,87.4,False
06b500000000001a4dd2,6.6328125,HIGH,1,0.890500009059906,6P58RRGJ+6MMG,1230.0,470.4,False
06b500000000001d56f3,5.5625,HIGH,1,0.9090999960899353,6P58RR6H+993W,1230.1,240.4,False
06b50000000000313657,4.359375,HIGH,1,0.6751999855041504,6P58RR59+PG6M,1230.3,41.2,False
06b500000000003222cd,33.8984375,HIGH,1,0.9068999886512756,6P58RRHG+XXH6,1230.3,1586.4,True
06b5000000000017729f,6.40625,HIGH,1,0.8065000176429749,6P58RR5C+H63M,1230.3,153.4,False
06b500000000000caa05,5.5078125,HIGH,1,0.8353000283241272,6P58RRC6+J8FV,1230.4,167.4,False
06b5000000000034b8d0,,NO_HEIGHT,0,0.6797999739646912,6P58RR8J+9WC2,1230.5,13.3,False
06b5000000000039743f,5.4296875,HIGH,1,0.8208000063896179,6P58RRG7+V82G,1230.5,90.9,False
06b5000000000033c16f,10.7265625,HIGH,1,0.7666000127792358,6P58RRJC+C3JF,1230.6,188.0,False
06b5000000000012a55b,6.2421875,HIGH,1,0.8177000284194946,6P58RR59+HXXV,1230.6,140.3,False
06b500000000000c1abf,4.9765625,HIGH,1,0.6761999726295471,6P58RRF6+6FVV,1230.7,43.1,False
06b500000000002f170e,5.8359375,LOW,1,0.7541000247001648,6P58RRFJ+VQQW,1230.7,9.9,False
06b500000000000a11f4,6.25,HIGH,1,0.7432000041007996,6P58RR59+R5CX,1230.7,107.1,False
06b500000000000526be,6.5390625,HIGH,1,0.7872999906539917,6P58RRG7+XCM4,1230.7,66.2,False
06b50000000000261171,13.65625,HIGH,1,0.7609999775886536,6P58RR5F+JJHX,1230.8,87.4,False
06b5000000000010c3a1,4.15625,HIGH,1,0.8327999711036682,6P58RRH8+M58G,1230.8,62.4,False
06b5000000000024ab04,5.6953125,HIGH,1,0.7172999978065491,6P58RR58+WX6X,1231.0,30.9,False
06b5000000000020ade4,5.953125,HIGH,1,0.7360000014305115,6P58RR8M+M27W,1231.2,62.5,False
06b500000000000ee35f,2.6796875,MEDIUM,1,0.8271999955177307,6P58RRJG+682R,1231.2,127.9,False
06b5000000000018884c,5.5546875,HIGH,1,0.6714000105857849,6P58RRH7+4HX6,1231.3,10.4,False
06b500000000001e66bc,5.828125,HIGH,1,0.7946000099182129,6P58RRF6+29F8,1231.3,371.8,True
06b500000000001babeb,10.6484375,HIGH,1,0.7979999780654907,6P58RR67+GX3W,1231.3,45.2,False
06b500000000001f8a8f,5.015625,HIGH,1,0.803600013256073,6P58RRF6+HH3R,1231.6,70.9,False
06b50000000000014f7e,8.625,HIGH,1,0.8047999739646912,6P58RR59+PFG2,1231.7,71.5,False
06b500000000000c3930,6.574195636094674,HIGH,1,0.9182000160217285,6P58RR5G+VP8M,1231.7,2898.4,True
06b50000000000179565,3.734375,LOW,1,0.7868000268936157,6P58RRH8+J4Q7,1231.8,61.0,False
06b500000000003ae2f8,5.09375,HIGH,1,0.7131999731063843,6P58RR6H+53CQ,1231.8,60.7,False
06b500000000003bd4a7,5.4296875,HIGH,1,0.8289999961853027,6P58RRH7+3FP3,1232.0,208.0,False
06b500000000000568d5,11.15625,HIGH,1,0.7312999963760376,6P58RR67+HW3V,1232.1,18.0,False
06b5000000000015a018,6.625,HIGH,1,0.8223999738693237,6P58RRG7+X932,1232.2,192.5,False
06b5000000000035f169,4.890625,HIGH,1,0.8389000296592712,6P58RRF6+GGWV,1232.3,396.2,False
06b500000000000cefc1,7.140625,HIGH,1,0.7315000295639038,6P58RR68+68QW,1232.5,49.5,False
06b5000000000034251d,4.875,HIGH,1,0.8458999991416931,6P58RRF6+6C92,1232.5,151.8,False
06b500000000001e42c2,7.734375,HIGH,1,0.8652999997138977,6P58RR7J+HG65,1232.6,74.5,False
06b50000000000244f50,5.8125,HIGH,1,0.7883999943733215,6P58RRG6+9WJG,1232.6,641.6,True
06b50000000000071edf,18.6171875,HIGH,1,0.7770000100135803,6P58RR8M+Q326,1232.8,82.3,False
06b500000000002bc94e,6.2109375,HIGH,1,0.7178999781608582,6P58RR6H+RWR7,1232.8,19.9,False
06b500000000003cde78,5.734375,HIGH,1,0.8237000107765198,6P58RRH7+2CV6,1233.0,470.0,True
06b500000000000c1a18,8.5078125,HIGH,1,0.8658000230789185,6P58RR59+HWWQ,1233.0,186.3,False
06b500000000002e2395,7.734375,HIGH,1,0.8766000270843506,6P58RR5C+H46X,1233.0,88.8,False
06b50000000000008464,6.109375,HIGH,1,0.8274000287055969,6P58RR58+VXC6,1233.2,430.9,True
06b5000000000019ef4d,9.546875,HIGH,1,0.8967000246047974,6P58RRCM+H8RR,1233.3,2110.4,True
06b5000000000017075a,14.34375,HIGH,1,0.7379999756813049,6P58RR7J+46JQ,1233.3,166.8,False
06b500000000002bb5d9,8.1171875,HIGH,1,0.6868000030517578,6P58RR67+GWQ2,1233.5,29.5,False
06b500000000000e6f76,15.0703125,HIGH,1,0.6748999953269958,6P58RRJ9+CW28,1233.6,69.8,False
06b5000000000000e190,6.4453125,HIGH,1,0.8431000113487244,6P58RRGJ+3P99,1233.6,213.3,False
06b5000000000036835b,4.859375,HIGH,1,0.6761999726295471,6P58RRG7+J4HR,1233.6,12.1,False
06b500000000002d31a3,4.28125,HIGH,1,0.8852999806404114,6P58RRH7+8PF8,1233.7,242.8,False
06b500000000001a5d25,,NO_HEIGHT,0,0.7839000225067139,6P58RRFJ+HWQV,1233.8,46.5,False
06b5000000000029deff,4.0859375,HIGH,1,0.6672999858856201,6P58RR59+R55W,1233.9,51.6,False
06b50000000000399d6d,9.7890625,HIGH,1,0.7318999767303467,6P58RR7J+56FG,1234.1,36.5,False
06b50000000000041922,8.9375,HIGH,1,0.9495000243186951,6P58RRJG+2R86,1234.1,322.3,False
06b5000000000031ac14,6.6328125,HIGH,1,0.8715000152587891,6P58RRGJ+4P86,1234.2,198.5,False
06b5000000000031ea0d,8.9609375,HIGH,1,0.8434000015258789,6P58RRH8+Q7VQ,1234.5,594.8,True
06b500000000000c816f,5.328125,HIGH,1,0.6567000150680542,6P58RRF6+9F56,1234.6,24.0,False
06b500000000001e998b,4.46875,HIGH,1,0.805899977684021,6P58RR6H+MRMX,1234.6,232.4,True
06b5000000000038e97c,10.046875,HIGH,1,0.8299000263214111,6P58RRJC+F63P,1234.9,139.3,False
06b500000000003bc39d,14.484375,HIGH,1,0.792900025844574,6P58RRJG+4HM6,1235.1,222.4,False
06b5000000000000928d,4.890625,HIGH,1,0.6664000153541565,6P58RR6H+JM86,1235.2,22.8,False
06b500000000003418e0,4.546875,HIGH,1,0.8130999803543091,6P58RRJ9+5322,1235.2,30.4,False
06b50000000000257bc4,6.359375,MEDIUM,1,0.7512000203132629,6P58RRFJ+JWPM,1235.2,39.7,False
06b500000000002d2962,5.34375,HIGH,1,0.8123000264167786,6P58RRG7+R7R4,1235.2,233.4,False
06b5000000000022b959,9.734375,HIGH,1,0.7297999858856201,6P58RR59+PC85,1235.3,187.1,False
06b5000000000015e4dd,3.96875,LOW,1,0.6801999807357788,6P58RR58+XR59,1235.4,30.7,False
06b5000000000025005e,5.15625,HIGH,1,0.8048999905586243,6P58RR76+QVC7,1235.4,84.6,False
06b500000000003ae226,6.8984375,HIGH,1,0.8108000159263611,6P58RR59+JPQM,1235.4,86.0,False
06b5000000000037b630,18.90625,HIGH,1,0.8174999952316284,6P58RR8M+Q374,1235.4,129.6,False
06b500000000002e763c,4.7421875,HIGH,1,0.8123000264167786,6P58RR6H+QVF2,1235.4,131.7,False
06b500000000002d7c9a,3.4296875,LOW,1,0.711899995803833,6P58RRF6+9FWW,1235.5,63.3,False
06b5000000000009695c,4.5703125,HIGH,1,0.8090999722480774,6P58RR6H+JPF5,1235.6,244.1,False
06b5000000000019e8b6,6.4140625,HIGH,1,0.8634999990463257,6P58RR6H+PRPC,1235.6,100.6,False
06b500000000002cebbd,24.609375,HIGH,1,0.9045000076293945,6P58RRG6+5QXW,1235.7,585.5,True
06b5000000000009f960,4.921875,HIGH,1,0.8632000088691711,6P58RRG7+J4C7,1235.8,97.4,False
06b50000000000067cfb,4.7734375,HIGH,1,0.8479999899864197,6P58RRC6+97F4,1235.9,154.0,False
06b500000000000861ad,4.734375,LOW,1,0.6948999762535095,6P58RR6G+3WM3,1236.1,34.0,False
06b5000000000017c53d,4.8359375,HIGH,1,0.7648000121116638,6P58RRF6+8F66,1236.2,245.9,False
06b500000000001bfd43,3.421875,LOW_RELAXED,1,0.6880000233650208,6P58RRGJ+GCXQ,1236.2,18.0,False
06b50000000000040d6f,8.3984375,HIGH,1,0.8440999984741211,6P58RRJG+9248,1236.3,775.7,True
06b5000000000019a68e,9.3984375,HIGH,1,0.6543999910354614,6P58RRJF+9V28,1236.4,39.0,False
06b50000000000060361,32.875,HIGH,1,0.9158999919891357,6P58RR5F+HQWM,1236.4,543.3,True
06b5000000000019c0e8,3.453125,MEDIUM,1,0.6779000163078308,6P58RR6H+88CQ,1236.6,10.6,False
06b500000000001c6d9f,8.5390625,HIGH,1,0.7559000253677368,6P58RR7J+56QF,1236.6,39.7,False
06b500000000003517bc,4.765625,MEDIUM,1,0.660099983215332,6P58RR5C+G7RQ,1236.6,25.5,False
06b5000000000017d13e,4.0859375,MEDIUM,1,0.6984999775886536,6P58RR58+WRXG,1236.8,34.3,False
06b50000000000265d30,17.5546875,HIGH,1,0.8219000101089478,6P58RRGJ+FGMX,1236.9,133.5,False
06b5000000000008cee0,,NO_HEIGHT,0,0.9017000198364258,6P58RR86+HF96,1237.0,197.6,False
06b5000000000020809a,6.1484375,MEDIUM,1,0.6811000108718872,6P58RRG7+P5X5,1237.3,35.3,False
06b50000000000115f50,5.515625,HIGH,1,0.8597000241279602,6P58RR76+XPQF,1237.3,101.6,False
06b500000000003da20f,4.6015625,HIGH,1,0.7972000241279602,6P58RRF6+CCHX,1237.3,490.0,True
06b500000000001d412d,6.578125,HIGH,1,0.836899995803833,6P58RRC6+W85G,1237.3,198.4,False
06b50000000000059215,8.7578125,HIGH,1,0.8066999912261963,6P58RRJC+F8GR,1237.4,169.3,False
06b5000000000016b348,12.0078125,HIGH,1,0.8032000064849854,6P58RRJ9+9JVX,1237.4,716.6,True
06b5000000000036cac6,5.671875,HIGH,1,0.703499972820282,6P58RRG7+M498,1237.4,21.6,False
06b500000000001a9c6b,5.2578125,HIGH,1,0.7289000153541565,6P58RR5C+G7RC,1237.6,25.7,False
06b5000000000001e80e,3.3359375,MEDIUM,1,0.8070999979972839,6P58RRC6+F7GQ,1237.6,67.8,False
06b50000000000213a1a,3.1953125,HIGH,1,0.6809999942779541,6P58RR86+5MRF,1237.7,20.3,False
06b500000000002e5eff,6.8984375,HIGH,1,0.8596000075340271,6P58RRG7+P5P3,1237.7,76.8,False
06b500000000003b94fd,6.1796875,HIGH,1,0.8485000133514404,6P58RR59+HVVR,1237.7,81.7,False
06b5000000000005499a,5.796875,HIGH,1,0.7389000058174133,6P58RR6H+HMW7,1237.9,40.1,False
06b5000000000014ce94,5.78125,HIGH,1,0.8895999789237976,6P58RRFM+92H9,1238.0,191.8,False
06b50000000000054d86,5.484375,HIGH,1,0.7811999917030334,6P58RR76+WQJV,1238.0,138.3,False
06b50000000000238203,5.1640625,HIGH,1,0.8858000040054321,6P58RRG7+G2C7,1238.1,281.1,True
06b500000000001952e2,12.53125,HIGH,1,0.8831999897956848,6P58RR5F+HMM6,1238.1,321.1,False
06b5000000000034a56c,5.625,HIGH,1,0.8378000259399414,6P58RR76+JWP9,1238.1,109.4,False
06b50000000000018882,62.265625,LOW,1,0.7312999963760376,6P58RR67+MHGR,1238.2,581.7,True
06b500000000000f5cfa,3.7734375,LOW,1,0.6783999800682068,6P58RR6H+42X2,1238.2,30.8,False
06b500000000003f68dc,3.765625,HIGH,1,0.7473000288009644,6P58RR86+5J93,1238.3,261.2,False
06b500000000000d1fc7,8.5546875,HIGH,1,0.8075000047683716,6P58RRJ9+646G,1238.6,277.3,True
06b500000000000d92d0,7.1796875,HIGH,1,0.8151000142097473,6P58RR68+596V,1238.6,308.3,True
06b50000000000169717,6.4140625,HIGH,1,0.8169999718666077,6P58RR8M+J2P5,1238.6,60.7,False
06b50000000000389dea,13.265625,HIGH,1,0.8633999824523926,6P58RRH8+M344,1238.6,395.5,True
06b50000000000224224,7.9140625,HIGH,1,0.864300012588501,6P58RR7J+6823,1238.6,331.2,True
06b50000000000170c95,5.0703125,HIGH,1,0.8087999820709229,6P58RR6H+43XF,1238.7,142.8,False
06b500000000001014cf,4.9140625,HIGH,1,0.8138999938964844,6P58RR76+VQVG,1238.7,167.2,False
06b500000000003cc1ff,5.75,HIGH,1,0.6703000068664551,6P58RR5G+Q626,1239.0,22.0,False
06b50000000000210afc,12.515625,HIGH,1,0.788100004196167,6P58RRGJ+9HH9,1239.1,151.9,False
06b500000000002dbd86,5.5,HIGH,1,0.8136000037193298,6P58RR76+QV3C,1239.1,48.1,False
06b50000000000245271,4.4609375,MEDIUM,1,0.659600019454956,6P58RRG7+W84P,1239.2,10.8,False
06b5000000000030ae05,6.8203125,HIGH,1,0.9344000220298767,6P58RRJ8+8X78,1239.3,1325.4,True
06b500000000001468d2,6.046875,HIGH,1,0.7976999878883362,6P58RR68+3G5W,1239.4,191.2,True
06b500000000002573bd,5.0,HIGH,1,0.8116999864578247,6P58RRC6+P755,1239.5,375.2,False
06b500000000003ea27f,48.546875,HIGH,1,0.879800021648407,6P58RRJ9+78W6,1239.5,861.1,True
06b500000000000474e0,,NO_HEIGHT,0,0.7087000012397766,6P58RR86+QCP7,1239.5,44.0,False
06b500000000002d5a08,4.8359375,MEDIUM,1,0.7110000252723694,6P58RRGJ+2QF4,1239.6,21.0,False
06b500000000003d4daf,5.234375,LOW_RELAXED,1,0.8655999898910522,6P58RR7J+QM62,1239.6,56.4,False
06b5000000000018de1e,8.125,HIGH,1,0.8223999738693237,6P58RR5C+G3JG,1239.7,188.8,True
06b50000000000124d38,6.953125,HIGH,1,0.8845000267028809,6P58RR68+2HWW,1239.8,149.9,False
06b5000000000027d6ae,4.0625,HIGH,1,0.7156000137329102,6P58RRF6+HHRM,1239.9,21.1,False
06b5000000000038a48d,4.7265625,HIGH,1,0.7264999747276306,6P58RRJ9+53GP,1239.9,35.6,False
06b500000000000d5ce8,3.9296875,HIGH,1,0.8432999849319458,6P58RRC6+R83X,1240.0,154.0,False
06b500000000002e2068,6.859375,HIGH,1,0.7900999784469604,6P58RRGJ+5P7M,1240.0,218.5,False
06b500000000003ed35d,6.09375,HIGH,1,0.8064000010490417,6P58RRH8+Q8VX,1240.1,88.4,False
06b500000000002c8922,32.7890625,HIGH,1,0.7932999730110168,6P58RR5F+JRFH,1240.1,157.0,False
06b5000000000031358d,5.6171875,HIGH,1,0.8666999936103821,6P58RRH7+6HHR,1240.3,227.9,False
06b500000000003602d9,4.8828125,HIGH,1,0.6723999977111816,6P58RR76+VR6G,1240.4,15.9,False
06b500000000003c6162,4.8984375,HIGH,1,0.8604999780654907,6P58RRF6+39G7,1240.5,87.7,False
06b5000000000032c1ae,14.046875,HIGH,1,0.7002999782562256,6P58RR7J+565J,1240.5,50.2,False
06b500000000002b86bf,6.828125,HIGH,1,0.8223999738693237,6P58RRC6+87CH,1240.5,98.1,False
06b500000000000ca488,7.0625,HIGH,1,0.863099992275238,6P58RR59+HRVP,1240.8,136.7,False
06b500000000003ff8de,7.3203125,HIGH,1,0.8104000091552734,6P58RR59+R384,1240.9,110.0,False
06b500000000002048d9,3.6875,MEDIUM,1,0.8450999855995178,6P58RRH8+P6FR,1240.9,78.3,False
06b50000000000308e81,6.75,HIGH,1,0.8151000142097473,6P58RRG7+P49W,1240.9,154.7,False
06b5000000000024a58d,,NO_HEIGHT,0,0.8047999739646912,6P58RRJG+74QM,1241.0,24.4,False
06b5000000000014bcfe,4.8125,HIGH,1,0.8525999784469604,6P58RR59+HX93,1241.0,131.2,False
06b500000000001e8c4e,7.0078125,HIGH,1,0.819599986076355,6P58RR6H+66HC,1241.0,282.6,False
06b50000000000033c1d,4.2578125,HIGH,1,0.7409999966621399,6P58RR68+C274,1241.1,109.0,False
06b50000000000007c2f,7.0546875,HIGH,1,0.7283999919891357,6P58RR77+38W9,1241.1,14.5,False
06b5000000000019e88a,6.3828125,HIGH,1,0.8791000247001648,6P58RRHH+MCCR,1241.1,241.8,True
06b50000000000076742,7.84375,HIGH,1,0.7766000032424927,6P58RR59+JJQ6,1241.2,142.0,False
06b5000000000011c58c,4.6171875,HIGH,1,0.7710000276565552,6P58RR5G+P6G9,1241.2,332.0,True
06b500000000000ce5bc,4.6796875,MEDIUM,1,0.6542999744415283,6P58RRG7+W883,1241.2,2.7,False
06b500000000003c9cee,5.53125,HIGH,1,0.878000020980835,6P58RRF6+59WX,1241.3,312.7,True
06b50000000000034079,21.359375,MEDIUM,1,0.7617999911308289,6P58RRJF+G293,1241.3,46.2,False
06b50000000000395353,23.6640625,HIGH,1,0.6571999788284302,6P58RR77+569W,1241.4,107.2,False
06b50000000000179403,8.71875,HIGH,1,0.7372999787330627,6P58RR59+M9WM,1241.4,190.1,False
06b500000000002402c4,3.765625,HIGH,1,0.8066999912261963,6P58RRJ8+4XVP,1241.6,81.4,False
06b5000000000032470a,5.1015625,HIGH,1,0.8011999726295471,6P58RR86+2MGQ,1241.6,241.3,True
06b500000000001bf8eb,4.953125,HIGH,1,0.8672999739646912,6P58RR6H+HM98,1241.6,222.3,True
06b500000000001fde8f,5.984375,LOW,1,0.6669999957084656,6P58RR86+GGJH,1241.6,9.2,False
06b500000000001a8202,6.46875,HIGH,1,0.7803999781608582,6P58RRG6+8VG4,1241.7,97.4,False
06b500000000000d9fab,5.7421875,HIGH,1,0.7903000116348267,6P58RR59+Q4XH,1241.8,54.2,False
06b5000000000034a759,5.4140625,HIGH,1,0.7781999707221985,6P58RR76+RQQC,1241.8,185.6,False
06b5000000000037ad3d,5.0859375,HIGH,1,0.6855999827384949,6P58RR6H+JP2C,1241.9,13.2,False
06b500000000001dbca8,5.5078125,HIGH,1,0.6837000250816345,6P58RRH8+P547,1241.9,36.7,False
06b50000000000031adf,5.7109375,HIGH,1,0.8255000114440918,6P58RRG7+W7Q5,1241.9,204.3,True
06b500000000001c4f3d,5.2109375,HIGH,1,0.7886999845504761,6P58RRF6+7CRG,1242.1,287.3,True
06b500000000001e817a,4.5625,HIGH,1,0.6876999735832214,6P58RR8M+H2WX,1242.1,42.0,False
06b50000000000135349,75.6484375,HIGH,1,0.8597999811172485,6P58RR9M+77W2,1242.2,1229.0,True
06b5000000000031fa5b,4.4453125,MEDIUM,1,0.6535000205039978,6P58RRG7+X9X3,1242.4,9.5,False
06b5000000000015a0c5,25.0,HIGH,1,0.8410999774932861,6P58RRG6+8R2M,1242.5,973.0,True
06b5000000000037666c,10.328125,HIGH,1,0.76419997215271,6P58RR77+396C,1242.5,10.8,False
06b500000000002ce479,5.609375,HIGH,1,0.6967999935150146,6P58RR59+MFQ6,1242.7,19.3,False
06b500000000000ebfa4,5.046875,HIGH,1,0.8632000088691711,6P58RR6H+786W,1242.9,168.3,False
06b50000000000002a4f,10.328125,HIGH,1,0.6542999744415283,6P58RR77+29RX,1243.1,11.5,False
06b50000000000330ab8,5.3984375,HIGH,1,0.8144999742507935,6P58RR6H+QW4M,1243.1,329.8,True
06b5000000000031117a,5.0859375,HIGH,1,0.7318000197410583,6P58RRF6+4982,1243.1,120.6,False
06b50000000000183a72,,NO_HEIGHT,0,0.8966000080108643,6P58RR86+M9H4,1243.2,808.6,True
06b5000000000029ff57,7.7890625,HIGH,1,0.7846999764442444,6P58RR5F+JV7R,1243.3,78.4,False
06b5000000000002746b,8.3359375,HIGH,1,0.7289999723434448,6P58RRGJ+2RJ3,1243.4,85.3,False
06b5000000000034df30,5.0703125,HIGH,1,0.8276000022888184,6P58RRC6+96XQ,1243.6,158.0,True
06b500000000003844b8,,NO_HEIGHT,0,0.6815999746322632,6P58RRJF+FF46,1243.7,9.4,False
06b500000000003bc65d,8.4453125,MEDIUM,1,0.6610000133514404,6P58RRJF+CQ45,1243.8,29.1,False
06b5000000000016f625,5.6796875,HIGH,1,0.7473000288009644,6P58RRH7+HXJ8,1243.9,127.8,True
06b5000000000026a9f5,5.7734375,HIGH,1,0.8147000074386597,6P58RR59+Q2X9,1243.9,300.7,True
06b500000000003d5f65,8.5,HIGH,1,0.8019000291824341,6P58RR59+HPWW,1244.0,255.7,False
06b500000000004014ea,6.53125,HIGH,1,0.7293000221252441,6P58RR8M+G293,1244.2,296.2,True
06b50000000000213c2b,6.375,MEDIUM,1,0.7820000052452087,6P58RRJC+F7V4,1244.3,38.3,False
06b500000000002938a9,7.765625,HIGH,1,0.7671999931335449,6P58RR59+MCQ7,1244.3,69.3,False
06b500000000001f7913,3.75,HIGH,1,0.7990000247955322,6P58RR6H+898P,1244.4,134.4,False
06b500000000000b9337,6.203125,HIGH,1,0.8295999765396118,6P58RR59+HW52,1244.4,193.8,False
06b500000000003ff916,16.078125,HIGH,1,0.9197999835014343,6P58RRGJ+CMJ6,1244.4,922.9,True
06b500000000001ab64e,6.5703125,HIGH,1,0.7440000176429749,6P58RR77+F23P,1244.5,54.5,False
06b500000000003c1b64,8.4765625,MEDIUM,1,0.7739999890327454,6P58RRF6+QH48,1244.5,96.6,False
06b500000000003739e4,5.2109375,HIGH,1,0.7279999852180481,6P58RR86+6JF8,1244.6,17.0,False
06b500000000003a4ea4,6.4609375,HIGH,1,0.8162000179290771,6P58RR58+VVM9,1244.6,110.6,True
06b500000000003e153e,5.828125,HIGH,1,0.802299976348877,6P58RR59+R2R6,1244.6,64.0,False
06b50000000000264a60,7.1015625,HIGH,1,0.7786999940872192,6P58RRC6+V824,1244.7,91.8,True
06b500000000002b7407,52.646484375,HIGH,1,0.923799991607666,6P58RR5F+98GM,1244.8,3142.1,True
06b500000000002d1535,13.4453125,HIGH,1,0.6696000099182129,6P58RRJ9+9G4W,1244.9,96.3,False
06b5000000000016e918,7.421875,HIGH,1,0.8090999722480774,6P58RRJC+HHX7,1245.1,671.7,True
06b500000000000abd80,8.6328125,HIGH,1,0.762499988079071,6P58RR58+XM9H,1245.1,126.2,True
06b500000000001c7e21,10.328125,HIGH,1,0.7753999829292297,6P58RR77+3922,1245.2,8.3,False
06b500000000002264c1,5.625,HIGH,1,0.8148999810218811,6P58RRG7+Q56G,1245.2,182.4,True
06b500000000000d8809,,NO_HEIGHT,0,0.6769000291824341,6P58RR9M+963X,1245.3,28.9,False
06b500000000002b80b3,5.3515625,HIGH,1,0.7900999784469604,6P58RR6H+MVRX,1245.5,184.4,True
06b500000000002351a9,8.59375,HIGH,1,0.6759999990463257,6P58RRH7+8PR6,1245.5,71.7,False
06b500000000003f36f6,6.2578125,LOW,1,0.6527000069618225,6P58RR77+84GW,1245.5,2.5,False
06b500000000001f3f26,7.234375,HIGH,1,0.7251999974250793,6P58RRJC+G83C,1245.6,62.3,False
06b500000000003b4d78,3.5390625,LOW,1,0.71670001745224,6P58RRC6+H78Q,1245.9,6.6,False
06b500000000003014d4,11.46875,HIGH,1,0.7091000080108643,6P58RRF6+VJW6,1246.1,181.7,True
06b5000000000017c4f3,4.71875,MEDIUM,1,0.8360999822616577,6P58RR6H+RXP9,1246.3,62.5,False
06b50000000000407e6b,7.3515625,HIGH,1,0.8781999945640564,6P58RRC6+76PP,1246.5,120.3,True
06b5000000000016bc81,5.515625,HIGH,1,0.9279000163078308,6P58RR6H+9F3W,1246.5,255.4,True
06b500000000002e0ac1,3.203125,LOW,1,0.7426000237464905,6P58RRH8+P6VX,1246.5,31.6,False
06b500000000003892e2,5.375,HIGH,1,0.6657000184059143,6P58RRC6+V8G7,1246.5,16.7,False
06b5000000000031e9c5,12.5,HIGH,1,0.8431000113487244,6P58RR68+578Q,1246.6,539.9,True
06b500000000002a9b18,7.703125,HIGH,1,0.8791999816894531,6P58RRJ8+5RPQ,1246.9,731.9,True
06b500000000000d46da,7.046875,HIGH,1,0.8598999977111816,6P58RR59+HV4R,1247.1,157.8,False
06b50000000000294b71,5.09375,HIGH,1,0.7143999934196472,6P58RR5G+M4R9,1247.1,27.3,False
06b500000000001b1bad,8.193793911007026,HIGH,1,0.8970999717712402,6P58RR67+9WR4,1247.3,1952.4,True
06b500000000003c3433,15.4375,HIGH,1,0.7085000276565552,6P58RR77+383W,1247.4,42.6,False
06b500000000002b5e25,8.390625,MEDIUM,1,0.7002000212669373,6P58RR77+56GC,1247.6,34.6,False
06b5000000000038fdff,4.4375,HIGH,1,0.8130999803543091,6P58RR6G+2WGF,1247.7,133.9,False
06b500000000003ff3d4,5.390625,HIGH,1,0.8339999914169312,6P58RRF6+FF67,1247.8,132.3,True
06b500000000001af519,35.890625,HIGH,1,0.7663999795913696,6P58RR67+VCX3,1247.8,199.7,True
06b50000000000231a00,8.4765625,HIGH,1,0.7908999919891357,6P58RR7J+69RX,1247.9,182.9,True
06b500000000001bd12a,14.7734375,HIGH,1,0.8263999819755554,6P58RR7J+476C,1247.9,98.7,True
06b5000000000026f61a,4.9296875,HIGH,1,0.6651999950408936,6P58RRH8+P5PF,1247.9,59.3,False
06b50000000000157fb7,16.0390625,HIGH,1,0.6789000034332275,6P58RR77+28X6,1248.1,17.0,False
06b500000000001de8e4,6.625,HIGH,1,0.8327000141143799,6P58RR68+3F58,1248.1,169.2,True
06b500000000001168df,4.6328125,HIGH,1,0.8040000200271606,6P58RRH7+6H6J,1248.2,57.7,True
06b5000000000009e9b2,6.21875,HIGH,1,0.8751000165939331,6P58RR59+P75Q,1248.2,132.3,True
06b500000000003b9d95,5.421875,HIGH,1,0.7028999924659729,6P58RRJ8+4Q82,1248.2,226.6,True
06b500000000003bbeac,4.296875,HIGH,1,0.7402999997138977,6P58RR59+MF7M,1248.4,33.6,False
06b5000000000009e233,5.9140625,HIGH,1,0.7286999821662903,6P58RRFM+83PP,1248.4,86.8,False
06b50000000000226501,6.671875,HIGH,1,0.7014999985694885,6P58RRH8+R8MW,1248.5,106.7,True
06b500000000003553c3,5.4375,HIGH,1,0.6705999970436096,6P58RR5G+P7XJ,1248.5,18.4,False
06b500000000003b5cb5,6.25,HIGH,1,0.670199990272522,6P58RR59+JHR7,1248.5,18.6,False
06b500000000003787b1,8.8046875,HIGH,1,0.8266000151634216,6P58RRJF+GFX6,1248.6,785.2,True
06b500000000004102f2,5.15625,HIGH,1,0.7901999950408936,6P58RR76+QR79,1248.8,44.0,False
06b5000000000015546d,6.4375,MEDIUM,1,0.755299985408783,6P58RR77+83HP,1248.9,33.0,True
06b500000000002013dd,5.0078125,HIGH,1,0.8220000267028809,6P58RRC6+Q7X2,1249.0,94.9,True
06b500000000002e30af,12.5625,HIGH,1,0.8508999943733215,6P58RR77+55CJ,1249.1,709.4,True
06b5000000000014f05f,8.234375,HIGH,1,0.6672000288963318,6P58RR5C+G473,1249.2,63.4,True
06b5000000000007e26d,3.9375,LOW,1,0.8429999947547913,6P58RRJG+2V8W,1249.3,65.8,True
06b5000000000011b9b6,6.875,HIGH,1,0.8636999726295471,6P58RR76+JRQX,1249.4,437.7,True
06b500000000000b3648,8.3828125,HIGH,1,0.8403000235557556,6P58RRF6+RHH4,1249.4,93.8,True
06b500000000003a72e4,5.265625,HIGH,1,0.7821999788284302,6P58RRJF+G7G4,1249.5,120.6,True
06b5000000000013613d,4.8984375,HIGH,1,0.7710000276565552,6P58RRF6+38X8,1249.6,197.6,True
06b50000000000198b6a,5.265625,HIGH,1,0.8105000257492065,6P58RRC6+V7WM,1249.7,430.4,True
06b500000000000644fd,5.796875,HIGH,1,0.8743000030517578,6P58RRH7+29R8,1249.8,193.6,True
06b500000000002403cc,6.6875,HIGH,1,0.8532999753952026,6P58RRJ8+5QH8,1249.9,350.9,True
06b500000000003795c0,6.2890625,HIGH,1,0.7617999911308289,6P58RR76+RPXH,1249.9,209.6,True
06b5000000000001d477,3.78125,HIGH,1,0.8252999782562256,6P58RR6H+5577,1250.0,59.1,False
06b5000000000024a807,4.9453125,HIGH,1,0.7712000012397766,6P58RRC6+C6FH,1250.0,148.1,True
06b500000000000ec7bd,4.1875,LOW,1,0.7541000247001648,6P58RRJG+77JG,1250.0,27.5,False
06b5000000000040d740,8.40625,HIGH,1,0.8102999925613403,6P58RRJC+G538,1250.1,128.0,False
06b500000000003d51a9,9.265625,HIGH,1,0.7871999740600586,6P58RRH8+P443,1250.1,35.5,False
06b500000000002b730f,7.859375,HIGH,1,0.8378000259399414,6P58RRG7+W65V,1250.2,232.3,True
06b50000000000062464,,NO_HEIGHT,0,0.7524999976158142,6P58RR9M+Q79P,1250.3,34.8,True
06b5000000000039b540,7.84375,HIGH,1,0.7138000130653381,6P58RR58+VRQJ,1250.3,96.5,True
06b500000000003711c7,5.5625,HIGH,1,0.7376999855041504,6P58RR6H+8C83,1250.4,223.7,True
06b500000000000a0f95,44.484375,HIGH,1,0.734000027179718,6P58RRHH+V4JX,1250.5,49.5,True
06b500000000003d7565,5.84375,HIGH,1,0.7850000262260437,6P58RRF6+C976,1250.6,452.4,True
06b500000000001d55a1,8.897342289719626,HIGH,1,0.8561999797821045,6P58RR5G+QJ84,1250.6,1647.7,True
06b5000000000012e955,4.875,HIGH,1,0.7716000080108643,6P58RRF6+GFJQ,1250.6,290.1,True
06b50000000000090350,6.6953125,HIGH,1,0.7577999830245972,6P58RR8M+G3R7,1250.6,74.2,True
06b5000000000008b848,3.125,LOW_RELAXED,1,0.7540000081062317,6P58RRH7+5GM3,1250.7,30.8,False
06b500000000001e4584,6.6875,HIGH,1,0.8256000280380249,6P58RR59+HR4X,1250.7,56.4,False
06b500000000000baf61,6.8046875,HIGH,1,0.8309999704360962,6P58RRGJ+8MJ7,1250.7,54.0,True
06b50000000000075a34,18.4609375,HIGH,1,0.6747999787330627,6P58RR77+28HR,1250.8,18.1,False
06b50000000000127e31,12.4921875,LOW_RELAXED,1,0.828000009059906,6P58RR9M+C726,1250.8,34.6,False
06b5000000000010fbfa,4.8671875,MEDIUM,1,0.7019000053405762,6P58RR8J+6WFG,1250.8,12.1,False
06b500000000001225fc,13.546875,HIGH,1,0.9104999899864197,6P58RR7J+9FM7,1250.8,206.7,True
06b500000000002a6cbc,,NO_HEIGHT,0,0.7207000255584717,6P58RRFJ+MXM2,1250.9,9.3,False
06b500000000001f59a7,7.65625,HIGH,1,0.823199987411499,6P58RR59+HMRJ,1250.9,64.8,True
06b500000000001d5d49,8.0390625,HIGH,1,0.7501999735832214,6P58RR8M+92RG,1251.0,105.6,True
06b500000000001ba574,5.84375,HIGH,1,0.7907999753952026,6P58RRH8+P5CV,1251.1,57.0,True
06b500000000002420c9,13.015625000000002,HIGH,1,0.8427000045776367,6P58RRJC+H544,1251.1,959.0,True
06b50000000000133a3e,6.046875,HIGH,1,0.8256999850273132,6P58RR58+QXW4,1251.2,407.3,True
06b500000000002f01b1,4.609375,HIGH,1,0.7603999972343445,6P58RR86+3JR3,1251.3,324.1,True
06b5000000000009fcf4,6.0625,HIGH,1,0.7993999719619751,6P58RRC6+R7G9,1251.4,92.1,True
06b5000000000011b8a0,5.421875,HIGH,1,0.8628000020980835,6P58RR6H+793M,1251.4,306.6,True
06b5000000000015143f,2.890625,HIGH,1,0.7436000108718872,6P58RR8M+M486,1251.4,314.1,True
06b5000000000012c33c,6.0078125,HIGH,1,0.6765000224113464,6P58RRGJ+Q8PX,1251.5,32.6,False
06b50000000000376c35,5.7109375,HIGH,1,0.6765000224113464,6P58RRC6+8672,1251.6,81.1,True
06b5000000000021cf8a,5.21875,HIGH,1,0.7853000164031982,6P58RR59+HR3R,1251.8,58.5,True
06b5000000000033a2b3,5.5859375,HIGH,1,0.8048999905586243,6P58RR6H+45C9,1251.9,248.1,True
06b50000000000182e5e,6.09296875,HIGH,1,0.8927000164985657,6P58RRJF+MV2P,1252.0,4787.5,True
06b500000000003e4075,,NO_HEIGHT,0,0.699999988079071,6P58RR86+V969,1252.2,64.6,True
06b50000000000031f7b,5.9296875,HIGH,1,0.7152000069618225,6P58RRF6+69M7,1252.2,93.2,True
06b500000000003a919e,3.5,HIGH,1,0.8285999894142151,6P58RRG7+H2R2,1252.2,145.2,True
06b5000000000036e7b6,6.0078125,HIGH,1,0.6905999779701233,6P58RRH7+7H9G,1252.4,30.4,False
06b500000000000692e1,6.1171875,HIGH,1,0.7605999708175659,6P58RR5C+F4W7,1252.5,87.1,True
06b5000000000016bf38,4.7890625,HIGH,1,0.8608999848365784,6P58RR5G+P82W,1252.7,235.3,True
06b500000000000a2c9c,8.4765625,HIGH,1,0.8565000295639038,6P58RRF6+VH5C,1252.8,96.0,True
06b5000000000003b6c5,25.8515625,MEDIUM,1,0.7540000081062317,6P58RR77+46HH,1252.8,13.9,False
06b500000000002843f7,9.109375,HIGH,1,0.7587000131607056,6P58RR59+HJWJ,1252.8,72.1,True
06b500000000001f88b1,5.8671875,HIGH,1,0.7968000173568726,6P58RRJ9+FXQP,1252.9,59.8,True
06b500000000003df7c8,5.984375,HIGH,1,0.8611999750137329,6P58RRF6+2824,1252.9,244.6,True
06b500000000003d7124,,NO_HEIGHT,0,0.7407000064849854,6P58RRJC+G347,1252.9,53.3,True
06b5000000000020099c,2.296875,LOW,1,0.7016000151634216,6P58RRJG+69XR,1253.0,34.3,True
06b500000000003b2482,7.3515625,HIGH,1,0.7321000099182129,6P58RR68+3F2H,1253.0,174.3,True
06b5000000000001b488,5.515625,MEDIUM,1,0.651199996471405,6P58RR76+FXHC,1253.1,12.7,False
06b5000000000015fa29,14.5,HIGH,1,0.671500027179718,6P58RRHH+W38G,1253.2,45.7,True
06b5000000000009cb98,,NO_HEIGHT,0,0.9128999710083008,6P58RR86+Q9JQ,1253.3,247.1,True
06b50000000000062164,9.28125,HIGH,1,0.8497999906539917,6P58RR8M+922X,1253.4,130.3,True
06b5000000000037e65c,4.8046875,HIGH,1,0.732200026512146,6P58RRJ8+5VV5,1253.5,189.5,True
06b50000000000320fb8,5.53125,HIGH,1,0.7986000180244446,6P58RRGJ+5QCW,1253.5,139.1,True
06b50000000000019b92,14.625,HIGH,1,0.7932999730110168,6P58RRGJ+FJHW,1253.7,225.7,True
06b500000000003c7c23,4.296875,HIGH,1,0.7792999744415283,6P58RR76+WP34,1253.8,73.6,True
06b500000000001b1669,3.0859375,LOW,1,0.8532999753952026,6P58RR5G+QFWF,1253.8,41.2,True
06b500000000003754e2,5.921875,HIGH,1,0.8252999782562256,6P58RR58+XHXP,1253.8,74.2,True
06b500000000000fa831,13.5703125,LOW,1,0.8159999847412109,6P58RRGJ+GGPG,1253.9,26.9,False
06b500000000001efe11,5.8125,HIGH,1,0.8794999718666077,6P58RRC6+P68W,1254.1,410.9,True
06b5000000000032b4bf,37.71875,HIGH,1,0.7207000255584717,6P58RR8M+R57V,1254.1,95.7,True
06b500000000003f3670,4.1328125,MEDIUM,1,0.6951000094413757,6P58RR6G+2XPR,1254.1,29.8,False
06b500000000002b744c,10.296875,HIGH,1,0.8105999827384949,6P58RR5C+G339,1254.2,53.4,True
06b5000000000026dd5b,6.7265625,HIGH,1,0.8352000117301941,6P58RR76+PR73,1254.2,106.8,True
06b500000000000d7d6c,6.3203125,HIGH,1,0.7861999869346619,6P58RRG7+P3HQ,1254.3,121.8,True
06b500000000000f7f41,5.625,HIGH,1,0.8998000025749207,6P58RR5G+J5R7,1254.4,411.0,True
06b50000000000154265,4.7734375,HIGH,1,0.7269999980926514,6P58RR59+JCVJ,1254.4,80.2,True
06b50000000000123edf,5.5625,HIGH,1,0.7688000202178955,6P58RRC6+86MP,1254.4,42.0,True
06b5000000000019ffd3,2.3828125,LOW_RELAXED,1,0.7900999784469604,6P58RRH7+5FH3,1254.5,24.5,True
06b5000000000004fbc5,7.59375,HIGH,1,0.8353999853134155,6P58RR59+HHWH,1254.7,151.9,True
06b500000000002345b7,5.171875,HIGH,1,0.8550999760627747,6P58RRF6+79MP,1254.8,228.8,True
06b500000000001f80d2,5.703125,HIGH,1,0.7059999704360962,6P58RRFM+84FG,1254.9,69.3,True
06b5000000000029ad8b,5.9765625,HIGH,1,0.8417999744415283,6P58RR76+QP8V,1255.0,785.4,True
06b50000000000078e0c,5.0390625,HIGH,1,0.8600999712944031,6P58RRG7+R45M,1255.2,195.2,True
06b5000000000015a596,4.7265625,HIGH,1,0.6850000023841858,6P58RRH8+Q6M7,1255.2,29.0,True
06b5000000000002b700,43.9609375,HIGH,1,0.6764000058174133,6P58RR5C+CP93,1255.4,549.8,True
06b500000000001e98f8,7.40625,HIGH,1,0.7210999727249146,6P58RR76+MRHH,1255.4,31.8,True
06b500000000003a3d9a,31.984375,HIGH,1,0.6865000128746033,6P58RR77+37J5,1255.5,31.5,True
06b5000000000022ec2e,6.59375,HIGH,1,0.7207000255584717,6P58RRFM+55C9,1255.5,123.8,True
06b500000000001f789d,5.8984375,HIGH,1,0.6528000235557556,6P58RR77+835M,1255.7,26.1,True
06b5000000000018ad90,5.8671875,HIGH,1,0.7541999816894531,6P58RRH8+P4F6,1255.8,72.0,True
06b500000000004098ce,3.96875,LOW,1,0.7074000239372253,6P58RR76+XMPC,1255.8,31.1,True
06b500000000001df70b,7.2578125,HIGH,1,0.7930999994277954,6P58RR7J+693R,1255.8,130.5,True
06b50000000000337986,4.6328125,HIGH,1,0.8942999839782715,6P58RRH7+28F2,1255.9,283.2,True
06b5000000000037e90d,8.1796875,HIGH,1,0.6672000288963318,6P58RR5C+F2VV,1256.0,80.7,True
06b50000000000201c0b,5.4453125,MEDIUM,1,0.6535999774932861,6P58RR76+VPP5,1256.0,7.2,False
06b50000000000210d15,5.3203125,HIGH,1,0.7781000137329102,6P58RRG7+Q43V,1256.0,66.5,True
06b500000000000e2a81,10.1328125,HIGH,1,0.7142999768257141,6P58RRJ9+CHF5,1256.0,182.7,True
06b5000000000011f4ec,14.7578125,HIGH,1,0.8210999965667725,6P58RRGJ+FHW8,1256.1,63.3,True
06b500000000001e25b2,8.8671875,HIGH,1,0.8920000195503235,6P58RR5F+GMF4,1256.2,248.7,True
06b5000000000017d0e0,4.21875,HIGH,1,0.6565999984741211,6P58RRG7+J3RJ,1256.3,13.7,True
06b50000000000173fd4,4.4140625,HIGH,1,0.819100022315979,6P58RR6H+JR5F,1256.4,215.4,True
06b500000000000672a2,6.9296875,HIGH,1,0.8133999705314636,6P58RR59+GV7V,1256.4,190.0,True
06b5000000000017f3bf,17.375,HIGH,1,0.8133999705314636,6P58RR6J+W4G2,1256.6,101.5,True
06b50000000000384668,6.2734375,HIGH,1,0.7867000102996826,6P58RR58+VQ8H,1256.6,264.3,True
06b50000000000137962,4.296875,HIGH,1,0.7109000086784363,6P58RR6H+4428,1256.7,27.0,True
06b50000000000285255,35.5390625,HIGH,1,0.6647999882698059,6P58RR77+37F3,1256.8,27.2,True
06b50000000000066e71,6.703125,HIGH,1,0.8352000117301941,6P58RR68+2H25,1256.9,79.7,True
06b50000000000046cd0,6.953125,HIGH,1,0.816100001335144,6P58RR76+GWJR,1256.9,116.4,True
06b50000000000117e11,16.796875,HIGH,1,0.8621000051498413,6P58RR7J+CH7J,1256.9,672.7,True
06b5000000000027f91c,7.59375,HIGH,1,0.7670000195503235,6P58RR68+3CPG,1257.0,27.5,True
06b5000000000029ab9a,5.7578125,HIGH,1,0.8216000199317932,6P58RR59+M8J6,1257.0,49.4,True
06b50000000000202bce,9.5,HIGH,1,0.8733000159263611,6P58RRJG+5J9Q,1257.1,106.8,True
06b500000000000edca4,5.6328125,HIGH,1,0.741599977016449,6P58RRJ9+62GX,1257.3,20.8,True
06b5000000000035bc09,4.9765625,HIGH,1,0.7052000164985657,6P58RRJ9+732P,1257.4,154.0,True
06b50000000000054fd9,,NO_HEIGHT,0,0.7289000153541565,6P58RR86+R9JM,1257.5,22.1,True
06b50000000000244e6a,6.171875,HIGH,1,0.9312000274658203,6P58RRH7+6F25,1257.7,309.5,True
06b500000000001df23e,5.375,HIGH,1,0.7524999976158142,6P58RR5F+HVMC,1257.8,22.8,True
06b500000000000afd48,4.7109375,HIGH,1,0.8442000150680542,6P58RRC6+758Q,1257.9,122.1,True
06b50000000000075b8a,3.4375,HIGH,1,0.8482000231742859,6P58RRG6+HX6M,1257.9,177.9,True
06b50000000000303e50,9.5703125,HIGH,1,0.7246999740600586,6P58RRJF+GCVC,1257.9,104.7,True
06b5000000000020c295,4.4765625,HIGH,1,0.676800012588501,6P58RRC6+96FR,1258.0,20.0,True
06b500000000001304cc,5.1484375,HIGH,1,0.8467000126838684,6P58RRF6+38R5,1258.0,216.9,True
06b5000000000033d574,6.3359375,HIGH,1,0.7357000112533569,6P58RRH7+CP23,1258.1,50.5,True
06b500000000003d2376,8.734375,HIGH,1,0.7998999953269958,6P58RRF6+RHC4,1258.1,105.9,True
06b5000000000035f07b,6.3984375,HIGH,1,0.6651999950408936,6P58RR6H+34CJ,1258.1,59.5,True
06b5000000000031f21e,7.890625,HIGH,1,0.8112999796867371,6P58RR59+M6RP,1258.2,126.4,True
06b50000000000094b21,4.8046875,HIGH,1,0.7545999884605408,6P58RR58+WJW9,1258.3,92.7,True
06b5000000000036fcf4,7.984375,HIGH,1,0.7584999799728394,6P58RR8J+8X9F,1258.4,27.6,True
06b5000000000001dd2a,6.21875,HIGH,1,0.6909999847412109,6P58RR59+GX76,1258.5,37.0,True
06b500000000001675a3,5.2578125,HIGH,1,0.8579999804496765,6P58RR8M+G3XJ,1258.5,87.7,True
06b50000000000269f12,5.15625,HIGH,1,0.8084999918937683,6P58RRC6+F55P,1258.6,157.9,True
06b5000000000003738a,7.7734375,HIGH,1,0.7091000080108643,6P58RRG7+W7VV,1258.6,39.8,True
06b500000000000e4c8a,5.1171875,HIGH,1,0.7226999998092651,6P58RRH7+7HP8,1258.6,26.7,True
06b50000000000287edd,15.984375,HIGH,1,0.7468000054359436,6P58RR5F+CCV3,1258.7,194.3,True
06b5000000000008fe86,5.8984375,HIGH,1,0.6610000133514404,6P58RR77+73WP,1258.7,37.6,True
06b5000000000023b0fb,4.15625,HIGH,1,0.8288999795913696,6P58RRF6+58W4,1258.8,163.0,True
06b50000000000400c4f,5.4140625,LOW,1,0.6919000148773193,6P58RRH7+GVJ4,1258.9,28.8,True
06b500000000002926d2,6.5703125,HIGH,1,0.6611999869346619,6P58RR58+RVVM,1258.9,41.2,True
06b500000000002cf3b0,8.765625,HIGH,1,0.8485999703407288,6P58RRFM+455R,1258.9,76.5,True
06b500000000001e49d6,3.9140625,LOW,1,0.65829998254776,6P58RR76+XMR8,1259.0,42.2,True
06b50000000000380260,6.125,HIGH,1,0.7652000188827515,6P58RR96+H6M3,1259.2,38.9,True
06b50000000000359f63,5.78125,HIGH,1,0.6978999972343445,6P58RR96+H63V,1259.2,38.7,True
06b50000000000288384,8.671875,HIGH,1,0.9508000016212463,6P58RRH7+HRHM,1259.2,517.5,True
06b50000000000047c9b,4.3828125,HIGH,1,0.6777999997138977,6P58RR86+2JH7,1259.2,37.6,True
06b50000000000130b59,4.6484375,MEDIUM,1,0.7229999899864197,6P58RRJ8+6X63,1259.2,154.3,True
06b50000000000152f36,6.0390625,HIGH,1,0.7645999789237976,6P58RR96+G6CJ,1259.2,198.7,True
06b50000000000345491,5.8828125,MEDIUM,1,0.7405999898910522,6P58RR96+J636,1259.2,33.0,True
06b500000000001d537e,11.609375,HIGH,1,0.7890999913215637,6P58RR5C+F3HC,1259.2,96.2,True
06b500000000002c004d,14.2734375,HIGH,1,0.8130999803543091,6P58RRJ9+FC35,1259.3,972.8,True
06b500000000001c1013,4.4296875,HIGH,1,0.8238000273704529,6P58RR58+QWP4,1259.5,154.8,True
06b500000000002b77cf,6.046875,HIGH,1,0.8192999958992004,6P58RRJ9+73HG,1259.6,139.7,True
06b500000000001dcad7,2.546875,HIGH,1,0.7878999710083008,6P58RRG7+M2H3,1259.6,42.1,True
06b50000000000267acd,8.1640625,HIGH,1,0.8181999921798706,6P58RRGJ+9MQQ,1259.7,114.9,True
06b50000000000407bf7,3.484375,HIGH,1,0.7670000195503235,6P58RR96+M6RM,1259.7,33.3,True
06b50000000000289fdd,6.453125,HIGH,1,0.7976999878883362,6P58RR59+P58Q,1259.7,38.4,True
06b5000000000027d746,7.7734375,HIGH,1,0.8474000096321106,6P58RRCM+X6V5,1259.7,140.6,True
06b50000000000208bb0,23.8046875,HIGH,1,0.840399980545044,6P58RR7J+8FH9,1259.8,285.8,True
06b5000000000025656d,5.6484375,MEDIUM,1,0.6861000061035156,6P58RRJ9+GX4Q,1259.8,31.4,True
06b50000000000292dc0,6.3984375,HIGH,1,0.6607000231742859,6P58RRH8+R6F9,1259.9,68.2,True
06b5000000000024344e,6.65625,HIGH,1,0.8057000041007996,6P58RR59+GR74,1260.0,166.0,True
06b500000000000f2949,12.32421875,HIGH,1,0.8421000242233276,6P58RRJG+7HQ9,1260.0,1381.2,True
06b500000000003da77e,3.8125,HIGH,1,0.8003000020980835,6P58RR6H+MWC3,1260.0,212.5,True
06b50000000000044700,3.171875,HIGH,1,0.6987000107765198,6P58RR59+J8XW,1260.1,95.0,True
06b500000000003c788d,18.359375,MEDIUM,1,0.6840000152587891,6P58RR7J+8FVP,1260.1,22.8,True
06b5000000000020534f,3.5078125,HIGH,1,0.7258999943733215,6P58RR76+WM5F,1260.2,60.5,True
06b500000000003eeb78,4.5,HIGH,1,0.6585000157356262,6P58RR6H+PW74,1260.2,22.8,True
06b5000000000009f445,4.9453125,HIGH,1,0.804099977016449,6P58RR76+RPVR,1260.3,111.0,True
06b5000000000017a2d5,5.375,HIGH,1,0.794700026512146,6P58RRG7+X7P9,1260.4,36.5,True
06b500000000000bf917,7.8046875,MEDIUM,1,0.7042999863624573,6P58RR59+GW4P,1260.4,50.6,True
06b500000000002424c1,4.6953125,HIGH,1,0.6510000228881836,6P58RRC6+96RV,1260.9,30.7,True
06b500000000001dc7fb,6.453125,HIGH,1,0.6949999928474426,6P58RRJG+C324,1261.2,80.4,True
06b500000000003e2855,4.359375,HIGH,1,0.7699999809265137,6P58RRF6+QGC5,1261.4,240.4,True
